cow_id,name,breed,age_years,parity,days_in_milk,baseline_yield_liters,milk_yield_liters,yield_drop_pct,ec_lf,ec_rf,ec_lh,ec_rh,max_ec,ec_variance,scc,body_temp_c,milk_ph,udder_swelling,kicking_behavior,subclinical_quarter,risk_level,financial_loss_inr,recommended_action,phytotherapy_recipe
COW-1000,Gauri,Gir,2.7,3,137,15.3,12.5,18.6,6.76,4.87,4.92,5.03,6.76,1.89,354769,38.8,6.87,1,0,LF,MEDIUM,8929,Subclinical warning in LF quarter. Apply ICAR herbal paste 3x daily for 5 days. Strip affected quarter completely.,ICAR Formulation: 250g Aloe Vera + 50g Pure Turmeric + 15g Edible Lime (Chuna) ground into paste.
COW-1001,Sita,Murrah Buffalo,8.2,1,93,16.2,15.6,3.9,4.73,4.54,4.47,4.47,4.73,0.26,183306,38.5,6.57,0,0,None,LOW,0,"Routine milking, clean dry udder cloth, post-milking dip (0.5% povidone iodine).",No medication needed. Maintain clean bedding and nutrition.
COW-1002,Kalyani,Murrah Buffalo,6.7,1,247,15.2,8.1,46.7,6.53,6.73,6.89,6.57,6.89,0.36,1468602,40.0,7.33,2,1,RH,HIGH,32100,Urgent: Acute clinical mastitis! Isolate animal immediately. Call government veterinary officer (1962). Administer prescribed veterinary therapy.,Immediate veterinary antibiotic injection + anti-inflammatory + frequent cold water fanning and stripping.
COW-1003,Gauri,Sahiwal,7.9,1,131,19.2,19.2,0.0,4.87,4.67,4.73,4.82,4.87,0.2,113780,38.4,6.59,0,0,None,LOW,0,"Routine milking, clean dry udder cloth, post-milking dip (0.5% povidone iodine).",No medication needed. Maintain clean bedding and nutrition.
COW-1004,Tulsi,HF Cross,7.0,5,99,22.3,21.9,2.0,4.71,4.9,4.83,4.69,4.9,0.21,69627,38.4,6.52,0,0,None,LOW,0,"Routine milking, clean dry udder cloth, post-milking dip (0.5% povidone iodine).",No medication needed. Maintain clean bedding and nutrition.
COW-1005,Nandini,Red Sindhi,7.9,1,129,14.9,12.7,14.7,4.75,4.97,4.95,6.69,6.69,1.94,256438,38.5,6.94,1,0,RH,MEDIUM,7187,Subclinical warning in RH quarter. Apply ICAR herbal paste 3x daily for 5 days. Strip affected quarter completely.,ICAR Formulation: 250g Aloe Vera + 50g Pure Turmeric + 15g Edible Lime (Chuna) ground into paste.
COW-1006,Ganga,Sahiwal,7.7,5,146,18.5,18.4,0.7,4.81,5.0,4.74,4.85,5.0,0.26,122097,38.5,6.49,0,0,None,LOW,0,"Routine milking, clean dry udder cloth, post-milking dip (0.5% povidone iodine).",No medication needed. Maintain clean bedding and nutrition.
COW-1007,Bhavani,Gir,8.5,2,93,18.8,18.7,0.6,4.5,4.69,4.55,4.68,4.69,0.19,133882,38.3,6.6,0,0,None,LOW,0,"Routine milking, clean dry udder cloth, post-milking dip (0.5% povidone iodine).",No medication needed. Maintain clean bedding and nutrition.
COW-1008,Kalyani,Gir,7.3,1,286,18.5,15.5,16.0,4.74,4.74,6.22,4.87,6.22,1.48,299581,38.6,6.97,0,0,LH,MEDIUM,8882,Subclinical warning in LH quarter. Apply ICAR herbal paste 3x daily for 5 days. Strip affected quarter completely.,ICAR Formulation: 250g Aloe Vera + 50g Pure Turmeric + 15g Edible Lime (Chuna) ground into paste.
COW-1009,Gauri,Murrah Buffalo,8.4,5,113,12.9,11.2,12.9,7.01,4.88,4.96,5.15,7.01,2.13,319055,38.5,6.89,0,0,LF,MEDIUM,6190,Subclinical warning in LF quarter. Apply ICAR herbal paste 3x daily for 5 days. Strip affected quarter completely.,ICAR Formulation: 250g Aloe Vera + 50g Pure Turmeric + 15g Edible Lime (Chuna) ground into paste.
COW-1010,Tulsi,Tharparkar,8.2,5,76,10.8,10.8,0.0,4.76,4.94,4.81,4.74,4.94,0.2,87270,38.5,6.46,0,0,None,LOW,0,"Routine milking, clean dry udder cloth, post-milking dip (0.5% povidone iodine).",No medication needed. Maintain clean bedding and nutrition.
COW-1011,Yamuna,Red Sindhi,7.6,2,171,12.4,10.8,12.8,4.92,4.81,6.71,4.87,6.71,1.9,333780,39.0,6.83,0,0,LH,MEDIUM,6125,Subclinical warning in LH quarter. Apply ICAR herbal paste 3x daily for 5 days. Strip affected quarter completely.,ICAR Formulation: 250g Aloe Vera + 50g Pure Turmeric + 15g Edible Lime (Chuna) ground into paste.
COW-1012,Tulsi,HF Cross,2.9,1,28,24.9,24.8,0.4,4.69,4.56,4.53,4.77,4.77,0.24,125952,38.4,6.49,0,0,None,LOW,0,"Routine milking, clean dry udder cloth, post-milking dip (0.5% povidone iodine).",No medication needed. Maintain clean bedding and nutrition.
COW-1013,Sita,Rathi,5.8,4,220,11.1,11.1,0.0,4.74,4.75,4.83,4.81,4.83,0.09,113877,38.7,6.6,0,0,None,LOW,0,"Routine milking, clean dry udder cloth, post-milking dip (0.5% povidone iodine).",No medication needed. Maintain clean bedding and nutrition.
COW-1014,Gauri,Gir,2.9,6,185,18.8,18.3,2.4,4.63,4.51,4.52,4.6,4.63,0.12,141342,38.4,6.54,0,0,None,LOW,0,"Routine milking, clean dry udder cloth, post-milking dip (0.5% povidone iodine).",No medication needed. Maintain clean bedding and nutrition.
COW-1015,Kalyani,Gir,5.6,5,62,14.3,7.5,47.5,8.69,8.65,8.24,8.43,8.69,0.45,1560849,40.6,7.12,2,2,LF,HIGH,32710,Urgent: Acute clinical mastitis! Isolate animal immediately. Call government veterinary officer (1962). Administer prescribed veterinary therapy.,Immediate veterinary antibiotic injection + anti-inflammatory + frequent cold water fanning and stripping.
COW-1016,Ganga,Tharparkar,2.5,4,147,15.6,13.5,13.6,5.05,5.06,6.27,4.98,6.27,1.29,298355,38.9,6.9,0,0,LH,MEDIUM,7791,Subclinical warning in LH quarter. Apply ICAR herbal paste 3x daily for 5 days. Strip affected quarter completely.,ICAR Formulation: 250g Aloe Vera + 50g Pure Turmeric + 15g Edible Lime (Chuna) ground into paste.
COW-1017,Nandini,Gir,2.9,4,269,19.5,19.5,0.0,4.54,4.64,4.4,4.4,4.64,0.24,113228,38.5,6.51,0,0,None,LOW,0,"Routine milking, clean dry udder cloth, post-milking dip (0.5% povidone iodine).",No medication needed. Maintain clean bedding and nutrition.
COW-1018,Kalyani,Sahiwal,5.3,5,138,17.5,17.0,3.0,4.6,4.57,4.49,4.48,4.6,0.12,158438,38.8,6.58,0,0,None,LOW,0,"Routine milking, clean dry udder cloth, post-milking dip (0.5% povidone iodine).",No medication needed. Maintain clean bedding and nutrition.
COW-1019,Gauri,HF Cross,4.7,3,214,19.0,16.9,10.9,4.93,4.73,4.85,7.05,7.05,2.32,345314,38.6,6.85,0,1,RH,MEDIUM,5586,Subclinical warning in RH quarter. Apply ICAR herbal paste 3x daily for 5 days. Strip affected quarter completely.,ICAR Formulation: 250g Aloe Vera + 50g Pure Turmeric + 15g Edible Lime (Chuna) ground into paste.
COW-1020,Devi,Murrah Buffalo,8.7,2,201,13.7,13.7,0.0,4.77,4.97,4.92,4.83,4.97,0.2,183831,38.5,6.67,0,0,None,LOW,0,"Routine milking, clean dry udder cloth, post-milking dip (0.5% povidone iodine).",No medication needed. Maintain clean bedding and nutrition.
COW-1021,Gauri,Red Sindhi,6.4,6,65,15.6,15.4,1.6,4.45,4.59,4.5,4.6,4.6,0.15,158766,38.5,6.56,0,0,None,LOW,0,"Routine milking, clean dry udder cloth, post-milking dip (0.5% povidone iodine).",No medication needed. Maintain clean bedding and nutrition.
COW-1022,Tulsi,Murrah Buffalo,3.9,6,147,15.0,14.4,3.7,4.91,5.09,5.14,4.91,5.14,0.23,60435,38.5,6.6,0,0,None,LOW,0,"Routine milking, clean dry udder cloth, post-milking dip (0.5% povidone iodine).",No medication needed. Maintain clean bedding and nutrition.
COW-1023,Nandini,Red Sindhi,3.4,3,94,14.4,14.0,2.9,4.61,4.63,4.87,4.88,4.88,0.27,111860,38.3,6.55,0,0,None,LOW,0,"Routine milking, clean dry udder cloth, post-milking dip (0.5% povidone iodine).",No medication needed. Maintain clean bedding and nutrition.
COW-1024,Yamuna,Gir,8.3,5,87,16.6,16.3,1.6,4.85,4.86,4.58,4.68,4.86,0.28,141506,38.4,6.61,0,0,None,LOW,0,"Routine milking, clean dry udder cloth, post-milking dip (0.5% povidone iodine).",No medication needed. Maintain clean bedding and nutrition.
COW-1025,Gauri,Sahiwal,7.2,3,220,19.8,17.0,14.0,5.28,7.07,5.25,4.99,7.07,2.08,387805,38.6,6.79,1,0,RF,MEDIUM,6946,Subclinical warning in RF quarter. Apply ICAR herbal paste 3x daily for 5 days. Strip affected quarter completely.,ICAR Formulation: 250g Aloe Vera + 50g Pure Turmeric + 15g Edible Lime (Chuna) ground into paste.
COW-1026,Ganga,Red Sindhi,7.4,4,31,15.2,14.9,1.9,4.98,4.93,5.08,4.91,5.08,0.17,116276,38.2,6.6,0,0,None,LOW,0,"Routine milking, clean dry udder cloth, post-milking dip (0.5% povidone iodine).",No medication needed. Maintain clean bedding and nutrition.
COW-1027,Lakshmi,HF Cross,3.9,3,154,24.9,14.7,41.0,7.21,7.31,7.41,7.1,7.41,0.31,1201789,40.1,7.05,2,2,LH,HIGH,31425,Urgent: Acute clinical mastitis! Isolate animal immediately. Call government veterinary officer (1962). Administer prescribed veterinary therapy.,Immediate veterinary antibiotic injection + anti-inflammatory + frequent cold water fanning and stripping.
COW-1028,Sita,Murrah Buffalo,2.8,5,234,14.1,12.7,10.0,5.01,4.97,5.03,6.91,6.91,1.94,290554,38.7,6.76,0,1,RH,MEDIUM,5883,Subclinical warning in RH quarter. Apply ICAR herbal paste 3x daily for 5 days. Strip affected quarter completely.,ICAR Formulation: 250g Aloe Vera + 50g Pure Turmeric + 15g Edible Lime (Chuna) ground into paste.
COW-1029,Kamdhenu,HF Cross,8.9,5,172,23.3,22.9,1.8,5.04,5.09,4.99,5.1,5.1,0.11,124355,38.6,6.69,0,0,None,LOW,0,"Routine milking, clean dry udder cloth, post-milking dip (0.5% povidone iodine).",No medication needed. Maintain clean bedding and nutrition.
COW-1030,Yamuna,Sahiwal,3.8,6,206,18.1,5.9,67.5,7.58,7.84,7.52,7.46,7.84,0.38,1290142,40.2,7.05,2,2,Both Hind,HIGH,49368,Urgent: Acute clinical mastitis! Isolate animal immediately. Call government veterinary officer (1962). Administer prescribed veterinary therapy.,Immediate veterinary antibiotic injection + anti-inflammatory + frequent cold water fanning and stripping.
COW-1031,Kapila,Tharparkar,7.2,5,254,14.8,4.6,68.6,6.59,6.85,6.92,6.74,6.92,0.33,1190720,40.2,7.6,2,1,Both Front,HIGH,47385,Urgent: Acute clinical mastitis! Isolate animal immediately. Call government veterinary officer (1962). Administer prescribed veterinary therapy.,Immediate veterinary antibiotic injection + anti-inflammatory + frequent cold water fanning and stripping.
COW-1032,Meera,Red Sindhi,3.9,1,35,11.5,11.5,0.0,4.88,4.98,5.05,4.92,5.05,0.17,123267,38.6,6.58,0,0,None,LOW,0,"Routine milking, clean dry udder cloth, post-milking dip (0.5% povidone iodine).",No medication needed. Maintain clean bedding and nutrition.
COW-1033,Tulsi,Tharparkar,6.0,2,87,13.9,13.9,0.1,5.03,4.83,4.93,4.85,5.03,0.2,169998,38.7,6.63,0,0,None,LOW,0,"Routine milking, clean dry udder cloth, post-milking dip (0.5% povidone iodine).",No medication needed. Maintain clean bedding and nutrition.
COW-1034,Tulsi,Rathi,5.8,5,139,15.5,14.8,4.8,4.57,4.59,4.6,4.53,4.6,0.07,179097,38.2,6.62,0,0,None,LOW,0,"Routine milking, clean dry udder cloth, post-milking dip (0.5% povidone iodine).",No medication needed. Maintain clean bedding and nutrition.
COW-1035,Bhavani,Tharparkar,6.8,6,270,12.6,4.8,62.3,8.44,8.28,8.15,8.14,8.44,0.3,853312,40.0,7.26,2,2,RH,HIGH,43069,Urgent: Acute clinical mastitis! Isolate animal immediately. Call government veterinary officer (1962). Administer prescribed veterinary therapy.,Immediate veterinary antibiotic injection + anti-inflammatory + frequent cold water fanning and stripping.
COW-1036,Radha,Tharparkar,3.0,3,132,11.6,11.6,0.0,4.72,4.74,4.88,4.89,4.89,0.17,112378,38.2,6.58,0,0,None,LOW,0,"Routine milking, clean dry udder cloth, post-milking dip (0.5% povidone iodine).",No medication needed. Maintain clean bedding and nutrition.
COW-1037,Kamdhenu,Tharparkar,5.4,5,250,12.5,12.5,0.3,4.87,4.78,4.81,4.86,4.87,0.09,146575,38.3,6.67,0,0,None,LOW,0,"Routine milking, clean dry udder cloth, post-milking dip (0.5% povidone iodine).",No medication needed. Maintain clean bedding and nutrition.
COW-1038,Bhavani,Rathi,5.2,1,192,11.8,11.6,1.8,5.14,5.05,5.11,5.12,5.14,0.09,118727,38.7,6.51,0,0,None,LOW,0,"Routine milking, clean dry udder cloth, post-milking dip (0.5% povidone iodine).",No medication needed. Maintain clean bedding and nutrition.
COW-1039,Devi,Sahiwal,5.9,3,235,16.9,16.6,1.9,4.99,4.97,5.0,5.03,5.03,0.06,175749,38.2,6.59,0,0,None,LOW,0,"Routine milking, clean dry udder cloth, post-milking dip (0.5% povidone iodine).",No medication needed. Maintain clean bedding and nutrition.
COW-1040,Sita,Rathi,2.7,4,25,10.5,10.3,2.3,4.92,4.95,4.97,5.01,5.01,0.09,157363,38.3,6.5,0,0,None,LOW,0,"Routine milking, clean dry udder cloth, post-milking dip (0.5% povidone iodine).",No medication needed. Maintain clean bedding and nutrition.
COW-1041,Nandini,Red Sindhi,8.7,3,227,11.5,11.4,0.5,4.52,4.66,4.47,4.56,4.66,0.19,140394,38.6,6.6,0,0,None,LOW,0,"Routine milking, clean dry udder cloth, post-milking dip (0.5% povidone iodine).",No medication needed. Maintain clean bedding and nutrition.
COW-1042,Bhavani,HF Cross,2.8,1,138,19.6,18.8,4.3,4.48,4.64,4.61,4.51,4.64,0.16,138128,38.6,6.54,0,0,None,LOW,0,"Routine milking, clean dry udder cloth, post-milking dip (0.5% povidone iodine).",No medication needed. Maintain clean bedding and nutrition.
COW-1043,Tulsi,Murrah Buffalo,7.9,2,70,16.7,16.7,0.0,4.71,4.82,4.71,4.81,4.82,0.11,146584,38.3,6.62,0,0,None,LOW,0,"Routine milking, clean dry udder cloth, post-milking dip (0.5% povidone iodine).",No medication needed. Maintain clean bedding and nutrition.
COW-1044,Surabhi,Tharparkar,9.1,2,50,13.6,11.0,19.4,4.83,6.93,4.78,4.64,6.93,2.29,375095,39.1,6.75,1,1,RF,MEDIUM,9644,Subclinical warning in RF quarter. Apply ICAR herbal paste 3x daily for 5 days. Strip affected quarter completely.,ICAR Formulation: 250g Aloe Vera + 50g Pure Turmeric + 15g Edible Lime (Chuna) ground into paste.
COW-1045,Nandini,Gir,6.0,3,18,19.1,16.0,16.3,6.29,5.03,4.9,4.81,6.29,1.48,387436,38.9,6.89,1,1,LF,MEDIUM,8157,Subclinical warning in LF quarter. Apply ICAR herbal paste 3x daily for 5 days. Strip affected quarter completely.,ICAR Formulation: 250g Aloe Vera + 50g Pure Turmeric + 15g Edible Lime (Chuna) ground into paste.
COW-1046,Surabhi,Red Sindhi,7.6,3,177,15.1,12.7,15.9,6.38,4.91,4.86,4.89,6.38,1.52,452775,38.7,6.76,1,0,LF,MEDIUM,8063,Subclinical warning in LF quarter. Apply ICAR herbal paste 3x daily for 5 days. Strip affected quarter completely.,ICAR Formulation: 250g Aloe Vera + 50g Pure Turmeric + 15g Edible Lime (Chuna) ground into paste.
COW-1047,Meera,Murrah Buffalo,8.1,3,155,17.3,15.1,12.9,4.98,4.89,6.73,4.95,6.73,1.84,257733,38.6,6.81,1,1,LH,MEDIUM,6932,Subclinical warning in LH quarter. Apply ICAR herbal paste 3x daily for 5 days. Strip affected quarter completely.,ICAR Formulation: 250g Aloe Vera + 50g Pure Turmeric + 15g Edible Lime (Chuna) ground into paste.
COW-1048,Bhavani,Gir,3.2,2,219,18.2,17.9,1.5,4.84,4.86,4.83,4.92,4.92,0.09,141940,38.6,6.63,0,0,None,LOW,0,"Routine milking, clean dry udder cloth, post-milking dip (0.5% povidone iodine).",No medication needed. Maintain clean bedding and nutrition.
COW-1049,Nandini,Murrah Buffalo,7.4,3,168,13.5,13.2,2.4,4.5,4.63,4.69,4.52,4.69,0.19,180873,38.4,6.7,0,0,None,LOW,0,"Routine milking, clean dry udder cloth, post-milking dip (0.5% povidone iodine).",No medication needed. Maintain clean bedding and nutrition.
COW-1050,Meera,HF Cross,5.9,6,280,22.8,13.3,41.6,7.01,6.97,7.22,6.87,7.22,0.35,899994,39.8,7.32,2,1,RF,HIGH,37866,Urgent: Acute clinical mastitis! Isolate animal immediately. Call government veterinary officer (1962). Administer prescribed veterinary therapy.,Immediate veterinary antibiotic injection + anti-inflammatory + frequent cold water fanning and stripping.
COW-1051,Radha,HF Cross,9.1,6,263,18.8,18.5,1.4,4.66,4.62,4.81,4.6,4.81,0.21,122178,38.6,6.61,0,0,None,LOW,0,"Routine milking, clean dry udder cloth, post-milking dip (0.5% povidone iodine).",No medication needed. Maintain clean bedding and nutrition.
COW-1052,Kalyani,Tharparkar,3.3,1,217,13.0,12.6,2.8,4.81,5.01,5.05,4.79,5.05,0.26,100362,38.2,6.55,0,0,None,LOW,0,"Routine milking, clean dry udder cloth, post-milking dip (0.5% povidone iodine).",No medication needed. Maintain clean bedding and nutrition.
COW-1053,Meera,Gir,6.4,4,127,18.7,18.3,2.1,4.98,5.07,5.02,5.07,5.07,0.09,137493,38.3,6.59,0,0,None,LOW,0,"Routine milking, clean dry udder cloth, post-milking dip (0.5% povidone iodine).",No medication needed. Maintain clean bedding and nutrition.
COW-1054,Lakshmi,Rathi,9.2,1,118,13.8,13.8,0.0,4.47,4.56,4.45,4.52,4.56,0.11,99064,38.5,6.58,0,0,None,LOW,0,"Routine milking, clean dry udder cloth, post-milking dip (0.5% povidone iodine).",No medication needed. Maintain clean bedding and nutrition.
COW-1055,Tulsi,Rathi,5.8,1,130,11.7,11.3,3.1,4.89,4.94,4.95,5.1,5.1,0.21,142522,38.6,6.64,0,0,None,LOW,0,"Routine milking, clean dry udder cloth, post-milking dip (0.5% povidone iodine).",No medication needed. Maintain clean bedding and nutrition.
COW-1056,Sita,HF Cross,8.1,2,229,18.9,18.5,2.3,4.52,4.48,4.46,4.68,4.68,0.22,81781,38.3,6.61,0,0,None,LOW,0,"Routine milking, clean dry udder cloth, post-milking dip (0.5% povidone iodine).",No medication needed. Maintain clean bedding and nutrition.
COW-1057,Sita,HF Cross,8.3,3,236,19.0,16.4,13.9,5.17,5.17,5.05,6.8,6.8,1.75,356053,39.3,6.87,1,0,RH,MEDIUM,6552,Subclinical warning in RH quarter. Apply ICAR herbal paste 3x daily for 5 days. Strip affected quarter completely.,ICAR Formulation: 250g Aloe Vera + 50g Pure Turmeric + 15g Edible Lime (Chuna) ground into paste.
COW-1058,Meera,HF Cross,8.4,5,22,26.0,20.3,22.0,5.07,4.89,6.47,4.97,6.47,1.58,399489,39.0,6.87,1,1,LH,MEDIUM,11184,Subclinical warning in LH quarter. Apply ICAR herbal paste 3x daily for 5 days. Strip affected quarter completely.,ICAR Formulation: 250g Aloe Vera + 50g Pure Turmeric + 15g Edible Lime (Chuna) ground into paste.
COW-1059,Kamdhenu,Tharparkar,4.9,3,176,14.0,8.2,41.3,7.32,7.42,7.26,7.48,7.48,0.22,1089655,40.5,7.13,2,1,LH,HIGH,33803,Urgent: Acute clinical mastitis! Isolate animal immediately. Call government veterinary officer (1962). Administer prescribed veterinary therapy.,Immediate veterinary antibiotic injection + anti-inflammatory + frequent cold water fanning and stripping.
COW-1060,Radha,Murrah Buffalo,3.3,4,275,16.9,16.1,5.0,5.01,4.89,5.03,5.06,5.06,0.17,121711,38.4,6.58,0,0,None,LOW,0,"Routine milking, clean dry udder cloth, post-milking dip (0.5% povidone iodine).",No medication needed. Maintain clean bedding and nutrition.
COW-1061,Kapila,HF Cross,5.6,1,116,20.1,19.9,0.8,4.79,4.67,4.53,4.71,4.79,0.26,64645,38.6,6.48,0,0,None,LOW,0,"Routine milking, clean dry udder cloth, post-milking dip (0.5% povidone iodine).",No medication needed. Maintain clean bedding and nutrition.
COW-1062,Bhavani,Sahiwal,7.5,3,19,17.3,17.2,0.4,5.22,5.08,4.98,5.19,5.22,0.24,168113,38.5,6.52,0,0,None,LOW,0,"Routine milking, clean dry udder cloth, post-milking dip (0.5% povidone iodine).",No medication needed. Maintain clean bedding and nutrition.
COW-1063,Kapila,HF Cross,4.5,6,151,21.3,21.0,1.6,4.77,4.68,4.69,4.81,4.81,0.13,153785,38.4,6.59,0,0,None,LOW,0,"Routine milking, clean dry udder cloth, post-milking dip (0.5% povidone iodine).",No medication needed. Maintain clean bedding and nutrition.
COW-1064,Tulsi,Sahiwal,8.5,3,224,16.0,14.1,11.8,5.05,5.05,6.8,5.26,6.8,1.75,274387,39.3,6.87,1,1,LH,MEDIUM,6310,Subclinical warning in LH quarter. Apply ICAR herbal paste 3x daily for 5 days. Strip affected quarter completely.,ICAR Formulation: 250g Aloe Vera + 50g Pure Turmeric + 15g Edible Lime (Chuna) ground into paste.
COW-1065,Yamuna,Red Sindhi,6.3,4,176,15.2,5.4,64.7,7.48,7.81,7.37,7.79,7.81,0.44,600000,40.3,7.15,2,2,RF,HIGH,46675,Urgent: Acute clinical mastitis! Isolate animal immediately. Call government veterinary officer (1962). Administer prescribed veterinary therapy.,Immediate veterinary antibiotic injection + anti-inflammatory + frequent cold water fanning and stripping.
COW-1066,Gauri,Red Sindhi,8.2,2,265,15.8,15.4,2.3,5.03,4.96,5.18,4.96,5.18,0.22,159835,38.3,6.57,0,0,None,LOW,0,"Routine milking, clean dry udder cloth, post-milking dip (0.5% povidone iodine).",No medication needed. Maintain clean bedding and nutrition.
COW-1067,Devi,Tharparkar,2.6,2,221,15.2,4.6,69.8,7.72,7.34,7.55,7.53,7.72,0.38,1503014,39.7,7.2,2,2,LF,HIGH,48088,Urgent: Acute clinical mastitis! Isolate animal immediately. Call government veterinary officer (1962). Administer prescribed veterinary therapy.,Immediate veterinary antibiotic injection + anti-inflammatory + frequent cold water fanning and stripping.
COW-1068,Gauri,HF Cross,8.7,4,289,18.3,17.9,2.1,5.0,5.03,4.95,4.86,5.03,0.17,113376,38.4,6.69,0,0,None,LOW,0,"Routine milking, clean dry udder cloth, post-milking dip (0.5% povidone iodine).",No medication needed. Maintain clean bedding and nutrition.
COW-1069,Kamdhenu,Red Sindhi,6.9,1,239,11.0,10.7,3.0,4.46,4.38,4.47,4.5,4.5,0.12,85869,38.7,6.7,0,0,None,LOW,0,"Routine milking, clean dry udder cloth, post-milking dip (0.5% povidone iodine).",No medication needed. Maintain clean bedding and nutrition.
COW-1070,Meera,Rathi,5.4,6,104,11.0,11.0,0.4,5.06,4.94,5.15,4.92,5.15,0.23,76822,38.4,6.66,0,0,None,LOW,0,"Routine milking, clean dry udder cloth, post-milking dip (0.5% povidone iodine).",No medication needed. Maintain clean bedding and nutrition.
COW-1071,Kapila,HF Cross,4.3,3,16,25.2,24.8,1.4,4.69,4.54,4.81,4.82,4.82,0.28,145533,38.7,6.52,0,0,None,LOW,0,"Routine milking, clean dry udder cloth, post-milking dip (0.5% povidone iodine).",No medication needed. Maintain clean bedding and nutrition.
COW-1072,Radha,HF Cross,9.2,6,140,21.7,21.7,0.0,5.21,4.98,5.06,5.06,5.21,0.23,50000,38.3,6.56,0,0,None,LOW,0,"Routine milking, clean dry udder cloth, post-milking dip (0.5% povidone iodine).",No medication needed. Maintain clean bedding and nutrition.
COW-1073,Radha,HF Cross,4.6,6,214,20.2,19.9,1.7,4.98,4.78,4.94,4.91,4.98,0.2,187134,38.2,6.55,0,0,None,LOW,0,"Routine milking, clean dry udder cloth, post-milking dip (0.5% povidone iodine).",No medication needed. Maintain clean bedding and nutrition.
COW-1074,Devi,Murrah Buffalo,7.9,2,192,13.3,13.1,1.5,4.73,4.73,4.7,4.54,4.73,0.19,180444,38.2,6.65,0,0,None,LOW,0,"Routine milking, clean dry udder cloth, post-milking dip (0.5% povidone iodine).",No medication needed. Maintain clean bedding and nutrition.
COW-1075,Kamdhenu,HF Cross,7.0,3,237,18.3,18.2,0.6,4.7,4.53,4.55,4.49,4.7,0.21,95647,38.6,6.59,0,0,None,LOW,0,"Routine milking, clean dry udder cloth, post-milking dip (0.5% povidone iodine).",No medication needed. Maintain clean bedding and nutrition.
COW-1076,Bhavani,Rathi,8.6,3,283,13.0,12.7,2.5,4.72,4.73,4.74,4.54,4.74,0.2,132443,38.4,6.59,0,0,None,LOW,0,"Routine milking, clean dry udder cloth, post-milking dip (0.5% povidone iodine).",No medication needed. Maintain clean bedding and nutrition.
COW-1077,Kalyani,Murrah Buffalo,8.1,4,50,12.8,4.1,67.7,8.24,8.23,8.13,7.87,8.24,0.37,1755105,39.7,7.57,2,1,Both Front,HIGH,46182,Urgent: Acute clinical mastitis! Isolate animal immediately. Call government veterinary officer (1962). Administer prescribed veterinary therapy.,Immediate veterinary antibiotic injection + anti-inflammatory + frequent cold water fanning and stripping.
COW-1078,Yamuna,Gir,5.7,6,146,17.5,15.3,12.7,4.67,4.61,6.87,4.77,6.87,2.26,210000,38.8,6.87,0,1,LH,MEDIUM,7807,Subclinical warning in LH quarter. Apply ICAR herbal paste 3x daily for 5 days. Strip affected quarter completely.,ICAR Formulation: 250g Aloe Vera + 50g Pure Turmeric + 15g Edible Lime (Chuna) ground into paste.
COW-1079,Tulsi,Murrah Buffalo,7.0,1,83,12.3,12.2,0.8,4.98,5.02,5.11,5.06,5.11,0.13,139834,38.4,6.57,0,0,None,LOW,0,"Routine milking, clean dry udder cloth, post-milking dip (0.5% povidone iodine).",No medication needed. Maintain clean bedding and nutrition.
COW-1080,Nandini,HF Cross,9.1,6,288,21.4,17.5,18.3,5.19,6.62,5.18,5.27,6.62,1.44,278744,39.0,6.85,0,1,RF,MEDIUM,8815,Subclinical warning in RF quarter. Apply ICAR herbal paste 3x daily for 5 days. Strip affected quarter completely.,ICAR Formulation: 250g Aloe Vera + 50g Pure Turmeric + 15g Edible Lime (Chuna) ground into paste.
COW-1081,Meera,Red Sindhi,5.0,6,200,13.3,7.6,43.2,6.49,6.9,6.89,6.82,6.9,0.41,957481,40.6,7.3,2,1,LH,HIGH,39383,Urgent: Acute clinical mastitis! Isolate animal immediately. Call government veterinary officer (1962). Administer prescribed veterinary therapy.,Immediate veterinary antibiotic injection + anti-inflammatory + frequent cold water fanning and stripping.
COW-1082,Lakshmi,Gir,8.0,2,76,18.7,18.6,0.7,5.01,5.02,5.09,4.92,5.09,0.17,158450,38.6,6.53,0,0,None,LOW,0,"Routine milking, clean dry udder cloth, post-milking dip (0.5% povidone iodine).",No medication needed. Maintain clean bedding and nutrition.
COW-1083,Bhavani,Sahiwal,8.0,5,13,15.7,7.5,52.5,7.76,7.35,7.8,7.36,7.8,0.45,1461552,40.4,7.25,2,1,RF,HIGH,43897,Urgent: Acute clinical mastitis! Isolate animal immediately. Call government veterinary officer (1962). Administer prescribed veterinary therapy.,Immediate veterinary antibiotic injection + anti-inflammatory + frequent cold water fanning and stripping.
COW-1084,Nandini,Gir,3.7,1,76,18.5,18.1,2.3,4.94,5.03,4.95,4.83,5.03,0.2,134106,38.8,6.54,0,0,None,LOW,0,"Routine milking, clean dry udder cloth, post-milking dip (0.5% povidone iodine).",No medication needed. Maintain clean bedding and nutrition.
COW-1085,Yamuna,Sahiwal,9.1,1,278,15.8,14.1,10.9,6.84,4.7,4.79,4.73,6.84,2.14,305846,38.7,6.91,0,1,LF,MEDIUM,6560,Subclinical warning in LF quarter. Apply ICAR herbal paste 3x daily for 5 days. Strip affected quarter completely.,ICAR Formulation: 250g Aloe Vera + 50g Pure Turmeric + 15g Edible Lime (Chuna) ground into paste.
COW-1086,Ganga,Gir,3.4,5,178,16.3,16.1,1.5,4.68,4.66,4.76,4.56,4.76,0.2,158889,38.7,6.66,0,0,None,LOW,0,"Routine milking, clean dry udder cloth, post-milking dip (0.5% povidone iodine).",No medication needed. Maintain clean bedding and nutrition.
COW-1087,Gauri,HF Cross,8.6,5,122,21.4,7.9,63.3,7.15,7.13,6.93,7.13,7.15,0.22,1438683,40.1,7.3,2,2,RH,HIGH,42150,Urgent: Acute clinical mastitis! Isolate animal immediately. Call government veterinary officer (1962). Administer prescribed veterinary therapy.,Immediate veterinary antibiotic injection + anti-inflammatory + frequent cold water fanning and stripping.
COW-1088,Gauri,Tharparkar,3.0,1,59,12.6,10.8,14.2,5.12,5.13,6.43,5.05,6.43,1.38,310889,38.8,6.87,1,0,LH,MEDIUM,8453,Subclinical warning in LH quarter. Apply ICAR herbal paste 3x daily for 5 days. Strip affected quarter completely.,ICAR Formulation: 250g Aloe Vera + 50g Pure Turmeric + 15g Edible Lime (Chuna) ground into paste.
COW-1089,Radha,Rathi,4.7,1,271,11.3,9.6,15.1,5.08,6.55,5.01,5.06,6.55,1.54,262724,39.3,6.74,0,1,RF,MEDIUM,6844,Subclinical warning in RF quarter. Apply ICAR herbal paste 3x daily for 5 days. Strip affected quarter completely.,ICAR Formulation: 250g Aloe Vera + 50g Pure Turmeric + 15g Edible Lime (Chuna) ground into paste.
COW-1090,Ganga,Murrah Buffalo,7.4,3,185,14.1,13.8,2.4,4.63,4.46,4.66,4.73,4.73,0.27,87503,38.7,6.63,0,0,None,LOW,0,"Routine milking, clean dry udder cloth, post-milking dip (0.5% povidone iodine).",No medication needed. Maintain clean bedding and nutrition.
COW-1091,Kamdhenu,HF Cross,6.2,4,226,21.6,21.3,1.6,4.63,4.82,4.72,4.8,4.82,0.19,151992,38.5,6.53,0,0,None,LOW,0,"Routine milking, clean dry udder cloth, post-milking dip (0.5% povidone iodine).",No medication needed. Maintain clean bedding and nutrition.
COW-1092,Ganga,Sahiwal,7.8,1,53,15.6,12.8,18.1,4.98,4.92,5.01,6.31,6.31,1.39,272598,39.0,6.81,1,1,RH,MEDIUM,7928,Subclinical warning in RH quarter. Apply ICAR herbal paste 3x daily for 5 days. Strip affected quarter completely.,ICAR Formulation: 250g Aloe Vera + 50g Pure Turmeric + 15g Edible Lime (Chuna) ground into paste.
COW-1093,Meera,Tharparkar,9.4,1,15,11.2,6.2,44.5,7.9,7.8,8.03,7.99,8.03,0.23,911075,40.1,7.31,2,1,RF,HIGH,38446,Urgent: Acute clinical mastitis! Isolate animal immediately. Call government veterinary officer (1962). Administer prescribed veterinary therapy.,Immediate veterinary antibiotic injection + anti-inflammatory + frequent cold water fanning and stripping.
COW-1094,Yamuna,Red Sindhi,7.2,3,48,12.4,10.5,15.0,4.84,4.82,4.73,6.62,6.62,1.89,280539,38.6,6.84,0,1,RH,MEDIUM,6792,Subclinical warning in RH quarter. Apply ICAR herbal paste 3x daily for 5 days. Strip affected quarter completely.,ICAR Formulation: 250g Aloe Vera + 50g Pure Turmeric + 15g Edible Lime (Chuna) ground into paste.
COW-1095,Nandini,Sahiwal,8.1,5,247,19.0,5.6,70.5,7.14,7.33,7.31,7.12,7.33,0.21,1285738,40.0,7.18,2,2,LF,HIGH,46880,Urgent: Acute clinical mastitis! Isolate animal immediately. Call government veterinary officer (1962). Administer prescribed veterinary therapy.,Immediate veterinary antibiotic injection + anti-inflammatory + frequent cold water fanning and stripping.
COW-1096,Nandini,Red Sindhi,3.7,5,70,13.2,13.1,0.4,4.92,5.1,5.01,4.86,5.1,0.24,138121,38.2,6.5,0,0,None,LOW,0,"Routine milking, clean dry udder cloth, post-milking dip (0.5% povidone iodine).",No medication needed. Maintain clean bedding and nutrition.
COW-1097,Kamdhenu,Sahiwal,4.3,2,90,18.6,14.8,20.6,5.21,7.06,5.19,5.2,7.06,1.87,305058,38.9,6.94,1,1,RF,MEDIUM,9019,Subclinical warning in RF quarter. Apply ICAR herbal paste 3x daily for 5 days. Strip affected quarter completely.,ICAR Formulation: 250g Aloe Vera + 50g Pure Turmeric + 15g Edible Lime (Chuna) ground into paste.
COW-1098,Kapila,Gir,5.8,6,167,18.8,18.8,0.0,4.58,4.7,4.57,4.67,4.7,0.13,160018,38.5,6.58,0,0,None,LOW,0,"Routine milking, clean dry udder cloth, post-milking dip (0.5% povidone iodine).",No medication needed. Maintain clean bedding and nutrition.
COW-1099,Radha,Gir,7.0,1,271,16.3,16.3,0.3,5.14,4.93,5.2,5.09,5.2,0.27,129352,38.4,6.6,0,0,None,LOW,0,"Routine milking, clean dry udder cloth, post-milking dip (0.5% povidone iodine).",No medication needed. Maintain clean bedding and nutrition.
COW-1100,Meera,Murrah Buffalo,6.7,5,89,17.7,17.3,2.1,5.09,5.13,4.86,5.03,5.13,0.27,148177,38.8,6.57,0,0,None,LOW,0,"Routine milking, clean dry udder cloth, post-milking dip (0.5% povidone iodine).",No medication needed. Maintain clean bedding and nutrition.
COW-1101,Lakshmi,Sahiwal,7.5,4,280,17.1,16.8,1.5,4.66,4.7,4.68,4.75,4.75,0.09,154155,38.4,6.59,0,0,None,LOW,0,"Routine milking, clean dry udder cloth, post-milking dip (0.5% povidone iodine).",No medication needed. Maintain clean bedding and nutrition.
COW-1102,Bhavani,HF Cross,7.0,1,180,18.8,15.4,18.0,4.93,4.97,6.11,4.72,6.11,1.39,326837,38.6,6.82,1,1,LH,MEDIUM,9781,Subclinical warning in LH quarter. Apply ICAR herbal paste 3x daily for 5 days. Strip affected quarter completely.,ICAR Formulation: 250g Aloe Vera + 50g Pure Turmeric + 15g Edible Lime (Chuna) ground into paste.
COW-1103,Gauri,HF Cross,7.1,2,55,20.5,19.5,4.7,5.07,5.03,5.07,5.05,5.07,0.04,147429,38.8,6.64,0,0,None,LOW,0,"Routine milking, clean dry udder cloth, post-milking dip (0.5% povidone iodine).",No medication needed. Maintain clean bedding and nutrition.
COW-1104,Gauri,Rathi,3.2,6,228,13.1,12.5,4.8,4.82,4.64,4.77,4.59,4.82,0.23,103142,38.7,6.59,0,0,None,LOW,0,"Routine milking, clean dry udder cloth, post-milking dip (0.5% povidone iodine).",No medication needed. Maintain clean bedding and nutrition.
COW-1105,Ganga,Sahiwal,3.0,1,271,18.6,15.2,18.3,6.41,5.07,5.06,4.93,6.41,1.48,263419,38.6,6.77,0,1,LF,MEDIUM,7994,Subclinical warning in LF quarter. Apply ICAR herbal paste 3x daily for 5 days. Strip affected quarter completely.,ICAR Formulation: 250g Aloe Vera + 50g Pure Turmeric + 15g Edible Lime (Chuna) ground into paste.
COW-1106,Surabhi,Murrah Buffalo,7.2,2,239,15.7,12.9,18.1,4.74,4.96,4.9,6.21,6.21,1.47,210000,38.7,6.76,1,1,RH,MEDIUM,9410,Subclinical warning in RH quarter. Apply ICAR herbal paste 3x daily for 5 days. Strip affected quarter completely.,ICAR Formulation: 250g Aloe Vera + 50g Pure Turmeric + 15g Edible Lime (Chuna) ground into paste.
COW-1107,Radha,Red Sindhi,5.2,5,226,15.8,13.2,16.2,5.0,7.05,5.1,5.27,7.05,2.05,330527,38.9,6.97,0,1,RF,MEDIUM,7341,Subclinical warning in RF quarter. Apply ICAR herbal paste 3x daily for 5 days. Strip affected quarter completely.,ICAR Formulation: 250g Aloe Vera + 50g Pure Turmeric + 15g Edible Lime (Chuna) ground into paste.
COW-1108,Bhavani,Sahiwal,4.4,5,87,19.0,18.6,2.2,5.14,5.16,5.18,5.02,5.18,0.16,163264,38.4,6.53,0,0,None,LOW,0,"Routine milking, clean dry udder cloth, post-milking dip (0.5% povidone iodine).",No medication needed. Maintain clean bedding and nutrition.
COW-1109,Surabhi,Rathi,5.1,4,53,12.2,12.1,0.8,5.16,5.1,5.15,4.95,5.16,0.21,83791,38.9,6.65,0,0,None,LOW,0,"Routine milking, clean dry udder cloth, post-milking dip (0.5% povidone iodine).",No medication needed. Maintain clean bedding and nutrition.
COW-1110,Radha,Red Sindhi,5.8,2,252,12.7,12.3,3.4,4.47,4.65,4.56,4.62,4.65,0.18,70040,38.8,6.57,0,0,None,LOW,0,"Routine milking, clean dry udder cloth, post-milking dip (0.5% povidone iodine).",No medication needed. Maintain clean bedding and nutrition.
COW-1111,Yamuna,Tharparkar,3.3,3,133,11.8,11.6,1.6,4.84,4.74,4.64,4.87,4.87,0.23,74195,38.4,6.58,0,0,None,LOW,0,"Routine milking, clean dry udder cloth, post-milking dip (0.5% povidone iodine).",No medication needed. Maintain clean bedding and nutrition.
COW-1112,Sita,Rathi,2.6,5,135,14.3,14.1,1.3,4.46,4.52,4.41,4.55,4.55,0.14,114247,38.6,6.52,0,0,None,LOW,0,"Routine milking, clean dry udder cloth, post-milking dip (0.5% povidone iodine).",No medication needed. Maintain clean bedding and nutrition.
COW-1113,Yamuna,Murrah Buffalo,3.0,5,290,15.0,5.1,66.2,6.76,6.27,6.47,6.46,6.76,0.49,1242103,40.4,7.36,2,2,Both Hind,HIGH,42206,Urgent: Acute clinical mastitis! Isolate animal immediately. Call government veterinary officer (1962). Administer prescribed veterinary therapy.,Immediate veterinary antibiotic injection + anti-inflammatory + frequent cold water fanning and stripping.
COW-1114,Nandini,Sahiwal,7.6,6,65,18.6,14.5,21.8,4.72,4.72,6.65,4.87,6.65,1.93,241275,38.5,6.92,1,0,LH,MEDIUM,10791,Subclinical warning in LH quarter. Apply ICAR herbal paste 3x daily for 5 days. Strip affected quarter completely.,ICAR Formulation: 250g Aloe Vera + 50g Pure Turmeric + 15g Edible Lime (Chuna) ground into paste.
COW-1115,Ganga,Gir,7.5,4,30,15.8,15.5,1.7,4.48,4.75,4.62,4.77,4.77,0.29,141630,38.4,6.67,0,0,None,LOW,0,"Routine milking, clean dry udder cloth, post-milking dip (0.5% povidone iodine).",No medication needed. Maintain clean bedding and nutrition.
COW-1116,Yamuna,Tharparkar,4.3,6,109,11.7,4.0,66.0,8.13,8.01,8.15,8.47,8.47,0.46,1612754,40.2,7.56,2,2,LF,HIGH,46554,Urgent: Acute clinical mastitis! Isolate animal immediately. Call government veterinary officer (1962). Administer prescribed veterinary therapy.,Immediate veterinary antibiotic injection + anti-inflammatory + frequent cold water fanning and stripping.
COW-1117,Ganga,Tharparkar,7.3,3,277,11.6,11.3,2.5,4.73,4.9,4.66,4.69,4.9,0.24,191436,38.5,6.64,0,0,None,LOW,0,"Routine milking, clean dry udder cloth, post-milking dip (0.5% povidone iodine).",No medication needed. Maintain clean bedding and nutrition.
COW-1118,Kamdhenu,Gir,4.8,3,168,16.7,14.5,13.3,5.0,7.24,5.16,5.0,7.24,2.24,415804,38.6,6.87,0,0,RF,MEDIUM,7529,Subclinical warning in RF quarter. Apply ICAR herbal paste 3x daily for 5 days. Strip affected quarter completely.,ICAR Formulation: 250g Aloe Vera + 50g Pure Turmeric + 15g Edible Lime (Chuna) ground into paste.
COW-1119,Gauri,Tharparkar,5.0,6,93,15.7,15.7,0.0,4.95,4.72,4.73,4.95,4.95,0.23,167044,38.2,6.51,0,0,None,LOW,0,"Routine milking, clean dry udder cloth, post-milking dip (0.5% povidone iodine).",No medication needed. Maintain clean bedding and nutrition.
COW-1120,Nandini,Murrah Buffalo,5.2,5,28,15.6,13.6,13.0,4.96,4.91,6.74,4.86,6.74,1.88,301141,39.0,6.94,0,0,LH,MEDIUM,7556,Subclinical warning in LH quarter. Apply ICAR herbal paste 3x daily for 5 days. Strip affected quarter completely.,ICAR Formulation: 250g Aloe Vera + 50g Pure Turmeric + 15g Edible Lime (Chuna) ground into paste.
COW-1121,Ganga,Tharparkar,6.1,5,72,11.6,11.6,0.0,4.92,4.7,4.89,4.77,4.92,0.22,132593,38.8,6.5,0,0,None,LOW,0,"Routine milking, clean dry udder cloth, post-milking dip (0.5% povidone iodine).",No medication needed. Maintain clean bedding and nutrition.
COW-1122,Kamdhenu,Sahiwal,8.5,4,100,19.4,19.4,0.0,4.61,4.66,4.5,4.51,4.66,0.16,128055,38.6,6.58,0,0,None,LOW,0,"Routine milking, clean dry udder cloth, post-milking dip (0.5% povidone iodine).",No medication needed. Maintain clean bedding and nutrition.
COW-1123,Kamdhenu,Rathi,6.3,3,92,14.3,7.4,48.3,6.77,6.68,7.14,7.02,7.14,0.46,1168807,39.7,7.35,2,2,Both Front,HIGH,32580,Urgent: Acute clinical mastitis! Isolate animal immediately. Call government veterinary officer (1962). Administer prescribed veterinary therapy.,Immediate veterinary antibiotic injection + anti-inflammatory + frequent cold water fanning and stripping.
COW-1124,Nandini,Rathi,6.5,4,78,13.7,13.7,0.0,4.84,4.75,4.69,4.77,4.84,0.15,142830,38.3,6.55,0,0,None,LOW,0,"Routine milking, clean dry udder cloth, post-milking dip (0.5% povidone iodine).",No medication needed. Maintain clean bedding and nutrition.
COW-1125,Kalyani,Rathi,3.0,3,49,12.7,10.7,16.0,4.86,4.78,6.09,4.84,6.09,1.31,315612,39.0,6.74,0,0,LH,MEDIUM,8161,Subclinical warning in LH quarter. Apply ICAR herbal paste 3x daily for 5 days. Strip affected quarter completely.,ICAR Formulation: 250g Aloe Vera + 50g Pure Turmeric + 15g Edible Lime (Chuna) ground into paste.
COW-1126,Ganga,Murrah Buffalo,3.7,3,127,14.1,7.0,50.6,8.04,8.27,8.22,7.97,8.27,0.3,1376416,40.0,7.13,2,1,LH,HIGH,41534,Urgent: Acute clinical mastitis! Isolate animal immediately. Call government veterinary officer (1962). Administer prescribed veterinary therapy.,Immediate veterinary antibiotic injection + anti-inflammatory + frequent cold water fanning and stripping.
COW-1127,Gauri,Sahiwal,6.6,5,90,15.0,12.5,16.9,5.14,5.22,6.96,4.98,6.96,1.98,312507,38.5,6.78,0,1,LH,MEDIUM,8680,Subclinical warning in LH quarter. Apply ICAR herbal paste 3x daily for 5 days. Strip affected quarter completely.,ICAR Formulation: 250g Aloe Vera + 50g Pure Turmeric + 15g Edible Lime (Chuna) ground into paste.
COW-1128,Gauri,Gir,6.0,6,160,17.9,17.8,0.5,4.74,4.62,4.63,4.7,4.74,0.12,88074,38.9,6.58,0,0,None,LOW,0,"Routine milking, clean dry udder cloth, post-milking dip (0.5% povidone iodine).",No medication needed. Maintain clean bedding and nutrition.
COW-1129,Ganga,Tharparkar,5.4,4,116,12.0,11.7,2.4,4.96,5.16,4.97,4.99,5.16,0.2,137489,38.5,6.57,0,0,None,LOW,0,"Routine milking, clean dry udder cloth, post-milking dip (0.5% povidone iodine).",No medication needed. Maintain clean bedding and nutrition.
COW-1130,Bhavani,Murrah Buffalo,6.1,1,175,13.5,13.4,1.1,4.66,4.63,4.9,4.88,4.9,0.27,156512,38.4,6.55,0,0,None,LOW,0,"Routine milking, clean dry udder cloth, post-milking dip (0.5% povidone iodine).",No medication needed. Maintain clean bedding and nutrition.
COW-1131,Surabhi,Sahiwal,9.2,2,179,19.6,15.4,21.3,5.08,6.3,5.08,5.02,6.3,1.28,210000,38.5,6.93,1,0,RF,MEDIUM,9395,Subclinical warning in RF quarter. Apply ICAR herbal paste 3x daily for 5 days. Strip affected quarter completely.,ICAR Formulation: 250g Aloe Vera + 50g Pure Turmeric + 15g Edible Lime (Chuna) ground into paste.
COW-1132,Sita,Murrah Buffalo,2.8,3,265,15.6,13.3,14.8,4.7,4.73,4.73,6.41,6.41,1.71,435147,38.7,6.87,0,1,RH,MEDIUM,6784,Subclinical warning in RH quarter. Apply ICAR herbal paste 3x daily for 5 days. Strip affected quarter completely.,ICAR Formulation: 250g Aloe Vera + 50g Pure Turmeric + 15g Edible Lime (Chuna) ground into paste.
COW-1133,Sita,Rathi,3.9,5,159,10.4,10.3,1.3,4.89,5.11,5.01,4.84,5.11,0.27,140893,38.9,6.65,0,0,None,LOW,0,"Routine milking, clean dry udder cloth, post-milking dip (0.5% povidone iodine).",No medication needed. Maintain clean bedding and nutrition.
COW-1134,Kamdhenu,Tharparkar,5.1,3,199,14.5,14.4,0.4,4.81,4.67,4.7,4.76,4.81,0.14,96556,38.2,6.59,0,0,None,LOW,0,"Routine milking, clean dry udder cloth, post-milking dip (0.5% povidone iodine).",No medication needed. Maintain clean bedding and nutrition.
COW-1135,Kapila,Rathi,5.7,5,275,10.8,3.3,69.0,7.12,6.97,6.7,6.73,7.12,0.42,702211,39.9,7.09,2,2,LH,HIGH,51722,Urgent: Acute clinical mastitis! Isolate animal immediately. Call government veterinary officer (1962). Administer prescribed veterinary therapy.,Immediate veterinary antibiotic injection + anti-inflammatory + frequent cold water fanning and stripping.
COW-1136,Radha,Tharparkar,8.2,3,181,14.0,7.1,49.3,7.35,7.34,7.19,7.17,7.35,0.18,1790499,40.6,7.25,2,1,Both Hind,HIGH,33491,Urgent: Acute clinical mastitis! Isolate animal immediately. Call government veterinary officer (1962). Administer prescribed veterinary therapy.,Immediate veterinary antibiotic injection + anti-inflammatory + frequent cold water fanning and stripping.
COW-1137,Sita,Tharparkar,3.7,6,206,10.9,9.5,12.4,6.6,4.89,4.97,4.96,6.6,1.71,423596,38.8,6.75,1,0,LF,MEDIUM,7285,Subclinical warning in LF quarter. Apply ICAR herbal paste 3x daily for 5 days. Strip affected quarter completely.,ICAR Formulation: 250g Aloe Vera + 50g Pure Turmeric + 15g Edible Lime (Chuna) ground into paste.
COW-1138,Ganga,Rathi,4.0,3,256,13.2,13.0,1.2,4.73,4.56,4.56,4.69,4.73,0.17,183309,38.6,6.52,0,0,None,LOW,0,"Routine milking, clean dry udder cloth, post-milking dip (0.5% povidone iodine).",No medication needed. Maintain clean bedding and nutrition.
COW-1139,Tulsi,HF Cross,7.0,6,147,22.9,21.9,4.4,4.67,4.57,4.79,4.59,4.79,0.22,99353,38.2,6.64,0,0,None,LOW,0,"Routine milking, clean dry udder cloth, post-milking dip (0.5% povidone iodine).",No medication needed. Maintain clean bedding and nutrition.
COW-1140,Radha,HF Cross,4.0,6,262,20.5,20.3,0.8,5.15,4.99,4.95,5.11,5.15,0.2,81050,38.6,6.54,0,0,None,LOW,0,"Routine milking, clean dry udder cloth, post-milking dip (0.5% povidone iodine).",No medication needed. Maintain clean bedding and nutrition.
COW-1141,Surabhi,Tharparkar,8.2,2,160,10.3,4.2,58.9,7.16,7.05,7.18,7.01,7.18,0.17,992662,39.9,7.26,2,2,LF,HIGH,39699,Urgent: Acute clinical mastitis! Isolate animal immediately. Call government veterinary officer (1962). Administer prescribed veterinary therapy.,Immediate veterinary antibiotic injection + anti-inflammatory + frequent cold water fanning and stripping.
COW-1142,Kamdhenu,Rathi,7.7,2,136,10.3,3.4,67.0,7.51,7.72,7.91,7.54,7.91,0.4,909167,40.3,7.24,2,1,RF,HIGH,50516,Urgent: Acute clinical mastitis! Isolate animal immediately. Call government veterinary officer (1962). Administer prescribed veterinary therapy.,Immediate veterinary antibiotic injection + anti-inflammatory + frequent cold water fanning and stripping.
COW-1143,Devi,Sahiwal,5.3,4,256,17.9,14.6,18.7,4.9,4.98,6.6,4.88,6.6,1.72,303273,38.6,6.77,0,0,LH,MEDIUM,8900,Subclinical warning in LH quarter. Apply ICAR herbal paste 3x daily for 5 days. Strip affected quarter completely.,ICAR Formulation: 250g Aloe Vera + 50g Pure Turmeric + 15g Edible Lime (Chuna) ground into paste.
COW-1144,Devi,Red Sindhi,3.7,1,215,14.7,14.5,1.6,5.06,4.89,4.81,4.89,5.06,0.25,156438,38.6,6.52,0,0,None,LOW,0,"Routine milking, clean dry udder cloth, post-milking dip (0.5% povidone iodine).",No medication needed. Maintain clean bedding and nutrition.
COW-1145,Sita,Gir,9.0,3,157,16.7,13.6,18.8,5.03,5.15,5.08,6.68,6.68,1.65,372597,38.5,6.86,1,0,RH,MEDIUM,8108,Subclinical warning in RH quarter. Apply ICAR herbal paste 3x daily for 5 days. Strip affected quarter completely.,ICAR Formulation: 250g Aloe Vera + 50g Pure Turmeric + 15g Edible Lime (Chuna) ground into paste.
COW-1146,Tulsi,Murrah Buffalo,8.0,5,110,13.1,7.2,44.9,8.16,7.91,8.26,7.96,8.26,0.35,968081,40.4,7.14,2,2,RH,HIGH,34514,Urgent: Acute clinical mastitis! Isolate animal immediately. Call government veterinary officer (1962). Administer prescribed veterinary therapy.,Immediate veterinary antibiotic injection + anti-inflammatory + frequent cold water fanning and stripping.
COW-1147,Lakshmi,Murrah Buffalo,5.2,4,148,17.7,17.4,1.9,4.79,4.98,4.99,4.8,4.99,0.2,66829,38.2,6.58,0,0,None,LOW,0,"Routine milking, clean dry udder cloth, post-milking dip (0.5% povidone iodine).",No medication needed. Maintain clean bedding and nutrition.
COW-1148,Kamdhenu,Tharparkar,4.6,4,269,15.5,4.1,73.5,7.96,8.14,7.8,7.71,8.14,0.43,883489,40.5,7.05,2,2,LH,HIGH,47259,Urgent: Acute clinical mastitis! Isolate animal immediately. Call government veterinary officer (1962). Administer prescribed veterinary therapy.,Immediate veterinary antibiotic injection + anti-inflammatory + frequent cold water fanning and stripping.
COW-1149,Kapila,HF Cross,9.4,3,224,23.6,7.6,67.6,8.3,8.26,8.21,8.16,8.3,0.14,1176872,39.7,7.15,2,2,Both Hind,HIGH,50453,Urgent: Acute clinical mastitis! Isolate animal immediately. Call government veterinary officer (1962). Administer prescribed veterinary therapy.,Immediate veterinary antibiotic injection + anti-inflammatory + frequent cold water fanning and stripping.
COW-1150,Tulsi,Murrah Buffalo,3.0,5,69,12.4,12.0,3.0,4.83,4.7,4.75,4.81,4.83,0.13,131658,38.3,6.56,0,0,None,LOW,0,"Routine milking, clean dry udder cloth, post-milking dip (0.5% povidone iodine).",No medication needed. Maintain clean bedding and nutrition.
COW-1151,Kamdhenu,HF Cross,3.9,5,262,18.7,18.3,2.3,4.97,4.99,4.97,4.85,4.99,0.14,109808,38.7,6.51,0,0,None,LOW,0,"Routine milking, clean dry udder cloth, post-milking dip (0.5% povidone iodine).",No medication needed. Maintain clean bedding and nutrition.
COW-1152,Kapila,HF Cross,8.1,6,23,21.2,18.9,10.8,4.85,7.12,4.86,5.14,7.12,2.27,420909,38.5,6.76,1,0,RF,MEDIUM,5867,Subclinical warning in RF quarter. Apply ICAR herbal paste 3x daily for 5 days. Strip affected quarter completely.,ICAR Formulation: 250g Aloe Vera + 50g Pure Turmeric + 15g Edible Lime (Chuna) ground into paste.
COW-1153,Surabhi,Sahiwal,7.9,6,227,16.2,6.7,58.9,8.48,8.16,8.35,8.34,8.48,0.32,1401975,40.1,7.31,2,2,RH,HIGH,39393,Urgent: Acute clinical mastitis! Isolate animal immediately. Call government veterinary officer (1962). Administer prescribed veterinary therapy.,Immediate veterinary antibiotic injection + anti-inflammatory + frequent cold water fanning and stripping.
COW-1154,Ganga,Rathi,5.3,2,126,15.0,13.2,11.9,5.0,4.91,6.59,4.85,6.59,1.74,277721,38.8,6.81,0,0,LH,MEDIUM,5730,Subclinical warning in LH quarter. Apply ICAR herbal paste 3x daily for 5 days. Strip affected quarter completely.,ICAR Formulation: 250g Aloe Vera + 50g Pure Turmeric + 15g Edible Lime (Chuna) ground into paste.
COW-1155,Bhavani,HF Cross,5.4,1,135,19.6,19.4,0.9,4.55,4.58,4.38,4.59,4.59,0.21,170872,38.6,6.6,0,0,None,LOW,0,"Routine milking, clean dry udder cloth, post-milking dip (0.5% povidone iodine).",No medication needed. Maintain clean bedding and nutrition.
COW-1156,Surabhi,Tharparkar,4.1,2,40,10.8,5.3,51.2,8.27,8.02,8.19,8.24,8.27,0.25,1029337,40.0,7.31,2,2,RF,HIGH,35947,Urgent: Acute clinical mastitis! Isolate animal immediately. Call government veterinary officer (1962). Administer prescribed veterinary therapy.,Immediate veterinary antibiotic injection + anti-inflammatory + frequent cold water fanning and stripping.
COW-1157,Gauri,Rathi,4.0,3,152,10.4,2.8,73.0,8.4,8.28,8.32,8.61,8.61,0.33,1052655,40.3,7.56,2,2,Both Front,HIGH,53092,Urgent: Acute clinical mastitis! Isolate animal immediately. Call government veterinary officer (1962). Administer prescribed veterinary therapy.,Immediate veterinary antibiotic injection + anti-inflammatory + frequent cold water fanning and stripping.
COW-1158,Nandini,HF Cross,5.4,2,165,21.0,17.8,15.0,4.74,4.93,4.71,6.08,6.08,1.37,380978,38.7,6.92,1,0,RH,MEDIUM,7545,Subclinical warning in RH quarter. Apply ICAR herbal paste 3x daily for 5 days. Strip affected quarter completely.,ICAR Formulation: 250g Aloe Vera + 50g Pure Turmeric + 15g Edible Lime (Chuna) ground into paste.
COW-1159,Meera,Murrah Buffalo,3.9,6,52,17.5,15.6,10.9,6.21,4.83,4.93,5.0,6.21,1.38,291434,38.5,6.74,0,1,LF,MEDIUM,5742,Subclinical warning in LF quarter. Apply ICAR herbal paste 3x daily for 5 days. Strip affected quarter completely.,ICAR Formulation: 250g Aloe Vera + 50g Pure Turmeric + 15g Edible Lime (Chuna) ground into paste.
COW-1160,Kalyani,Murrah Buffalo,4.6,1,120,17.6,8.1,53.9,8.15,8.24,8.11,8.12,8.24,0.13,600000,40.1,7.25,2,1,LF,HIGH,43995,Urgent: Acute clinical mastitis! Isolate animal immediately. Call government veterinary officer (1962). Administer prescribed veterinary therapy.,Immediate veterinary antibiotic injection + anti-inflammatory + frequent cold water fanning and stripping.
COW-1161,Nandini,Red Sindhi,4.5,4,285,13.9,13.5,2.7,4.83,4.71,4.81,4.78,4.83,0.12,188675,38.6,6.57,0,0,None,LOW,0,"Routine milking, clean dry udder cloth, post-milking dip (0.5% povidone iodine).",No medication needed. Maintain clean bedding and nutrition.
COW-1162,Bhavani,Red Sindhi,4.7,2,201,11.9,11.9,0.0,5.09,4.87,5.03,5.04,5.09,0.22,52610,38.5,6.63,0,0,None,LOW,0,"Routine milking, clean dry udder cloth, post-milking dip (0.5% povidone iodine).",No medication needed. Maintain clean bedding and nutrition.
COW-1163,Tulsi,Tharparkar,4.6,2,180,11.4,11.1,2.4,4.66,4.78,4.6,4.73,4.78,0.18,170031,38.6,6.56,0,0,None,LOW,0,"Routine milking, clean dry udder cloth, post-milking dip (0.5% povidone iodine).",No medication needed. Maintain clean bedding and nutrition.
COW-1164,Kapila,HF Cross,7.0,4,247,19.3,16.2,16.3,4.78,6.93,4.89,4.92,6.93,2.15,478948,38.8,6.84,0,0,RF,MEDIUM,8770,Subclinical warning in RF quarter. Apply ICAR herbal paste 3x daily for 5 days. Strip affected quarter completely.,ICAR Formulation: 250g Aloe Vera + 50g Pure Turmeric + 15g Edible Lime (Chuna) ground into paste.
COW-1165,Lakshmi,Tharparkar,3.5,6,130,10.4,10.4,0.2,4.62,4.5,4.67,4.76,4.76,0.26,113922,38.3,6.63,0,0,None,LOW,0,"Routine milking, clean dry udder cloth, post-milking dip (0.5% povidone iodine).",No medication needed. Maintain clean bedding and nutrition.
COW-1166,Devi,Tharparkar,7.1,1,15,13.2,12.9,2.0,4.58,4.52,4.45,4.51,4.58,0.13,132504,38.4,6.61,0,0,None,LOW,0,"Routine milking, clean dry udder cloth, post-milking dip (0.5% povidone iodine).",No medication needed. Maintain clean bedding and nutrition.
COW-1167,Tulsi,HF Cross,5.5,2,66,25.3,25.3,0.0,4.68,4.57,4.6,4.73,4.73,0.16,166313,38.4,6.56,0,0,None,LOW,0,"Routine milking, clean dry udder cloth, post-milking dip (0.5% povidone iodine).",No medication needed. Maintain clean bedding and nutrition.
COW-1168,Kamdhenu,Murrah Buffalo,9.2,4,136,17.9,17.9,0.1,5.01,4.96,5.02,4.99,5.02,0.06,114449,38.6,6.63,0,0,None,LOW,0,"Routine milking, clean dry udder cloth, post-milking dip (0.5% povidone iodine).",No medication needed. Maintain clean bedding and nutrition.
COW-1169,Kamdhenu,Tharparkar,5.2,5,255,10.3,9.9,4.3,4.6,4.58,4.69,4.62,4.69,0.11,160436,38.8,6.6,0,0,None,LOW,0,"Routine milking, clean dry udder cloth, post-milking dip (0.5% povidone iodine).",No medication needed. Maintain clean bedding and nutrition.
COW-1170,Kalyani,Gir,8.8,1,129,15.3,6.2,59.7,7.18,7.2,7.71,7.69,7.71,0.53,929173,39.7,7.05,2,1,Both Hind,HIGH,40788,Urgent: Acute clinical mastitis! Isolate animal immediately. Call government veterinary officer (1962). Administer prescribed veterinary therapy.,Immediate veterinary antibiotic injection + anti-inflammatory + frequent cold water fanning and stripping.
COW-1171,Devi,Red Sindhi,4.7,2,85,14.5,12.1,16.5,5.1,5.18,5.18,7.04,7.04,1.94,424723,39.0,6.82,1,0,RH,MEDIUM,8893,Subclinical warning in RH quarter. Apply ICAR herbal paste 3x daily for 5 days. Strip affected quarter completely.,ICAR Formulation: 250g Aloe Vera + 50g Pure Turmeric + 15g Edible Lime (Chuna) ground into paste.
COW-1172,Tulsi,HF Cross,3.0,6,189,18.4,18.1,1.7,4.96,5.08,5.14,4.97,5.14,0.18,139798,38.3,6.7,0,0,None,LOW,0,"Routine milking, clean dry udder cloth, post-milking dip (0.5% povidone iodine).",No medication needed. Maintain clean bedding and nutrition.
COW-1173,Bhavani,Murrah Buffalo,2.7,3,242,14.9,14.6,1.8,5.04,5.12,5.11,4.94,5.12,0.18,133828,38.6,6.61,0,0,None,LOW,0,"Routine milking, clean dry udder cloth, post-milking dip (0.5% povidone iodine).",No medication needed. Maintain clean bedding and nutrition.
COW-1174,Sita,Murrah Buffalo,8.1,6,49,12.5,12.1,3.5,4.97,5.0,4.87,4.81,5.0,0.19,102333,38.6,6.69,0,0,None,LOW,0,"Routine milking, clean dry udder cloth, post-milking dip (0.5% povidone iodine).",No medication needed. Maintain clean bedding and nutrition.
COW-1175,Lakshmi,Murrah Buffalo,5.6,3,64,12.8,12.6,1.3,4.79,4.74,4.63,4.73,4.79,0.16,185761,38.4,6.52,0,0,None,LOW,0,"Routine milking, clean dry udder cloth, post-milking dip (0.5% povidone iodine).",No medication needed. Maintain clean bedding and nutrition.
COW-1176,Kamdhenu,Rathi,6.7,3,209,10.1,9.7,3.8,5.03,4.99,5.12,4.89,5.12,0.23,131950,38.7,6.48,0,0,None,LOW,0,"Routine milking, clean dry udder cloth, post-milking dip (0.5% povidone iodine).",No medication needed. Maintain clean bedding and nutrition.
COW-1177,Yamuna,Sahiwal,7.3,2,83,15.6,15.6,0.0,4.49,4.52,4.53,4.67,4.67,0.18,124469,38.4,6.52,0,0,None,LOW,0,"Routine milking, clean dry udder cloth, post-milking dip (0.5% povidone iodine).",No medication needed. Maintain clean bedding and nutrition.
COW-1178,Nandini,Murrah Buffalo,9.1,6,265,15.6,15.6,0.0,4.51,4.7,4.51,4.6,4.7,0.19,158810,38.5,6.5,0,0,None,LOW,0,"Routine milking, clean dry udder cloth, post-milking dip (0.5% povidone iodine).",No medication needed. Maintain clean bedding and nutrition.
COW-1179,Bhavani,Red Sindhi,4.8,3,232,14.9,3.9,73.8,6.66,7.04,6.59,6.66,7.04,0.45,1082475,40.9,7.21,2,2,Both Hind,HIGH,49675,Urgent: Acute clinical mastitis! Isolate animal immediately. Call government veterinary officer (1962). Administer prescribed veterinary therapy.,Immediate veterinary antibiotic injection + anti-inflammatory + frequent cold water fanning and stripping.
COW-1180,Tulsi,HF Cross,6.9,5,136,20.6,20.6,0.0,4.93,5.1,4.88,5.12,5.12,0.24,77389,38.5,6.56,0,0,None,LOW,0,"Routine milking, clean dry udder cloth, post-milking dip (0.5% povidone iodine).",No medication needed. Maintain clean bedding and nutrition.
COW-1181,Ganga,HF Cross,7.9,1,248,25.5,24.4,4.3,5.08,4.85,5.08,5.07,5.08,0.23,128099,38.5,6.62,0,0,None,LOW,0,"Routine milking, clean dry udder cloth, post-milking dip (0.5% povidone iodine).",No medication needed. Maintain clean bedding and nutrition.
COW-1182,Gauri,Tharparkar,3.5,3,135,11.5,10.9,5.4,4.72,4.74,4.78,4.78,4.78,0.06,169429,38.4,6.51,0,0,None,LOW,0,"Routine milking, clean dry udder cloth, post-milking dip (0.5% povidone iodine).",No medication needed. Maintain clean bedding and nutrition.
COW-1183,Yamuna,Rathi,9.0,6,226,13.3,10.9,18.0,5.14,5.08,6.5,4.93,6.5,1.57,324145,38.8,6.82,0,0,LH,MEDIUM,8953,Subclinical warning in LH quarter. Apply ICAR herbal paste 3x daily for 5 days. Strip affected quarter completely.,ICAR Formulation: 250g Aloe Vera + 50g Pure Turmeric + 15g Edible Lime (Chuna) ground into paste.
COW-1184,Gauri,HF Cross,7.0,3,232,18.8,18.7,0.7,4.71,4.65,4.69,4.55,4.71,0.16,136932,38.5,6.55,0,0,None,LOW,0,"Routine milking, clean dry udder cloth, post-milking dip (0.5% povidone iodine).",No medication needed. Maintain clean bedding and nutrition.
COW-1185,Nandini,Tharparkar,5.7,6,268,10.9,6.0,45.0,6.66,6.99,6.48,6.97,6.99,0.51,1188536,40.0,7.14,2,2,RH,HIGH,36120,Urgent: Acute clinical mastitis! Isolate animal immediately. Call government veterinary officer (1962). Administer prescribed veterinary therapy.,Immediate veterinary antibiotic injection + anti-inflammatory + frequent cold water fanning and stripping.
COW-1186,Kapila,Red Sindhi,3.9,4,190,12.9,12.9,0.0,4.86,4.86,5.01,4.8,5.01,0.21,133725,38.4,6.67,0,0,None,LOW,0,"Routine milking, clean dry udder cloth, post-milking dip (0.5% povidone iodine).",No medication needed. Maintain clean bedding and nutrition.
COW-1187,Kalyani,Murrah Buffalo,7.0,6,96,17.6,15.5,12.2,4.93,6.81,4.96,5.07,6.81,1.88,396405,39.1,6.72,1,1,RF,MEDIUM,5829,Subclinical warning in RF quarter. Apply ICAR herbal paste 3x daily for 5 days. Strip affected quarter completely.,ICAR Formulation: 250g Aloe Vera + 50g Pure Turmeric + 15g Edible Lime (Chuna) ground into paste.
COW-1188,Tulsi,Rathi,8.7,4,231,12.3,10.5,14.4,4.9,6.58,4.86,4.93,6.58,1.72,296011,38.7,6.72,0,1,RF,MEDIUM,6773,Subclinical warning in RF quarter. Apply ICAR herbal paste 3x daily for 5 days. Strip affected quarter completely.,ICAR Formulation: 250g Aloe Vera + 50g Pure Turmeric + 15g Edible Lime (Chuna) ground into paste.
COW-1189,Radha,HF Cross,8.5,5,172,22.8,18.8,17.4,6.37,4.91,4.97,4.94,6.37,1.46,265552,38.5,6.96,0,0,LF,MEDIUM,8231,Subclinical warning in LF quarter. Apply ICAR herbal paste 3x daily for 5 days. Strip affected quarter completely.,ICAR Formulation: 250g Aloe Vera + 50g Pure Turmeric + 15g Edible Lime (Chuna) ground into paste.
COW-1190,Kamdhenu,Sahiwal,4.6,2,203,18.2,18.2,0.0,4.64,4.72,4.66,4.79,4.79,0.15,162748,38.8,6.62,0,0,None,LOW,0,"Routine milking, clean dry udder cloth, post-milking dip (0.5% povidone iodine).",No medication needed. Maintain clean bedding and nutrition.
COW-1191,Tulsi,HF Cross,9.0,2,97,21.9,21.3,2.6,4.67,4.55,4.65,4.54,4.67,0.13,111641,38.6,6.51,0,0,None,LOW,0,"Routine milking, clean dry udder cloth, post-milking dip (0.5% povidone iodine).",No medication needed. Maintain clean bedding and nutrition.
COW-1192,Ganga,Sahiwal,8.2,5,270,17.9,17.5,2.2,4.86,4.78,4.7,4.81,4.86,0.16,121588,38.4,6.62,0,0,None,LOW,0,"Routine milking, clean dry udder cloth, post-milking dip (0.5% povidone iodine).",No medication needed. Maintain clean bedding and nutrition.
COW-1193,Bhavani,Red Sindhi,4.0,1,152,11.3,11.0,2.4,4.99,5.05,4.97,4.97,5.05,0.08,117366,38.7,6.52,0,0,None,LOW,0,"Routine milking, clean dry udder cloth, post-milking dip (0.5% povidone iodine).",No medication needed. Maintain clean bedding and nutrition.
COW-1194,Sita,Gir,4.4,5,199,17.3,13.5,22.0,5.12,4.85,5.07,6.47,6.47,1.62,361517,38.7,6.85,1,1,RH,MEDIUM,9913,Subclinical warning in RH quarter. Apply ICAR herbal paste 3x daily for 5 days. Strip affected quarter completely.,ICAR Formulation: 250g Aloe Vera + 50g Pure Turmeric + 15g Edible Lime (Chuna) ground into paste.
COW-1195,Kalyani,Red Sindhi,3.1,1,133,11.3,9.1,19.7,5.16,5.11,7.14,5.22,7.14,2.03,232422,39.0,6.81,1,1,LH,MEDIUM,9617,Subclinical warning in LH quarter. Apply ICAR herbal paste 3x daily for 5 days. Strip affected quarter completely.,ICAR Formulation: 250g Aloe Vera + 50g Pure Turmeric + 15g Edible Lime (Chuna) ground into paste.
COW-1196,Yamuna,Sahiwal,4.8,6,161,15.7,15.7,0.0,5.16,5.07,4.89,5.15,5.16,0.27,111704,38.7,6.54,0,0,None,LOW,0,"Routine milking, clean dry udder cloth, post-milking dip (0.5% povidone iodine).",No medication needed. Maintain clean bedding and nutrition.
COW-1197,Bhavani,Tharparkar,8.9,3,76,14.2,13.6,4.1,4.53,4.51,4.69,4.56,4.69,0.18,75517,38.6,6.5,0,0,None,LOW,0,"Routine milking, clean dry udder cloth, post-milking dip (0.5% povidone iodine).",No medication needed. Maintain clean bedding and nutrition.
COW-1198,Ganga,Rathi,6.9,6,224,12.3,12.1,1.4,5.06,4.95,5.05,5.04,5.06,0.11,57132,38.8,6.59,0,0,None,LOW,0,"Routine milking, clean dry udder cloth, post-milking dip (0.5% povidone iodine).",No medication needed. Maintain clean bedding and nutrition.
COW-1199,Devi,Murrah Buffalo,5.7,4,179,15.5,5.0,67.8,6.97,6.77,6.8,6.9,6.97,0.2,1009278,40.4,7.24,2,2,Both Front,HIGH,45468,Urgent: Acute clinical mastitis! Isolate animal immediately. Call government veterinary officer (1962). Administer prescribed veterinary therapy.,Immediate veterinary antibiotic injection + anti-inflammatory + frequent cold water fanning and stripping.
COW-1200,Surabhi,Red Sindhi,4.0,3,177,15.0,14.8,1.0,4.87,4.84,4.8,4.9,4.9,0.1,168615,38.5,6.59,0,0,None,LOW,0,"Routine milking, clean dry udder cloth, post-milking dip (0.5% povidone iodine).",No medication needed. Maintain clean bedding and nutrition.
COW-1201,Lakshmi,Gir,3.2,4,20,14.7,4.3,70.9,7.71,7.37,7.71,7.66,7.71,0.34,1180069,40.3,7.05,2,2,RH,HIGH,46054,Urgent: Acute clinical mastitis! Isolate animal immediately. Call government veterinary officer (1962). Administer prescribed veterinary therapy.,Immediate veterinary antibiotic injection + anti-inflammatory + frequent cold water fanning and stripping.
COW-1202,Kalyani,Murrah Buffalo,3.2,3,140,12.5,11.1,11.1,4.76,6.02,4.8,4.7,6.02,1.32,225627,39.0,6.83,0,1,RF,MEDIUM,5544,Subclinical warning in RF quarter. Apply ICAR herbal paste 3x daily for 5 days. Strip affected quarter completely.,ICAR Formulation: 250g Aloe Vera + 50g Pure Turmeric + 15g Edible Lime (Chuna) ground into paste.
COW-1203,Ganga,Rathi,4.1,6,239,10.1,9.0,11.2,7.12,5.08,5.07,5.16,7.12,2.05,307121,38.8,6.85,1,1,LF,MEDIUM,7224,Subclinical warning in LF quarter. Apply ICAR herbal paste 3x daily for 5 days. Strip affected quarter completely.,ICAR Formulation: 250g Aloe Vera + 50g Pure Turmeric + 15g Edible Lime (Chuna) ground into paste.
COW-1204,Radha,Sahiwal,5.2,2,85,14.4,14.4,0.0,4.77,4.82,4.78,4.94,4.94,0.17,111108,38.3,6.59,0,0,None,LOW,0,"Routine milking, clean dry udder cloth, post-milking dip (0.5% povidone iodine).",No medication needed. Maintain clean bedding and nutrition.
COW-1205,Devi,Tharparkar,6.8,4,123,10.5,10.3,2.2,4.98,4.92,5.09,4.9,5.09,0.19,144288,38.2,6.64,0,0,None,LOW,0,"Routine milking, clean dry udder cloth, post-milking dip (0.5% povidone iodine).",No medication needed. Maintain clean bedding and nutrition.
COW-1206,Ganga,Sahiwal,4.4,1,139,17.3,14.5,16.1,5.15,5.19,6.81,5.03,6.81,1.78,337922,39.0,6.95,1,1,LH,MEDIUM,8458,Subclinical warning in LH quarter. Apply ICAR herbal paste 3x daily for 5 days. Strip affected quarter completely.,ICAR Formulation: 250g Aloe Vera + 50g Pure Turmeric + 15g Edible Lime (Chuna) ground into paste.
COW-1207,Lakshmi,Red Sindhi,8.8,2,265,12.3,12.2,0.6,4.75,5.0,4.74,4.84,5.0,0.26,165502,38.2,6.5,0,0,None,LOW,0,"Routine milking, clean dry udder cloth, post-milking dip (0.5% povidone iodine).",No medication needed. Maintain clean bedding and nutrition.
COW-1208,Nandini,Sahiwal,5.2,5,227,16.2,14.5,10.7,5.26,5.03,5.05,6.42,6.42,1.39,321826,38.9,6.76,1,1,RH,MEDIUM,6532,Subclinical warning in RH quarter. Apply ICAR herbal paste 3x daily for 5 days. Strip affected quarter completely.,ICAR Formulation: 250g Aloe Vera + 50g Pure Turmeric + 15g Edible Lime (Chuna) ground into paste.
COW-1209,Tulsi,Rathi,7.9,4,217,10.5,10.5,0.0,4.8,4.81,4.87,4.78,4.87,0.09,136536,38.3,6.54,0,0,None,LOW,0,"Routine milking, clean dry udder cloth, post-milking dip (0.5% povidone iodine).",No medication needed. Maintain clean bedding and nutrition.
COW-1210,Bhavani,Sahiwal,6.3,4,45,15.9,15.4,3.1,4.99,5.0,5.2,4.96,5.2,0.24,97686,38.2,6.52,0,0,None,LOW,0,"Routine milking, clean dry udder cloth, post-milking dip (0.5% povidone iodine).",No medication needed. Maintain clean bedding and nutrition.
COW-1211,Sita,Rathi,2.9,6,101,10.7,9.5,11.5,6.15,4.79,4.87,4.85,6.15,1.36,253542,39.3,6.86,1,0,LF,MEDIUM,7104,Subclinical warning in LF quarter. Apply ICAR herbal paste 3x daily for 5 days. Strip affected quarter completely.,ICAR Formulation: 250g Aloe Vera + 50g Pure Turmeric + 15g Edible Lime (Chuna) ground into paste.
COW-1212,Devi,Gir,4.8,4,151,17.1,17.0,0.6,5.12,5.08,5.09,4.95,5.12,0.17,136469,38.3,6.62,0,0,None,LOW,0,"Routine milking, clean dry udder cloth, post-milking dip (0.5% povidone iodine).",No medication needed. Maintain clean bedding and nutrition.
COW-1213,Kalyani,Rathi,3.7,2,142,14.6,7.5,48.6,7.78,7.95,7.67,8.16,8.16,0.49,1242703,41.2,7.24,2,2,Both Front,HIGH,38263,Urgent: Acute clinical mastitis! Isolate animal immediately. Call government veterinary officer (1962). Administer prescribed veterinary therapy.,Immediate veterinary antibiotic injection + anti-inflammatory + frequent cold water fanning and stripping.
COW-1214,Surabhi,Sahiwal,3.8,1,226,15.3,14.7,4.2,5.0,5.15,5.07,4.94,5.15,0.21,170224,38.4,6.58,0,0,None,LOW,0,"Routine milking, clean dry udder cloth, post-milking dip (0.5% povidone iodine).",No medication needed. Maintain clean bedding and nutrition.
COW-1215,Gauri,Gir,3.8,5,35,19.7,19.6,0.7,4.71,4.88,4.73,4.79,4.88,0.17,108056,38.9,6.62,0,0,None,LOW,0,"Routine milking, clean dry udder cloth, post-milking dip (0.5% povidone iodine).",No medication needed. Maintain clean bedding and nutrition.
COW-1216,Lakshmi,Murrah Buffalo,3.9,5,167,16.4,16.4,0.0,4.86,4.87,4.8,4.79,4.87,0.08,152134,38.7,6.62,0,0,None,LOW,0,"Routine milking, clean dry udder cloth, post-milking dip (0.5% povidone iodine).",No medication needed. Maintain clean bedding and nutrition.
COW-1217,Yamuna,Red Sindhi,8.1,2,15,15.6,15.2,2.4,4.87,4.88,4.68,4.78,4.88,0.2,104550,38.5,6.58,0,0,None,LOW,0,"Routine milking, clean dry udder cloth, post-milking dip (0.5% povidone iodine).",No medication needed. Maintain clean bedding and nutrition.
COW-1218,Bhavani,HF Cross,5.1,6,169,18.8,18.3,2.4,4.64,4.51,4.79,4.71,4.79,0.28,136219,38.2,6.6,0,0,None,LOW,0,"Routine milking, clean dry udder cloth, post-milking dip (0.5% povidone iodine).",No medication needed. Maintain clean bedding and nutrition.
COW-1219,Kamdhenu,Gir,8.9,5,223,18.2,17.8,2.2,4.96,4.96,4.97,5.18,5.18,0.22,149592,38.7,6.63,0,0,None,LOW,0,"Routine milking, clean dry udder cloth, post-milking dip (0.5% povidone iodine).",No medication needed. Maintain clean bedding and nutrition.
COW-1220,Kamdhenu,Rathi,6.5,4,78,11.4,11.2,1.8,4.78,4.75,4.76,4.63,4.78,0.15,127544,38.2,6.61,0,0,None,LOW,0,"Routine milking, clean dry udder cloth, post-milking dip (0.5% povidone iodine).",No medication needed. Maintain clean bedding and nutrition.
COW-1221,Radha,Sahiwal,3.0,2,81,18.7,18.1,3.1,4.49,4.58,4.57,4.6,4.6,0.11,139505,38.2,6.52,0,0,None,LOW,0,"Routine milking, clean dry udder cloth, post-milking dip (0.5% povidone iodine).",No medication needed. Maintain clean bedding and nutrition.
COW-1222,Bhavani,Sahiwal,5.7,4,147,19.1,18.8,1.5,4.93,5.05,5.02,4.9,5.05,0.15,128615,38.6,6.58,0,0,None,LOW,0,"Routine milking, clean dry udder cloth, post-milking dip (0.5% povidone iodine).",No medication needed. Maintain clean bedding and nutrition.
COW-1223,Kalyani,Murrah Buffalo,3.5,6,139,17.8,17.7,0.8,4.47,4.63,4.43,4.66,4.66,0.23,162839,38.4,6.59,0,0,None,LOW,0,"Routine milking, clean dry udder cloth, post-milking dip (0.5% povidone iodine).",No medication needed. Maintain clean bedding and nutrition.
COW-1224,Kalyani,Tharparkar,6.4,5,139,10.6,10.5,0.8,4.86,4.84,5.06,4.89,5.06,0.22,114792,38.4,6.59,0,0,None,LOW,0,"Routine milking, clean dry udder cloth, post-milking dip (0.5% povidone iodine).",No medication needed. Maintain clean bedding and nutrition.
COW-1225,Meera,Red Sindhi,5.3,6,55,13.5,13.4,0.8,4.84,4.86,5.11,4.97,5.11,0.27,173951,38.3,6.57,0,0,None,LOW,0,"Routine milking, clean dry udder cloth, post-milking dip (0.5% povidone iodine).",No medication needed. Maintain clean bedding and nutrition.
COW-1226,Ganga,Gir,8.8,3,74,14.3,14.3,0.0,4.62,4.7,4.57,4.46,4.7,0.24,180644,38.5,6.64,0,0,None,LOW,0,"Routine milking, clean dry udder cloth, post-milking dip (0.5% povidone iodine).",No medication needed. Maintain clean bedding and nutrition.
COW-1227,Gauri,Tharparkar,3.7,2,107,11.6,11.2,3.1,4.62,4.62,4.63,4.59,4.63,0.04,139346,38.7,6.58,0,0,None,LOW,0,"Routine milking, clean dry udder cloth, post-milking dip (0.5% povidone iodine).",No medication needed. Maintain clean bedding and nutrition.
COW-1228,Devi,Rathi,5.9,1,155,12.3,12.2,1.0,4.97,4.81,5.03,4.9,5.03,0.22,111894,38.8,6.7,0,0,None,LOW,0,"Routine milking, clean dry udder cloth, post-milking dip (0.5% povidone iodine).",No medication needed. Maintain clean bedding and nutrition.
COW-1229,Lakshmi,Tharparkar,8.0,3,257,13.3,13.2,0.7,5.05,5.01,4.95,4.99,5.05,0.1,114407,38.8,6.67,0,0,None,LOW,0,"Routine milking, clean dry udder cloth, post-milking dip (0.5% povidone iodine).",No medication needed. Maintain clean bedding and nutrition.
COW-1230,Meera,Gir,8.8,3,41,18.9,18.9,0.1,4.74,4.63,4.61,4.64,4.74,0.13,115293,38.4,6.5,0,0,None,LOW,0,"Routine milking, clean dry udder cloth, post-milking dip (0.5% povidone iodine).",No medication needed. Maintain clean bedding and nutrition.
COW-1231,Meera,Murrah Buffalo,6.2,6,40,16.6,8.9,46.2,8.37,8.11,8.4,8.4,8.4,0.29,848550,39.9,7.24,2,2,Both Hind,HIGH,36978,Urgent: Acute clinical mastitis! Isolate animal immediately. Call government veterinary officer (1962). Administer prescribed veterinary therapy.,Immediate veterinary antibiotic injection + anti-inflammatory + frequent cold water fanning and stripping.
COW-1232,Devi,Rathi,2.7,6,192,15.7,15.2,3.0,4.74,4.98,4.95,4.84,4.98,0.24,138197,38.8,6.52,0,0,None,LOW,0,"Routine milking, clean dry udder cloth, post-milking dip (0.5% povidone iodine).",No medication needed. Maintain clean bedding and nutrition.
COW-1233,Radha,Sahiwal,5.9,1,40,15.4,15.4,0.0,4.67,4.94,4.73,4.71,4.94,0.27,122510,38.5,6.62,0,0,None,LOW,0,"Routine milking, clean dry udder cloth, post-milking dip (0.5% povidone iodine).",No medication needed. Maintain clean bedding and nutrition.
COW-1234,Tulsi,Sahiwal,8.9,3,42,14.1,13.8,1.9,5.13,5.15,5.16,5.19,5.19,0.06,143384,38.5,6.61,0,0,None,LOW,0,"Routine milking, clean dry udder cloth, post-milking dip (0.5% povidone iodine).",No medication needed. Maintain clean bedding and nutrition.
COW-1235,Nandini,HF Cross,9.1,4,63,20.7,20.6,0.6,5.16,5.07,5.13,5.08,5.16,0.09,195000,38.4,6.55,0,0,None,LOW,0,"Routine milking, clean dry udder cloth, post-milking dip (0.5% povidone iodine).",No medication needed. Maintain clean bedding and nutrition.
COW-1236,Nandini,Sahiwal,7.5,5,194,15.3,14.7,3.6,4.55,4.66,4.49,4.67,4.67,0.18,110558,38.4,6.65,0,0,None,LOW,0,"Routine milking, clean dry udder cloth, post-milking dip (0.5% povidone iodine).",No medication needed. Maintain clean bedding and nutrition.
COW-1237,Tulsi,Rathi,5.2,5,28,11.1,11.0,0.7,5.02,5.03,4.87,4.98,5.03,0.16,110023,38.3,6.61,0,0,None,LOW,0,"Routine milking, clean dry udder cloth, post-milking dip (0.5% povidone iodine).",No medication needed. Maintain clean bedding and nutrition.
COW-1238,Nandini,HF Cross,3.0,3,175,19.3,10.2,47.3,8.25,8.28,8.04,7.85,8.28,0.43,1421526,40.3,7.05,2,1,LF,HIGH,37392,Urgent: Acute clinical mastitis! Isolate animal immediately. Call government veterinary officer (1962). Administer prescribed veterinary therapy.,Immediate veterinary antibiotic injection + anti-inflammatory + frequent cold water fanning and stripping.
COW-1239,Radha,Red Sindhi,3.3,1,36,12.3,9.8,20.4,5.14,6.82,5.16,5.02,6.82,1.8,428325,39.2,6.77,0,0,RF,MEDIUM,9564,Subclinical warning in RF quarter. Apply ICAR herbal paste 3x daily for 5 days. Strip affected quarter completely.,ICAR Formulation: 250g Aloe Vera + 50g Pure Turmeric + 15g Edible Lime (Chuna) ground into paste.
COW-1240,Kamdhenu,Red Sindhi,8.4,3,22,11.9,3.1,74.2,7.42,6.98,6.93,7.45,7.45,0.52,1064304,40.3,7.3,2,2,LF,HIGH,54832,Urgent: Acute clinical mastitis! Isolate animal immediately. Call government veterinary officer (1962). Administer prescribed veterinary therapy.,Immediate veterinary antibiotic injection + anti-inflammatory + frequent cold water fanning and stripping.
COW-1241,Sita,Tharparkar,7.4,4,96,13.6,13.6,0.3,4.48,4.67,4.5,4.55,4.67,0.19,153049,38.9,6.57,0,0,None,LOW,0,"Routine milking, clean dry udder cloth, post-milking dip (0.5% povidone iodine).",No medication needed. Maintain clean bedding and nutrition.
COW-1242,Devi,HF Cross,6.3,6,156,20.4,19.5,4.2,4.75,4.73,4.6,4.59,4.75,0.16,81723,38.4,6.58,0,0,None,LOW,0,"Routine milking, clean dry udder cloth, post-milking dip (0.5% povidone iodine).",No medication needed. Maintain clean bedding and nutrition.
COW-1243,Kamdhenu,Murrah Buffalo,8.3,6,257,13.2,12.8,3.3,4.54,4.48,4.71,4.55,4.71,0.23,111883,38.5,6.58,0,0,None,LOW,0,"Routine milking, clean dry udder cloth, post-milking dip (0.5% povidone iodine).",No medication needed. Maintain clean bedding and nutrition.
COW-1244,Surabhi,Tharparkar,5.9,6,147,10.5,10.2,3.1,4.73,4.57,4.59,4.54,4.73,0.19,195000,38.4,6.55,0,0,None,LOW,0,"Routine milking, clean dry udder cloth, post-milking dip (0.5% povidone iodine).",No medication needed. Maintain clean bedding and nutrition.
COW-1245,Kapila,Murrah Buffalo,4.1,3,43,12.9,10.3,20.1,6.5,4.76,4.88,4.77,6.5,1.74,367732,39.3,6.87,1,1,LF,MEDIUM,9707,Subclinical warning in LF quarter. Apply ICAR herbal paste 3x daily for 5 days. Strip affected quarter completely.,ICAR Formulation: 250g Aloe Vera + 50g Pure Turmeric + 15g Edible Lime (Chuna) ground into paste.
COW-1246,Devi,Sahiwal,5.8,1,214,19.4,17.2,11.5,4.84,6.77,4.91,4.9,6.77,1.93,294849,38.9,6.91,1,0,RF,MEDIUM,6924,Subclinical warning in RF quarter. Apply ICAR herbal paste 3x daily for 5 days. Strip affected quarter completely.,ICAR Formulation: 250g Aloe Vera + 50g Pure Turmeric + 15g Edible Lime (Chuna) ground into paste.
COW-1247,Surabhi,Sahiwal,9.5,6,87,19.0,18.4,3.3,5.17,4.92,5.01,5.02,5.17,0.25,158716,38.6,6.64,0,0,None,LOW,0,"Routine milking, clean dry udder cloth, post-milking dip (0.5% povidone iodine).",No medication needed. Maintain clean bedding and nutrition.
COW-1248,Nandini,Red Sindhi,4.4,4,18,14.7,13.0,11.3,4.65,4.78,4.78,6.06,6.06,1.41,416751,39.0,6.81,0,1,RH,MEDIUM,7231,Subclinical warning in RH quarter. Apply ICAR herbal paste 3x daily for 5 days. Strip affected quarter completely.,ICAR Formulation: 250g Aloe Vera + 50g Pure Turmeric + 15g Edible Lime (Chuna) ground into paste.
COW-1249,Yamuna,Murrah Buffalo,8.6,3,208,15.9,15.6,2.1,4.69,4.75,4.82,4.84,4.84,0.15,135134,38.7,6.53,0,0,None,LOW,0,"Routine milking, clean dry udder cloth, post-milking dip (0.5% povidone iodine).",No medication needed. Maintain clean bedding and nutrition.
COW-1250,Surabhi,Gir,5.3,3,133,14.3,14.0,1.8,4.62,4.61,4.75,4.6,4.75,0.15,116233,38.5,6.66,0,0,None,LOW,0,"Routine milking, clean dry udder cloth, post-milking dip (0.5% povidone iodine).",No medication needed. Maintain clean bedding and nutrition.
COW-1251,Kalyani,Tharparkar,8.5,6,62,15.8,15.4,2.5,4.75,4.76,4.63,4.75,4.76,0.13,131625,38.2,6.62,0,0,None,LOW,0,"Routine milking, clean dry udder cloth, post-milking dip (0.5% povidone iodine).",No medication needed. Maintain clean bedding and nutrition.
COW-1252,Sita,HF Cross,3.1,4,120,25.3,24.8,1.9,4.8,4.75,4.66,4.88,4.88,0.22,195000,38.4,6.59,0,0,None,LOW,0,"Routine milking, clean dry udder cloth, post-milking dip (0.5% povidone iodine).",No medication needed. Maintain clean bedding and nutrition.
COW-1253,Kamdhenu,Murrah Buffalo,7.5,4,81,16.7,16.3,2.4,4.74,4.95,4.75,4.71,4.95,0.24,185210,38.5,6.6,0,0,None,LOW,0,"Routine milking, clean dry udder cloth, post-milking dip (0.5% povidone iodine).",No medication needed. Maintain clean bedding and nutrition.
COW-1254,Lakshmi,Tharparkar,2.9,3,113,11.6,9.2,20.4,4.9,4.88,4.98,6.4,6.4,1.52,333062,38.7,6.84,1,1,RH,MEDIUM,8974,Subclinical warning in RH quarter. Apply ICAR herbal paste 3x daily for 5 days. Strip affected quarter completely.,ICAR Formulation: 250g Aloe Vera + 50g Pure Turmeric + 15g Edible Lime (Chuna) ground into paste.
COW-1255,Kalyani,Murrah Buffalo,7.7,6,58,13.7,13.6,0.4,4.62,4.74,4.7,4.64,4.74,0.12,167577,38.3,6.59,0,0,None,LOW,0,"Routine milking, clean dry udder cloth, post-milking dip (0.5% povidone iodine).",No medication needed. Maintain clean bedding and nutrition.
COW-1256,Gauri,Sahiwal,4.4,4,274,14.1,11.1,21.3,6.75,4.84,5.03,4.85,6.75,1.91,403653,38.5,6.78,1,1,LF,MEDIUM,10788,Subclinical warning in LF quarter. Apply ICAR herbal paste 3x daily for 5 days. Strip affected quarter completely.,ICAR Formulation: 250g Aloe Vera + 50g Pure Turmeric + 15g Edible Lime (Chuna) ground into paste.
COW-1257,Surabhi,Red Sindhi,4.9,3,123,12.8,10.6,17.1,4.84,5.14,5.13,6.75,6.75,1.91,346404,39.2,6.81,1,1,RH,MEDIUM,8886,Subclinical warning in RH quarter. Apply ICAR herbal paste 3x daily for 5 days. Strip affected quarter completely.,ICAR Formulation: 250g Aloe Vera + 50g Pure Turmeric + 15g Edible Lime (Chuna) ground into paste.
COW-1258,Kamdhenu,Tharparkar,2.9,3,178,15.2,15.2,0.0,5.04,4.87,4.82,5.01,5.04,0.22,110568,38.9,6.49,0,0,None,LOW,0,"Routine milking, clean dry udder cloth, post-milking dip (0.5% povidone iodine).",No medication needed. Maintain clean bedding and nutrition.
COW-1259,Devi,Gir,8.1,5,218,18.0,14.7,18.5,6.26,4.96,5.0,4.99,6.26,1.3,350801,38.7,6.74,0,1,LF,MEDIUM,9462,Subclinical warning in LF quarter. Apply ICAR herbal paste 3x daily for 5 days. Strip affected quarter completely.,ICAR Formulation: 250g Aloe Vera + 50g Pure Turmeric + 15g Edible Lime (Chuna) ground into paste.
COW-1260,Tulsi,Sahiwal,7.3,6,255,19.4,16.9,13.1,5.22,5.24,6.45,5.0,6.45,1.45,369584,38.9,6.77,0,1,LH,MEDIUM,7425,Subclinical warning in LH quarter. Apply ICAR herbal paste 3x daily for 5 days. Strip affected quarter completely.,ICAR Formulation: 250g Aloe Vera + 50g Pure Turmeric + 15g Edible Lime (Chuna) ground into paste.
COW-1261,Kamdhenu,Sahiwal,5.0,6,169,16.5,6.5,60.4,6.9,7.23,7.0,7.24,7.24,0.34,751893,40.5,7.35,2,1,LH,HIGH,45936,Urgent: Acute clinical mastitis! Isolate animal immediately. Call government veterinary officer (1962). Administer prescribed veterinary therapy.,Immediate veterinary antibiotic injection + anti-inflammatory + frequent cold water fanning and stripping.
COW-1262,Devi,Sahiwal,6.0,6,207,17.2,17.2,0.0,4.92,5.17,4.98,5.17,5.17,0.25,126528,38.9,6.52,0,0,None,LOW,0,"Routine milking, clean dry udder cloth, post-milking dip (0.5% povidone iodine).",No medication needed. Maintain clean bedding and nutrition.
COW-1263,Devi,Tharparkar,3.5,6,104,14.7,14.5,1.1,4.78,4.92,4.73,4.81,4.92,0.19,105783,38.5,6.59,0,0,None,LOW,0,"Routine milking, clean dry udder cloth, post-milking dip (0.5% povidone iodine).",No medication needed. Maintain clean bedding and nutrition.
COW-1264,Bhavani,Red Sindhi,3.7,2,262,14.7,12.9,12.4,5.05,6.24,5.15,4.97,6.24,1.27,344643,38.5,6.94,1,0,RF,MEDIUM,7666,Subclinical warning in RF quarter. Apply ICAR herbal paste 3x daily for 5 days. Strip affected quarter completely.,ICAR Formulation: 250g Aloe Vera + 50g Pure Turmeric + 15g Edible Lime (Chuna) ground into paste.
COW-1265,Nandini,Red Sindhi,8.3,2,21,14.1,12.6,10.8,4.93,6.32,4.69,4.81,6.32,1.63,314249,39.1,6.85,0,1,RF,MEDIUM,7222,Subclinical warning in RF quarter. Apply ICAR herbal paste 3x daily for 5 days. Strip affected quarter completely.,ICAR Formulation: 250g Aloe Vera + 50g Pure Turmeric + 15g Edible Lime (Chuna) ground into paste.
COW-1266,Radha,Tharparkar,7.6,5,280,12.0,3.3,72.1,7.43,7.1,7.0,7.45,7.45,0.45,1359863,40.4,7.32,2,2,RF,HIGH,44363,Urgent: Acute clinical mastitis! Isolate animal immediately. Call government veterinary officer (1962). Administer prescribed veterinary therapy.,Immediate veterinary antibiotic injection + anti-inflammatory + frequent cold water fanning and stripping.
COW-1267,Meera,Sahiwal,7.6,2,120,18.4,17.9,2.6,4.56,4.65,4.46,4.71,4.71,0.25,152495,38.8,6.59,0,0,None,LOW,0,"Routine milking, clean dry udder cloth, post-milking dip (0.5% povidone iodine).",No medication needed. Maintain clean bedding and nutrition.
COW-1268,Radha,Red Sindhi,6.2,1,36,14.0,12.2,12.5,6.63,4.71,4.61,4.65,6.63,2.02,313718,39.2,6.77,0,1,LF,MEDIUM,6736,Subclinical warning in LF quarter. Apply ICAR herbal paste 3x daily for 5 days. Strip affected quarter completely.,ICAR Formulation: 250g Aloe Vera + 50g Pure Turmeric + 15g Edible Lime (Chuna) ground into paste.
COW-1269,Gauri,Gir,7.1,3,82,16.5,8.7,47.0,7.71,7.71,7.7,7.76,7.76,0.06,1830329,40.2,7.05,2,2,Both Hind,HIGH,40071,Urgent: Acute clinical mastitis! Isolate animal immediately. Call government veterinary officer (1962). Administer prescribed veterinary therapy.,Immediate veterinary antibiotic injection + anti-inflammatory + frequent cold water fanning and stripping.
COW-1270,Meera,Murrah Buffalo,7.4,3,94,12.2,12.1,0.5,4.75,4.57,4.48,4.68,4.75,0.27,134483,38.4,6.63,0,0,None,LOW,0,"Routine milking, clean dry udder cloth, post-milking dip (0.5% povidone iodine).",No medication needed. Maintain clean bedding and nutrition.
COW-1271,Devi,Gir,8.3,6,264,14.9,14.9,0.0,4.87,4.69,4.73,4.73,4.87,0.18,114383,38.2,6.55,0,0,None,LOW,0,"Routine milking, clean dry udder cloth, post-milking dip (0.5% povidone iodine).",No medication needed. Maintain clean bedding and nutrition.
COW-1272,Radha,Murrah Buffalo,5.7,1,101,17.2,10.0,41.6,7.99,8.25,7.86,8.26,8.26,0.4,645634,40.5,7.37,2,1,LH,HIGH,31593,Urgent: Acute clinical mastitis! Isolate animal immediately. Call government veterinary officer (1962). Administer prescribed veterinary therapy.,Immediate veterinary antibiotic injection + anti-inflammatory + frequent cold water fanning and stripping.
COW-1273,Nandini,Murrah Buffalo,8.8,5,149,17.3,17.0,1.5,4.89,4.96,5.13,4.92,5.13,0.24,144891,38.3,6.58,0,0,None,LOW,0,"Routine milking, clean dry udder cloth, post-milking dip (0.5% povidone iodine).",No medication needed. Maintain clean bedding and nutrition.
COW-1274,Surabhi,HF Cross,8.5,4,97,18.9,16.0,15.3,6.96,5.07,5.31,5.19,6.96,1.89,238914,39.2,6.89,1,1,LF,MEDIUM,8107,Subclinical warning in LF quarter. Apply ICAR herbal paste 3x daily for 5 days. Strip affected quarter completely.,ICAR Formulation: 250g Aloe Vera + 50g Pure Turmeric + 15g Edible Lime (Chuna) ground into paste.
COW-1275,Lakshmi,Red Sindhi,7.3,6,78,12.9,12.9,0.0,5.01,4.9,5.08,4.89,5.08,0.19,122266,38.5,6.59,0,0,None,LOW,0,"Routine milking, clean dry udder cloth, post-milking dip (0.5% povidone iodine).",No medication needed. Maintain clean bedding and nutrition.
COW-1276,Kalyani,HF Cross,6.2,6,126,25.8,21.2,18.0,5.02,5.0,6.64,5.03,6.64,1.64,302697,38.6,6.74,1,0,LH,MEDIUM,9518,Subclinical warning in LH quarter. Apply ICAR herbal paste 3x daily for 5 days. Strip affected quarter completely.,ICAR Formulation: 250g Aloe Vera + 50g Pure Turmeric + 15g Edible Lime (Chuna) ground into paste.
COW-1277,Kalyani,Rathi,8.7,5,39,10.1,5.2,48.4,8.41,8.42,7.94,8.19,8.42,0.48,1101614,40.9,7.35,2,2,Both Hind,HIGH,33024,Urgent: Acute clinical mastitis! Isolate animal immediately. Call government veterinary officer (1962). Administer prescribed veterinary therapy.,Immediate veterinary antibiotic injection + anti-inflammatory + frequent cold water fanning and stripping.
COW-1278,Yamuna,Sahiwal,6.4,4,218,18.9,18.4,2.9,4.79,4.64,4.77,4.71,4.79,0.15,110008,38.6,6.66,0,0,None,LOW,0,"Routine milking, clean dry udder cloth, post-milking dip (0.5% povidone iodine).",No medication needed. Maintain clean bedding and nutrition.
COW-1279,Kapila,HF Cross,7.1,1,218,21.3,20.9,2.1,4.38,4.53,4.54,4.44,4.54,0.16,132087,38.4,6.62,0,0,None,LOW,0,"Routine milking, clean dry udder cloth, post-milking dip (0.5% povidone iodine).",No medication needed. Maintain clean bedding and nutrition.
COW-1280,Yamuna,Rathi,3.9,6,245,15.7,15.6,0.7,4.45,4.52,4.55,4.57,4.57,0.12,161331,38.6,6.64,0,0,None,LOW,0,"Routine milking, clean dry udder cloth, post-milking dip (0.5% povidone iodine).",No medication needed. Maintain clean bedding and nutrition.
COW-1281,Kapila,HF Cross,7.1,6,243,18.9,16.8,11.3,4.66,6.27,4.79,4.72,6.27,1.61,412217,38.8,6.99,0,1,RF,MEDIUM,5742,Subclinical warning in RF quarter. Apply ICAR herbal paste 3x daily for 5 days. Strip affected quarter completely.,ICAR Formulation: 250g Aloe Vera + 50g Pure Turmeric + 15g Edible Lime (Chuna) ground into paste.
COW-1282,Kalyani,HF Cross,7.7,4,66,20.0,19.9,0.5,4.68,4.49,4.67,4.48,4.68,0.2,105878,38.8,6.59,0,0,None,LOW,0,"Routine milking, clean dry udder cloth, post-milking dip (0.5% povidone iodine).",No medication needed. Maintain clean bedding and nutrition.
COW-1283,Nandini,Gir,7.8,1,75,18.6,18.2,2.3,5.03,4.79,4.89,4.9,5.03,0.24,113063,38.4,6.61,0,0,None,LOW,0,"Routine milking, clean dry udder cloth, post-milking dip (0.5% povidone iodine).",No medication needed. Maintain clean bedding and nutrition.
COW-1284,Lakshmi,Rathi,9.0,5,259,15.5,13.3,13.9,4.95,6.85,4.93,5.09,6.85,1.92,279840,38.8,6.99,1,1,RF,MEDIUM,7612,Subclinical warning in RF quarter. Apply ICAR herbal paste 3x daily for 5 days. Strip affected quarter completely.,ICAR Formulation: 250g Aloe Vera + 50g Pure Turmeric + 15g Edible Lime (Chuna) ground into paste.
COW-1285,Devi,HF Cross,7.8,3,215,25.7,7.8,69.5,7.89,8.17,8.34,8.12,8.34,0.45,1804640,40.4,7.26,2,2,RH,HIGH,51819,Urgent: Acute clinical mastitis! Isolate animal immediately. Call government veterinary officer (1962). Administer prescribed veterinary therapy.,Immediate veterinary antibiotic injection + anti-inflammatory + frequent cold water fanning and stripping.
COW-1286,Gauri,Sahiwal,3.9,5,160,18.1,8.8,51.3,8.55,8.74,8.47,8.58,8.74,0.27,1242010,40.4,7.1,2,1,RF,HIGH,39421,Urgent: Acute clinical mastitis! Isolate animal immediately. Call government veterinary officer (1962). Administer prescribed veterinary therapy.,Immediate veterinary antibiotic injection + anti-inflammatory + frequent cold water fanning and stripping.
COW-1287,Yamuna,Tharparkar,6.6,6,225,14.0,7.7,45.1,7.28,7.26,7.09,6.79,7.28,0.49,1109918,39.6,7.31,2,1,Both Hind,HIGH,33825,Urgent: Acute clinical mastitis! Isolate animal immediately. Call government veterinary officer (1962). Administer prescribed veterinary therapy.,Immediate veterinary antibiotic injection + anti-inflammatory + frequent cold water fanning and stripping.
COW-1288,Radha,Red Sindhi,8.0,3,140,10.9,10.9,0.0,4.88,4.98,4.93,4.96,4.98,0.1,152651,38.4,6.67,0,0,None,LOW,0,"Routine milking, clean dry udder cloth, post-milking dip (0.5% povidone iodine).",No medication needed. Maintain clean bedding and nutrition.
COW-1289,Sita,Red Sindhi,7.2,5,126,14.5,13.9,4.0,4.73,4.73,4.58,4.69,4.73,0.15,78746,38.5,6.64,0,0,None,LOW,0,"Routine milking, clean dry udder cloth, post-milking dip (0.5% povidone iodine).",No medication needed. Maintain clean bedding and nutrition.
COW-1290,Devi,Tharparkar,5.2,6,172,15.8,15.6,1.2,4.86,5.06,5.05,4.93,5.06,0.2,113939,38.7,6.58,0,0,None,LOW,0,"Routine milking, clean dry udder cloth, post-milking dip (0.5% povidone iodine).",No medication needed. Maintain clean bedding and nutrition.
COW-1291,Meera,HF Cross,7.4,6,200,24.0,23.1,3.7,4.94,5.0,4.8,4.77,5.0,0.23,160928,38.6,6.49,0,0,None,LOW,0,"Routine milking, clean dry udder cloth, post-milking dip (0.5% povidone iodine).",No medication needed. Maintain clean bedding and nutrition.
COW-1292,Gauri,Gir,3.8,2,275,14.7,14.4,2.2,4.6,4.57,4.77,4.52,4.77,0.25,178303,38.4,6.6,0,0,None,LOW,0,"Routine milking, clean dry udder cloth, post-milking dip (0.5% povidone iodine).",No medication needed. Maintain clean bedding and nutrition.
COW-1293,Kapila,HF Cross,9.1,1,90,25.4,25.0,1.5,5.0,5.07,4.9,5.05,5.07,0.17,139123,38.4,6.54,0,0,None,LOW,0,"Routine milking, clean dry udder cloth, post-milking dip (0.5% povidone iodine).",No medication needed. Maintain clean bedding and nutrition.
COW-1294,Yamuna,Murrah Buffalo,3.0,6,174,15.2,7.9,47.7,6.64,6.59,6.66,6.39,6.66,0.27,1610455,40.4,7.19,2,1,Both Hind,HIGH,37287,Urgent: Acute clinical mastitis! Isolate animal immediately. Call government veterinary officer (1962). Administer prescribed veterinary therapy.,Immediate veterinary antibiotic injection + anti-inflammatory + frequent cold water fanning and stripping.
COW-1295,Nandini,Murrah Buffalo,4.6,5,283,14.8,14.8,0.0,5.0,4.84,4.91,4.87,5.0,0.16,157009,38.2,6.65,0,0,None,LOW,0,"Routine milking, clean dry udder cloth, post-milking dip (0.5% povidone iodine).",No medication needed. Maintain clean bedding and nutrition.
COW-1296,Gauri,Rathi,8.9,2,32,14.1,13.6,3.2,5.18,5.02,5.06,4.98,5.18,0.2,117314,38.3,6.5,0,0,None,LOW,0,"Routine milking, clean dry udder cloth, post-milking dip (0.5% povidone iodine).",No medication needed. Maintain clean bedding and nutrition.
COW-1297,Devi,Rathi,8.3,3,275,14.8,14.5,2.2,4.65,4.43,4.53,4.66,4.66,0.23,113630,38.6,6.58,0,0,None,LOW,0,"Routine milking, clean dry udder cloth, post-milking dip (0.5% povidone iodine).",No medication needed. Maintain clean bedding and nutrition.
COW-1298,Ganga,Red Sindhi,6.3,1,45,11.3,9.1,19.3,5.11,7.31,5.14,5.19,7.31,2.2,325377,38.5,6.9,0,0,RF,MEDIUM,8303,Subclinical warning in RF quarter. Apply ICAR herbal paste 3x daily for 5 days. Strip affected quarter completely.,ICAR Formulation: 250g Aloe Vera + 50g Pure Turmeric + 15g Edible Lime (Chuna) ground into paste.
COW-1299,Kapila,HF Cross,4.8,1,49,18.4,16.5,10.2,6.62,4.92,4.95,5.03,6.62,1.7,285437,38.5,6.79,0,0,LF,MEDIUM,6383,Subclinical warning in LF quarter. Apply ICAR herbal paste 3x daily for 5 days. Strip affected quarter completely.,ICAR Formulation: 250g Aloe Vera + 50g Pure Turmeric + 15g Edible Lime (Chuna) ground into paste.
COW-1300,Tulsi,Rathi,2.9,6,35,14.2,14.1,1.0,4.94,5.14,5.0,4.93,5.14,0.21,182526,38.7,6.56,0,0,None,LOW,0,"Routine milking, clean dry udder cloth, post-milking dip (0.5% povidone iodine).",No medication needed. Maintain clean bedding and nutrition.
COW-1301,Bhavani,Tharparkar,5.2,6,27,12.8,12.5,2.1,4.55,4.67,4.6,4.72,4.72,0.17,118742,38.9,6.6,0,0,None,LOW,0,"Routine milking, clean dry udder cloth, post-milking dip (0.5% povidone iodine).",No medication needed. Maintain clean bedding and nutrition.
COW-1302,Ganga,Murrah Buffalo,7.2,6,203,17.7,17.5,1.2,4.92,4.89,5.05,4.99,5.05,0.16,166059,38.5,6.56,0,0,None,LOW,0,"Routine milking, clean dry udder cloth, post-milking dip (0.5% povidone iodine).",No medication needed. Maintain clean bedding and nutrition.
COW-1303,Yamuna,Gir,4.6,6,188,15.3,5.6,63.5,6.6,6.86,6.64,6.55,6.86,0.31,1174939,40.2,7.36,2,1,Both Hind,HIGH,48742,Urgent: Acute clinical mastitis! Isolate animal immediately. Call government veterinary officer (1962). Administer prescribed veterinary therapy.,Immediate veterinary antibiotic injection + anti-inflammatory + frequent cold water fanning and stripping.
COW-1304,Kapila,HF Cross,6.3,3,46,20.0,19.7,1.6,4.98,4.81,4.9,4.77,4.98,0.21,131818,38.6,6.58,0,0,None,LOW,0,"Routine milking, clean dry udder cloth, post-milking dip (0.5% povidone iodine).",No medication needed. Maintain clean bedding and nutrition.
COW-1305,Radha,Rathi,3.0,2,174,12.9,12.5,3.0,4.95,4.79,4.92,4.99,4.99,0.2,60062,38.7,6.6,0,0,None,LOW,0,"Routine milking, clean dry udder cloth, post-milking dip (0.5% povidone iodine).",No medication needed. Maintain clean bedding and nutrition.
COW-1306,Surabhi,Sahiwal,2.5,2,125,18.3,15.8,13.7,5.01,5.19,6.68,5.11,6.68,1.67,210000,39.3,6.81,0,0,LH,MEDIUM,7617,Subclinical warning in LH quarter. Apply ICAR herbal paste 3x daily for 5 days. Strip affected quarter completely.,ICAR Formulation: 250g Aloe Vera + 50g Pure Turmeric + 15g Edible Lime (Chuna) ground into paste.
COW-1307,Sita,Gir,8.4,2,287,15.2,12.3,19.2,6.84,5.17,5.1,5.16,6.84,1.74,397572,38.5,6.87,0,0,LF,MEDIUM,9349,Subclinical warning in LF quarter. Apply ICAR herbal paste 3x daily for 5 days. Strip affected quarter completely.,ICAR Formulation: 250g Aloe Vera + 50g Pure Turmeric + 15g Edible Lime (Chuna) ground into paste.
COW-1308,Radha,Rathi,8.8,5,253,13.9,13.7,1.2,4.85,4.76,4.84,4.63,4.85,0.22,93130,38.4,6.69,0,0,None,LOW,0,"Routine milking, clean dry udder cloth, post-milking dip (0.5% povidone iodine).",No medication needed. Maintain clean bedding and nutrition.
COW-1309,Yamuna,Rathi,3.1,3,269,10.1,9.9,1.7,5.22,5.13,5.16,4.97,5.22,0.25,137610,38.7,6.61,0,0,None,LOW,0,"Routine milking, clean dry udder cloth, post-milking dip (0.5% povidone iodine).",No medication needed. Maintain clean bedding and nutrition.
COW-1310,Ganga,Sahiwal,6.5,5,86,18.4,18.1,1.8,4.63,4.71,4.58,4.68,4.71,0.13,142773,38.9,6.58,0,0,None,LOW,0,"Routine milking, clean dry udder cloth, post-milking dip (0.5% povidone iodine).",No medication needed. Maintain clean bedding and nutrition.
COW-1311,Lakshmi,HF Cross,3.9,3,210,21.8,21.3,2.5,4.67,4.48,4.59,4.53,4.67,0.19,166772,38.7,6.65,0,0,None,LOW,0,"Routine milking, clean dry udder cloth, post-milking dip (0.5% povidone iodine).",No medication needed. Maintain clean bedding and nutrition.
COW-1312,Kalyani,Murrah Buffalo,8.3,3,290,15.4,15.1,2.0,4.75,4.85,4.6,4.65,4.85,0.25,89994,38.8,6.51,0,0,None,LOW,0,"Routine milking, clean dry udder cloth, post-milking dip (0.5% povidone iodine).",No medication needed. Maintain clean bedding and nutrition.
COW-1313,Devi,Sahiwal,6.1,3,188,16.9,16.6,2.0,4.86,4.75,4.76,4.74,4.86,0.12,103600,38.5,6.6,0,0,None,LOW,0,"Routine milking, clean dry udder cloth, post-milking dip (0.5% povidone iodine).",No medication needed. Maintain clean bedding and nutrition.
COW-1314,Gauri,Murrah Buffalo,4.0,2,92,14.2,11.8,17.1,6.71,4.98,4.91,5.08,6.71,1.8,349534,39.2,6.86,1,0,LF,MEDIUM,7984,Subclinical warning in LF quarter. Apply ICAR herbal paste 3x daily for 5 days. Strip affected quarter completely.,ICAR Formulation: 250g Aloe Vera + 50g Pure Turmeric + 15g Edible Lime (Chuna) ground into paste.
COW-1315,Lakshmi,Sahiwal,6.5,2,80,17.8,17.8,0.0,4.71,4.77,4.75,4.98,4.98,0.27,121454,38.7,6.65,0,0,None,LOW,0,"Routine milking, clean dry udder cloth, post-milking dip (0.5% povidone iodine).",No medication needed. Maintain clean bedding and nutrition.
COW-1316,Sita,Rathi,7.0,6,157,15.7,15.1,3.6,4.86,4.86,4.78,4.84,4.86,0.08,150909,38.6,6.56,0,0,None,LOW,0,"Routine milking, clean dry udder cloth, post-milking dip (0.5% povidone iodine).",No medication needed. Maintain clean bedding and nutrition.
COW-1317,Ganga,Red Sindhi,6.6,2,273,11.6,9.7,16.3,5.19,5.03,6.38,5.05,6.38,1.35,309496,38.8,6.81,1,0,LH,MEDIUM,8445,Subclinical warning in LH quarter. Apply ICAR herbal paste 3x daily for 5 days. Strip affected quarter completely.,ICAR Formulation: 250g Aloe Vera + 50g Pure Turmeric + 15g Edible Lime (Chuna) ground into paste.
COW-1318,Kamdhenu,Sahiwal,5.8,5,31,19.3,18.5,3.9,4.83,5.0,5.07,4.96,5.07,0.24,130545,38.3,6.49,0,0,None,LOW,0,"Routine milking, clean dry udder cloth, post-milking dip (0.5% povidone iodine).",No medication needed. Maintain clean bedding and nutrition.
COW-1319,Lakshmi,Red Sindhi,7.2,4,279,12.5,4.9,60.6,7.4,7.74,7.73,7.49,7.74,0.34,903563,39.8,7.05,2,1,Both Front,HIGH,45271,Urgent: Acute clinical mastitis! Isolate animal immediately. Call government veterinary officer (1962). Administer prescribed veterinary therapy.,Immediate veterinary antibiotic injection + anti-inflammatory + frequent cold water fanning and stripping.
COW-1320,Ganga,Murrah Buffalo,5.8,2,54,13.7,5.7,58.2,6.72,7.16,6.72,7.03,7.16,0.44,976363,39.7,7.5,2,2,RH,HIGH,40465,Urgent: Acute clinical mastitis! Isolate animal immediately. Call government veterinary officer (1962). Administer prescribed veterinary therapy.,Immediate veterinary antibiotic injection + anti-inflammatory + frequent cold water fanning and stripping.
COW-1321,Tulsi,Red Sindhi,4.7,3,66,10.9,9.5,12.4,4.84,4.85,6.43,4.98,6.43,1.59,390687,38.6,7.0,1,0,LH,MEDIUM,6598,Subclinical warning in LH quarter. Apply ICAR herbal paste 3x daily for 5 days. Strip affected quarter completely.,ICAR Formulation: 250g Aloe Vera + 50g Pure Turmeric + 15g Edible Lime (Chuna) ground into paste.
COW-1322,Yamuna,Rathi,5.9,3,188,14.6,13.9,4.9,4.69,4.47,4.5,4.67,4.69,0.22,164361,38.4,6.45,0,0,None,LOW,0,"Routine milking, clean dry udder cloth, post-milking dip (0.5% povidone iodine).",No medication needed. Maintain clean bedding and nutrition.
COW-1323,Ganga,Gir,4.0,4,185,18.8,15.9,15.2,6.91,4.63,4.66,4.67,6.91,2.28,222729,38.5,6.9,0,1,LF,MEDIUM,7274,Subclinical warning in LF quarter. Apply ICAR herbal paste 3x daily for 5 days. Strip affected quarter completely.,ICAR Formulation: 250g Aloe Vera + 50g Pure Turmeric + 15g Edible Lime (Chuna) ground into paste.
COW-1324,Nandini,Gir,6.8,6,208,19.6,19.1,2.4,4.83,5.03,4.76,4.98,5.03,0.27,195000,38.8,6.61,0,0,None,LOW,0,"Routine milking, clean dry udder cloth, post-milking dip (0.5% povidone iodine).",No medication needed. Maintain clean bedding and nutrition.
COW-1325,Ganga,HF Cross,6.0,1,115,24.8,13.4,45.9,6.79,7.13,7.08,6.91,7.13,0.34,1498695,40.5,7.29,2,1,Both Hind,HIGH,36843,Urgent: Acute clinical mastitis! Isolate animal immediately. Call government veterinary officer (1962). Administer prescribed veterinary therapy.,Immediate veterinary antibiotic injection + anti-inflammatory + frequent cold water fanning and stripping.
COW-1326,Meera,HF Cross,2.5,2,56,26.0,21.7,16.6,5.01,4.94,7.15,5.1,7.15,2.21,327294,38.8,6.76,1,1,LH,MEDIUM,9282,Subclinical warning in LH quarter. Apply ICAR herbal paste 3x daily for 5 days. Strip affected quarter completely.,ICAR Formulation: 250g Aloe Vera + 50g Pure Turmeric + 15g Edible Lime (Chuna) ground into paste.
COW-1327,Kalyani,Murrah Buffalo,4.1,2,244,17.6,17.6,0.0,4.63,4.54,4.53,4.59,4.63,0.1,120176,38.2,6.57,0,0,None,LOW,0,"Routine milking, clean dry udder cloth, post-milking dip (0.5% povidone iodine).",No medication needed. Maintain clean bedding and nutrition.
COW-1328,Kamdhenu,Red Sindhi,6.1,3,287,14.9,14.5,2.9,5.06,4.94,5.0,4.99,5.06,0.12,91374,38.5,6.66,0,0,None,LOW,0,"Routine milking, clean dry udder cloth, post-milking dip (0.5% povidone iodine).",No medication needed. Maintain clean bedding and nutrition.
COW-1329,Bhavani,Tharparkar,7.3,5,26,12.9,12.9,0.0,4.82,4.65,4.79,4.82,4.82,0.17,75032,38.3,6.64,0,0,None,LOW,0,"Routine milking, clean dry udder cloth, post-milking dip (0.5% povidone iodine).",No medication needed. Maintain clean bedding and nutrition.
COW-1330,Surabhi,Murrah Buffalo,6.1,1,146,13.5,13.3,1.7,5.0,4.78,5.03,4.9,5.03,0.25,122137,38.6,6.52,0,0,None,LOW,0,"Routine milking, clean dry udder cloth, post-milking dip (0.5% povidone iodine).",No medication needed. Maintain clean bedding and nutrition.
COW-1331,Nandini,Sahiwal,8.8,3,105,19.7,17.1,13.0,4.86,6.35,5.06,4.86,6.35,1.49,226618,38.6,6.85,1,0,RF,MEDIUM,7645,Subclinical warning in RF quarter. Apply ICAR herbal paste 3x daily for 5 days. Strip affected quarter completely.,ICAR Formulation: 250g Aloe Vera + 50g Pure Turmeric + 15g Edible Lime (Chuna) ground into paste.
COW-1332,Kamdhenu,Gir,8.9,6,264,17.7,15.3,13.3,6.9,5.07,5.24,5.24,6.9,1.83,210000,38.9,6.82,0,1,LF,MEDIUM,6969,Subclinical warning in LF quarter. Apply ICAR herbal paste 3x daily for 5 days. Strip affected quarter completely.,ICAR Formulation: 250g Aloe Vera + 50g Pure Turmeric + 15g Edible Lime (Chuna) ground into paste.
COW-1333,Meera,Red Sindhi,6.5,1,281,14.8,14.5,1.7,4.83,4.79,4.88,4.73,4.88,0.15,149337,38.5,6.66,0,0,None,LOW,0,"Routine milking, clean dry udder cloth, post-milking dip (0.5% povidone iodine).",No medication needed. Maintain clean bedding and nutrition.
COW-1334,Kamdhenu,HF Cross,6.1,3,16,18.1,17.8,1.6,4.8,4.88,4.78,4.86,4.88,0.1,114970,38.5,6.61,0,0,None,LOW,0,"Routine milking, clean dry udder cloth, post-milking dip (0.5% povidone iodine).",No medication needed. Maintain clean bedding and nutrition.
COW-1335,Meera,Murrah Buffalo,5.8,5,187,14.2,14.2,0.0,4.69,4.59,4.73,4.56,4.73,0.17,131420,38.4,6.54,0,0,None,LOW,0,"Routine milking, clean dry udder cloth, post-milking dip (0.5% povidone iodine).",No medication needed. Maintain clean bedding and nutrition.
COW-1336,Ganga,Rathi,3.4,5,129,14.9,13.4,10.1,5.08,6.65,5.07,5.05,6.65,1.6,442470,38.5,6.76,1,1,RF,MEDIUM,5310,Subclinical warning in RF quarter. Apply ICAR herbal paste 3x daily for 5 days. Strip affected quarter completely.,ICAR Formulation: 250g Aloe Vera + 50g Pure Turmeric + 15g Edible Lime (Chuna) ground into paste.
COW-1337,Devi,Red Sindhi,6.9,5,173,14.7,14.2,3.4,4.86,4.81,4.89,4.71,4.89,0.18,104855,38.7,6.56,0,0,None,LOW,0,"Routine milking, clean dry udder cloth, post-milking dip (0.5% povidone iodine).",No medication needed. Maintain clean bedding and nutrition.
COW-1338,Kalyani,Murrah Buffalo,5.8,6,61,14.7,14.0,4.7,4.73,4.85,4.64,4.57,4.85,0.28,106427,38.6,6.53,0,0,None,LOW,0,"Routine milking, clean dry udder cloth, post-milking dip (0.5% povidone iodine).",No medication needed. Maintain clean bedding and nutrition.
COW-1339,Kamdhenu,Murrah Buffalo,8.6,5,113,15.5,13.8,10.9,5.13,6.84,5.19,5.27,6.84,1.71,236868,38.9,6.87,1,1,RF,MEDIUM,6608,Subclinical warning in RF quarter. Apply ICAR herbal paste 3x daily for 5 days. Strip affected quarter completely.,ICAR Formulation: 250g Aloe Vera + 50g Pure Turmeric + 15g Edible Lime (Chuna) ground into paste.
COW-1340,Ganga,Red Sindhi,3.7,3,227,13.8,13.6,1.6,4.88,4.91,4.93,4.95,4.95,0.07,144482,38.5,6.57,0,0,None,LOW,0,"Routine milking, clean dry udder cloth, post-milking dip (0.5% povidone iodine).",No medication needed. Maintain clean bedding and nutrition.
COW-1341,Radha,HF Cross,4.4,6,214,20.2,20.1,0.7,4.98,5.04,5.16,4.99,5.16,0.18,124854,38.7,6.7,0,0,None,LOW,0,"Routine milking, clean dry udder cloth, post-milking dip (0.5% povidone iodine).",No medication needed. Maintain clean bedding and nutrition.
COW-1342,Ganga,Red Sindhi,2.7,6,132,14.0,6.1,56.6,7.83,7.94,7.76,8.26,8.26,0.5,720568,40.2,7.6,2,1,Both Front,HIGH,36731,Urgent: Acute clinical mastitis! Isolate animal immediately. Call government veterinary officer (1962). Administer prescribed veterinary therapy.,Immediate veterinary antibiotic injection + anti-inflammatory + frequent cold water fanning and stripping.
COW-1343,Bhavani,Tharparkar,6.2,1,65,11.6,11.5,0.7,5.01,4.84,4.82,4.83,5.01,0.19,101871,38.8,6.68,0,0,None,LOW,0,"Routine milking, clean dry udder cloth, post-milking dip (0.5% povidone iodine).",No medication needed. Maintain clean bedding and nutrition.
COW-1344,Gauri,Sahiwal,3.4,2,26,14.2,14.0,1.2,5.16,5.04,5.16,5.18,5.18,0.14,149914,38.8,6.56,0,0,None,LOW,0,"Routine milking, clean dry udder cloth, post-milking dip (0.5% povidone iodine).",No medication needed. Maintain clean bedding and nutrition.
COW-1345,Yamuna,Tharparkar,3.4,6,288,11.1,11.1,0.0,4.92,4.9,4.89,4.92,4.92,0.03,109641,38.3,6.54,0,0,None,LOW,0,"Routine milking, clean dry udder cloth, post-milking dip (0.5% povidone iodine).",No medication needed. Maintain clean bedding and nutrition.
COW-1346,Radha,Murrah Buffalo,5.9,2,57,14.7,14.7,0.0,4.6,4.51,4.75,4.76,4.76,0.25,131192,38.3,6.59,0,0,None,LOW,0,"Routine milking, clean dry udder cloth, post-milking dip (0.5% povidone iodine).",No medication needed. Maintain clean bedding and nutrition.
COW-1347,Nandini,Murrah Buffalo,5.8,1,263,17.7,17.3,2.1,4.48,4.44,4.42,4.36,4.48,0.12,141580,38.7,6.46,0,0,None,LOW,0,"Routine milking, clean dry udder cloth, post-milking dip (0.5% povidone iodine).",No medication needed. Maintain clean bedding and nutrition.
COW-1348,Nandini,Sahiwal,5.4,5,235,16.4,16.1,2.1,4.91,4.91,4.87,4.92,4.92,0.05,172968,38.3,6.68,0,0,None,LOW,0,"Routine milking, clean dry udder cloth, post-milking dip (0.5% povidone iodine).",No medication needed. Maintain clean bedding and nutrition.
COW-1349,Meera,Rathi,7.9,5,151,11.7,10.1,13.3,5.01,4.81,6.72,4.95,6.72,1.91,270649,38.8,6.86,1,0,LH,MEDIUM,6811,Subclinical warning in LH quarter. Apply ICAR herbal paste 3x daily for 5 days. Strip affected quarter completely.,ICAR Formulation: 250g Aloe Vera + 50g Pure Turmeric + 15g Edible Lime (Chuna) ground into paste.
COW-1350,Lakshmi,Sahiwal,2.8,5,23,15.1,14.8,1.8,4.73,4.73,4.58,4.56,4.73,0.17,132660,38.6,6.52,0,0,None,LOW,0,"Routine milking, clean dry udder cloth, post-milking dip (0.5% povidone iodine).",No medication needed. Maintain clean bedding and nutrition.
COW-1351,Kapila,Sahiwal,4.9,3,267,20.0,19.9,0.4,4.92,5.08,5.11,4.84,5.11,0.27,80519,38.5,6.53,0,0,None,LOW,0,"Routine milking, clean dry udder cloth, post-milking dip (0.5% povidone iodine).",No medication needed. Maintain clean bedding and nutrition.
COW-1352,Bhavani,Tharparkar,3.0,4,104,11.2,9.1,18.9,5.0,5.19,5.04,6.76,6.76,1.76,406526,39.1,6.87,0,0,RH,MEDIUM,9058,Subclinical warning in RH quarter. Apply ICAR herbal paste 3x daily for 5 days. Strip affected quarter completely.,ICAR Formulation: 250g Aloe Vera + 50g Pure Turmeric + 15g Edible Lime (Chuna) ground into paste.
COW-1353,Tulsi,Red Sindhi,3.2,6,118,12.8,10.8,15.8,5.07,5.24,6.49,5.18,6.49,1.42,243538,38.7,6.92,1,0,LH,MEDIUM,7768,Subclinical warning in LH quarter. Apply ICAR herbal paste 3x daily for 5 days. Strip affected quarter completely.,ICAR Formulation: 250g Aloe Vera + 50g Pure Turmeric + 15g Edible Lime (Chuna) ground into paste.
COW-1354,Devi,Gir,8.5,2,69,15.4,15.1,1.8,4.6,4.53,4.48,4.43,4.6,0.17,134960,38.9,6.6,0,0,None,LOW,0,"Routine milking, clean dry udder cloth, post-milking dip (0.5% povidone iodine).",No medication needed. Maintain clean bedding and nutrition.
COW-1355,Lakshmi,Rathi,8.0,4,91,12.2,11.9,2.6,4.47,4.63,4.72,4.74,4.74,0.27,119180,38.5,6.57,0,0,None,LOW,0,"Routine milking, clean dry udder cloth, post-milking dip (0.5% povidone iodine).",No medication needed. Maintain clean bedding and nutrition.
COW-1356,Gauri,Gir,2.9,6,90,18.2,14.8,18.8,4.89,7.04,4.99,4.9,7.04,2.15,386969,38.6,6.72,0,1,RF,MEDIUM,8813,Subclinical warning in RF quarter. Apply ICAR herbal paste 3x daily for 5 days. Strip affected quarter completely.,ICAR Formulation: 250g Aloe Vera + 50g Pure Turmeric + 15g Edible Lime (Chuna) ground into paste.
COW-1357,Tulsi,Sahiwal,4.3,1,260,18.2,18.2,0.0,4.82,4.85,4.84,4.77,4.85,0.08,65732,38.6,6.51,0,0,None,LOW,0,"Routine milking, clean dry udder cloth, post-milking dip (0.5% povidone iodine).",No medication needed. Maintain clean bedding and nutrition.
COW-1358,Kapila,Murrah Buffalo,8.6,5,94,12.4,12.1,2.8,4.61,4.64,4.53,4.72,4.72,0.19,143600,38.9,6.58,0,0,None,LOW,0,"Routine milking, clean dry udder cloth, post-milking dip (0.5% povidone iodine).",No medication needed. Maintain clean bedding and nutrition.
COW-1359,Surabhi,HF Cross,3.8,1,198,24.2,23.9,1.1,4.98,4.94,4.9,4.94,4.98,0.08,132864,38.5,6.64,0,0,None,LOW,0,"Routine milking, clean dry udder cloth, post-milking dip (0.5% povidone iodine).",No medication needed. Maintain clean bedding and nutrition.
COW-1360,Kapila,Red Sindhi,6.4,5,156,11.9,10.6,11.3,5.98,4.61,4.88,4.65,5.98,1.37,338717,38.9,6.77,0,0,LF,MEDIUM,5520,Subclinical warning in LF quarter. Apply ICAR herbal paste 3x daily for 5 days. Strip affected quarter completely.,ICAR Formulation: 250g Aloe Vera + 50g Pure Turmeric + 15g Edible Lime (Chuna) ground into paste.
COW-1361,Sita,HF Cross,8.4,6,262,22.2,17.5,21.1,4.64,4.79,6.58,4.85,6.58,1.94,389442,38.8,6.76,0,1,LH,MEDIUM,10525,Subclinical warning in LH quarter. Apply ICAR herbal paste 3x daily for 5 days. Strip affected quarter completely.,ICAR Formulation: 250g Aloe Vera + 50g Pure Turmeric + 15g Edible Lime (Chuna) ground into paste.
COW-1362,Gauri,Gir,5.0,6,224,18.9,14.8,21.5,7.26,4.97,4.98,5.05,7.26,2.29,357555,38.6,6.82,0,0,LF,MEDIUM,10510,Subclinical warning in LF quarter. Apply ICAR herbal paste 3x daily for 5 days. Strip affected quarter completely.,ICAR Formulation: 250g Aloe Vera + 50g Pure Turmeric + 15g Edible Lime (Chuna) ground into paste.
COW-1363,Meera,Rathi,5.2,2,281,13.9,13.7,1.5,5.09,5.09,5.14,5.15,5.15,0.06,129680,38.7,6.61,0,0,None,LOW,0,"Routine milking, clean dry udder cloth, post-milking dip (0.5% povidone iodine).",No medication needed. Maintain clean bedding and nutrition.
COW-1364,Sita,Murrah Buffalo,7.2,6,230,17.3,17.0,1.5,4.58,4.56,4.51,4.76,4.76,0.25,158621,38.8,6.61,0,0,None,LOW,0,"Routine milking, clean dry udder cloth, post-milking dip (0.5% povidone iodine).",No medication needed. Maintain clean bedding and nutrition.
COW-1365,Kapila,Murrah Buffalo,8.8,5,178,17.1,17.0,0.6,4.98,4.83,4.8,4.89,4.98,0.18,84085,38.3,6.56,0,0,None,LOW,0,"Routine milking, clean dry udder cloth, post-milking dip (0.5% povidone iodine).",No medication needed. Maintain clean bedding and nutrition.
COW-1366,Surabhi,Red Sindhi,6.4,6,142,12.2,12.0,1.4,4.93,4.94,5.01,4.93,5.01,0.08,123456,38.5,6.61,0,0,None,LOW,0,"Routine milking, clean dry udder cloth, post-milking dip (0.5% povidone iodine).",No medication needed. Maintain clean bedding and nutrition.
COW-1367,Ganga,Murrah Buffalo,2.5,2,121,17.1,17.1,0.1,5.05,4.93,5.01,5.01,5.05,0.12,147027,38.5,6.46,0,0,None,LOW,0,"Routine milking, clean dry udder cloth, post-milking dip (0.5% povidone iodine).",No medication needed. Maintain clean bedding and nutrition.
COW-1368,Devi,Rathi,3.6,1,247,12.1,11.6,3.8,4.74,4.64,4.81,4.6,4.81,0.21,124956,38.3,6.62,0,0,None,LOW,0,"Routine milking, clean dry udder cloth, post-milking dip (0.5% povidone iodine).",No medication needed. Maintain clean bedding and nutrition.
COW-1369,Surabhi,Rathi,8.9,6,51,14.3,12.8,10.4,5.06,6.79,5.04,4.82,6.79,1.97,405313,38.7,6.94,1,0,RF,MEDIUM,6737,Subclinical warning in RF quarter. Apply ICAR herbal paste 3x daily for 5 days. Strip affected quarter completely.,ICAR Formulation: 250g Aloe Vera + 50g Pure Turmeric + 15g Edible Lime (Chuna) ground into paste.
COW-1370,Lakshmi,Red Sindhi,4.8,4,225,15.6,15.4,1.0,5.04,5.07,5.09,5.0,5.09,0.09,135203,38.4,6.54,0,0,None,LOW,0,"Routine milking, clean dry udder cloth, post-milking dip (0.5% povidone iodine).",No medication needed. Maintain clean bedding and nutrition.
COW-1371,Gauri,Tharparkar,2.9,5,33,11.9,11.7,1.5,4.76,4.59,4.75,4.85,4.85,0.26,116413,38.5,6.59,0,0,None,LOW,0,"Routine milking, clean dry udder cloth, post-milking dip (0.5% povidone iodine).",No medication needed. Maintain clean bedding and nutrition.
COW-1372,Kapila,Red Sindhi,6.7,5,58,11.3,11.3,0.0,4.63,4.61,4.76,4.6,4.76,0.16,145292,38.7,6.64,0,0,None,LOW,0,"Routine milking, clean dry udder cloth, post-milking dip (0.5% povidone iodine).",No medication needed. Maintain clean bedding and nutrition.
COW-1373,Surabhi,Murrah Buffalo,3.1,5,234,16.6,16.4,1.2,4.6,4.58,4.63,4.49,4.63,0.14,50000,38.7,6.5,0,0,None,LOW,0,"Routine milking, clean dry udder cloth, post-milking dip (0.5% povidone iodine).",No medication needed. Maintain clean bedding and nutrition.
COW-1374,Sita,HF Cross,6.2,2,48,20.1,19.6,2.6,4.93,4.79,4.88,4.87,4.93,0.14,89046,38.2,6.61,0,0,None,LOW,0,"Routine milking, clean dry udder cloth, post-milking dip (0.5% povidone iodine).",No medication needed. Maintain clean bedding and nutrition.
COW-1375,Meera,Murrah Buffalo,4.9,6,24,16.6,16.3,2.1,4.81,4.8,4.75,4.69,4.81,0.12,109822,38.2,6.55,0,0,None,LOW,0,"Routine milking, clean dry udder cloth, post-milking dip (0.5% povidone iodine).",No medication needed. Maintain clean bedding and nutrition.
COW-1376,Devi,Red Sindhi,4.1,6,203,10.9,9.8,10.2,6.78,4.89,4.88,4.87,6.78,1.91,216476,38.8,6.82,0,1,LF,MEDIUM,5991,Subclinical warning in LF quarter. Apply ICAR herbal paste 3x daily for 5 days. Strip affected quarter completely.,ICAR Formulation: 250g Aloe Vera + 50g Pure Turmeric + 15g Edible Lime (Chuna) ground into paste.
COW-1377,Kapila,Gir,4.8,6,287,15.3,14.8,3.3,4.96,4.99,5.1,5.01,5.1,0.14,150275,38.5,6.52,0,0,None,LOW,0,"Routine milking, clean dry udder cloth, post-milking dip (0.5% povidone iodine).",No medication needed. Maintain clean bedding and nutrition.
COW-1378,Gauri,Gir,5.1,6,281,14.3,14.2,0.8,4.76,4.71,4.54,4.72,4.76,0.22,124451,38.5,6.52,0,0,None,LOW,0,"Routine milking, clean dry udder cloth, post-milking dip (0.5% povidone iodine).",No medication needed. Maintain clean bedding and nutrition.
COW-1379,Lakshmi,Gir,5.2,3,196,19.2,19.2,0.0,5.07,4.94,4.98,5.16,5.16,0.22,99031,38.5,6.68,0,0,None,LOW,0,"Routine milking, clean dry udder cloth, post-milking dip (0.5% povidone iodine).",No medication needed. Maintain clean bedding and nutrition.
COW-1380,Kamdhenu,Murrah Buffalo,5.9,5,284,12.5,12.4,0.5,5.1,5.14,4.94,5.21,5.21,0.27,73525,38.8,6.57,0,0,None,LOW,0,"Routine milking, clean dry udder cloth, post-milking dip (0.5% povidone iodine).",No medication needed. Maintain clean bedding and nutrition.
COW-1381,Radha,Murrah Buffalo,5.9,6,92,12.1,9.6,20.5,4.93,5.16,6.84,5.11,6.84,1.91,392793,38.6,6.97,0,1,LH,MEDIUM,9136,Subclinical warning in LH quarter. Apply ICAR herbal paste 3x daily for 5 days. Strip affected quarter completely.,ICAR Formulation: 250g Aloe Vera + 50g Pure Turmeric + 15g Edible Lime (Chuna) ground into paste.
COW-1382,Ganga,Murrah Buffalo,8.8,6,82,12.5,12.4,0.6,5.11,5.11,4.99,5.0,5.11,0.12,153727,38.4,6.7,0,0,None,LOW,0,"Routine milking, clean dry udder cloth, post-milking dip (0.5% povidone iodine).",No medication needed. Maintain clean bedding and nutrition.
COW-1383,Ganga,Tharparkar,9.3,5,180,12.7,12.2,3.8,4.92,4.95,4.8,4.78,4.95,0.17,155973,38.6,6.66,0,0,None,LOW,0,"Routine milking, clean dry udder cloth, post-milking dip (0.5% povidone iodine).",No medication needed. Maintain clean bedding and nutrition.
COW-1384,Tulsi,HF Cross,8.8,2,232,26.0,9.0,65.2,7.85,7.61,7.55,7.83,7.85,0.3,1211201,39.9,7.32,2,1,RF,HIGH,45803,Urgent: Acute clinical mastitis! Isolate animal immediately. Call government veterinary officer (1962). Administer prescribed veterinary therapy.,Immediate veterinary antibiotic injection + anti-inflammatory + frequent cold water fanning and stripping.
COW-1385,Kalyani,Sahiwal,7.6,3,223,19.8,19.6,1.0,5.04,4.99,5.02,4.84,5.04,0.2,106279,38.9,6.59,0,0,None,LOW,0,"Routine milking, clean dry udder cloth, post-milking dip (0.5% povidone iodine).",No medication needed. Maintain clean bedding and nutrition.
COW-1386,Meera,Gir,3.4,1,148,17.6,14.9,15.6,4.67,6.86,4.9,4.71,6.86,2.19,332927,38.5,6.74,1,0,RF,MEDIUM,8705,Subclinical warning in RF quarter. Apply ICAR herbal paste 3x daily for 5 days. Strip affected quarter completely.,ICAR Formulation: 250g Aloe Vera + 50g Pure Turmeric + 15g Edible Lime (Chuna) ground into paste.
COW-1387,Surabhi,Tharparkar,5.8,2,110,11.4,11.1,2.3,5.21,5.22,5.0,5.13,5.22,0.22,172014,38.4,6.52,0,0,None,LOW,0,"Routine milking, clean dry udder cloth, post-milking dip (0.5% povidone iodine).",No medication needed. Maintain clean bedding and nutrition.
COW-1388,Meera,Red Sindhi,3.9,2,236,15.2,15.1,0.4,4.68,4.62,4.67,4.56,4.68,0.12,171499,38.6,6.64,0,0,None,LOW,0,"Routine milking, clean dry udder cloth, post-milking dip (0.5% povidone iodine).",No medication needed. Maintain clean bedding and nutrition.
COW-1389,Tulsi,Red Sindhi,5.2,3,213,13.7,11.7,14.7,6.68,5.06,4.82,5.11,6.68,1.86,220473,39.2,6.79,0,1,LF,MEDIUM,7702,Subclinical warning in LF quarter. Apply ICAR herbal paste 3x daily for 5 days. Strip affected quarter completely.,ICAR Formulation: 250g Aloe Vera + 50g Pure Turmeric + 15g Edible Lime (Chuna) ground into paste.
COW-1390,Bhavani,HF Cross,9.2,2,161,21.5,11.8,45.0,7.38,7.49,7.16,7.43,7.49,0.33,1112208,40.7,7.33,2,2,LH,HIGH,31981,Urgent: Acute clinical mastitis! Isolate animal immediately. Call government veterinary officer (1962). Administer prescribed veterinary therapy.,Immediate veterinary antibiotic injection + anti-inflammatory + frequent cold water fanning and stripping.
COW-1391,Tulsi,Rathi,3.3,5,81,12.4,12.0,2.9,4.5,4.63,4.63,4.63,4.63,0.13,145956,38.9,6.54,0,0,None,LOW,0,"Routine milking, clean dry udder cloth, post-milking dip (0.5% povidone iodine).",No medication needed. Maintain clean bedding and nutrition.
COW-1392,Kamdhenu,Murrah Buffalo,4.8,6,95,16.3,15.9,2.3,4.55,4.53,4.58,4.53,4.58,0.05,131995,38.6,6.67,0,0,None,LOW,0,"Routine milking, clean dry udder cloth, post-milking dip (0.5% povidone iodine).",No medication needed. Maintain clean bedding and nutrition.
COW-1393,Bhavani,Rathi,6.8,2,205,13.3,13.3,0.2,4.55,4.71,4.71,4.5,4.71,0.21,148840,38.7,6.56,0,0,None,LOW,0,"Routine milking, clean dry udder cloth, post-milking dip (0.5% povidone iodine).",No medication needed. Maintain clean bedding and nutrition.
COW-1394,Ganga,Sahiwal,7.9,1,226,15.8,14.2,10.1,4.75,4.96,4.98,6.81,6.81,2.06,246863,38.5,6.98,1,1,RH,MEDIUM,6148,Subclinical warning in RH quarter. Apply ICAR herbal paste 3x daily for 5 days. Strip affected quarter completely.,ICAR Formulation: 250g Aloe Vera + 50g Pure Turmeric + 15g Edible Lime (Chuna) ground into paste.
COW-1395,Bhavani,Gir,6.8,4,133,15.3,12.7,16.7,4.78,4.94,4.83,6.72,6.72,1.94,242775,38.7,6.8,0,0,RH,MEDIUM,7723,Subclinical warning in RH quarter. Apply ICAR herbal paste 3x daily for 5 days. Strip affected quarter completely.,ICAR Formulation: 250g Aloe Vera + 50g Pure Turmeric + 15g Edible Lime (Chuna) ground into paste.
COW-1396,Ganga,Gir,7.1,1,86,19.1,15.7,17.9,4.74,4.75,6.35,4.76,6.35,1.61,341518,39.0,6.89,0,1,LH,MEDIUM,9299,Subclinical warning in LH quarter. Apply ICAR herbal paste 3x daily for 5 days. Strip affected quarter completely.,ICAR Formulation: 250g Aloe Vera + 50g Pure Turmeric + 15g Edible Lime (Chuna) ground into paste.
COW-1397,Sita,Murrah Buffalo,9.0,1,165,13.9,4.2,70.1,8.22,7.76,8.0,7.79,8.22,0.46,995922,40.1,7.29,2,2,LF,HIGH,51685,Urgent: Acute clinical mastitis! Isolate animal immediately. Call government veterinary officer (1962). Administer prescribed veterinary therapy.,Immediate veterinary antibiotic injection + anti-inflammatory + frequent cold water fanning and stripping.
COW-1398,Surabhi,Rathi,4.0,2,41,10.7,9.2,13.8,6.75,5.07,5.09,4.88,6.75,1.87,302591,39.2,6.86,1,0,LF,MEDIUM,7588,Subclinical warning in LF quarter. Apply ICAR herbal paste 3x daily for 5 days. Strip affected quarter completely.,ICAR Formulation: 250g Aloe Vera + 50g Pure Turmeric + 15g Edible Lime (Chuna) ground into paste.
COW-1399,Sita,Tharparkar,6.1,6,266,13.0,12.8,1.8,4.93,5.01,4.72,4.72,5.01,0.29,155720,38.6,6.65,0,0,None,LOW,0,"Routine milking, clean dry udder cloth, post-milking dip (0.5% povidone iodine).",No medication needed. Maintain clean bedding and nutrition.
COW-1400,Gauri,Red Sindhi,3.3,2,224,12.5,12.4,0.7,4.88,4.69,4.75,4.77,4.88,0.19,84610,38.6,6.54,0,0,None,LOW,0,"Routine milking, clean dry udder cloth, post-milking dip (0.5% povidone iodine).",No medication needed. Maintain clean bedding and nutrition.
COW-1401,Bhavani,Gir,4.7,5,177,18.6,18.2,2.0,4.67,4.72,4.84,4.8,4.84,0.17,150522,38.7,6.58,0,0,None,LOW,0,"Routine milking, clean dry udder cloth, post-milking dip (0.5% povidone iodine).",No medication needed. Maintain clean bedding and nutrition.
COW-1402,Meera,Murrah Buffalo,8.3,6,257,17.5,14.9,15.0,4.98,6.92,4.95,4.89,6.92,2.03,439155,38.9,7.0,0,1,RF,MEDIUM,7907,Subclinical warning in RF quarter. Apply ICAR herbal paste 3x daily for 5 days. Strip affected quarter completely.,ICAR Formulation: 250g Aloe Vera + 50g Pure Turmeric + 15g Edible Lime (Chuna) ground into paste.
COW-1403,Tulsi,HF Cross,4.7,5,21,19.7,17.3,12.0,4.63,4.84,6.47,4.7,6.47,1.84,359585,38.5,6.88,1,0,LH,MEDIUM,6918,Subclinical warning in LH quarter. Apply ICAR herbal paste 3x daily for 5 days. Strip affected quarter completely.,ICAR Formulation: 250g Aloe Vera + 50g Pure Turmeric + 15g Edible Lime (Chuna) ground into paste.
COW-1404,Kamdhenu,Red Sindhi,8.0,3,173,14.3,14.1,1.3,4.67,4.51,4.65,4.49,4.67,0.18,143340,38.8,6.62,0,0,None,LOW,0,"Routine milking, clean dry udder cloth, post-milking dip (0.5% povidone iodine).",No medication needed. Maintain clean bedding and nutrition.
COW-1405,Yamuna,Murrah Buffalo,3.7,3,31,16.7,7.2,56.9,7.69,7.75,7.3,7.42,7.75,0.45,771495,40.1,7.12,2,2,RH,HIGH,41813,Urgent: Acute clinical mastitis! Isolate animal immediately. Call government veterinary officer (1962). Administer prescribed veterinary therapy.,Immediate veterinary antibiotic injection + anti-inflammatory + frequent cold water fanning and stripping.
COW-1406,Ganga,Red Sindhi,8.6,5,79,11.2,11.0,2.1,4.84,4.62,4.68,4.6,4.84,0.24,109681,38.6,6.68,0,0,None,LOW,0,"Routine milking, clean dry udder cloth, post-milking dip (0.5% povidone iodine).",No medication needed. Maintain clean bedding and nutrition.
COW-1407,Kalyani,Rathi,8.6,3,251,15.3,15.2,0.6,5.03,4.82,5.04,5.0,5.04,0.22,88144,38.6,6.65,0,0,None,LOW,0,"Routine milking, clean dry udder cloth, post-milking dip (0.5% povidone iodine).",No medication needed. Maintain clean bedding and nutrition.
COW-1408,Meera,Murrah Buffalo,3.9,3,153,15.2,12.7,16.5,6.14,4.72,4.97,4.85,6.14,1.42,310618,38.8,6.76,1,1,LF,MEDIUM,7564,Subclinical warning in LF quarter. Apply ICAR herbal paste 3x daily for 5 days. Strip affected quarter completely.,ICAR Formulation: 250g Aloe Vera + 50g Pure Turmeric + 15g Edible Lime (Chuna) ground into paste.
COW-1409,Tulsi,Red Sindhi,4.5,2,99,10.4,9.3,11.0,4.84,4.83,6.55,4.84,6.55,1.72,365379,38.8,6.85,1,0,LH,MEDIUM,6793,Subclinical warning in LH quarter. Apply ICAR herbal paste 3x daily for 5 days. Strip affected quarter completely.,ICAR Formulation: 250g Aloe Vera + 50g Pure Turmeric + 15g Edible Lime (Chuna) ground into paste.
COW-1410,Sita,Rathi,6.9,6,240,13.7,13.6,0.9,5.05,5.04,5.0,5.13,5.13,0.13,98937,38.4,6.62,0,0,None,LOW,0,"Routine milking, clean dry udder cloth, post-milking dip (0.5% povidone iodine).",No medication needed. Maintain clean bedding and nutrition.
COW-1411,Bhavani,Red Sindhi,5.8,2,59,14.9,4.0,73.2,6.58,6.78,6.85,6.68,6.85,0.27,1804437,40.0,7.28,2,1,RH,HIGH,48827,Urgent: Acute clinical mastitis! Isolate animal immediately. Call government veterinary officer (1962). Administer prescribed veterinary therapy.,Immediate veterinary antibiotic injection + anti-inflammatory + frequent cold water fanning and stripping.
COW-1412,Devi,Murrah Buffalo,5.2,6,181,16.7,8.4,49.9,7.21,7.24,7.46,7.68,7.68,0.47,1526406,39.6,7.05,2,2,RH,HIGH,42853,Urgent: Acute clinical mastitis! Isolate animal immediately. Call government veterinary officer (1962). Administer prescribed veterinary therapy.,Immediate veterinary antibiotic injection + anti-inflammatory + frequent cold water fanning and stripping.
COW-1413,Sita,Sahiwal,6.1,4,66,16.0,13.7,14.6,4.94,4.94,7.14,4.98,7.14,2.2,213204,39.1,6.78,1,0,LH,MEDIUM,8276,Subclinical warning in LH quarter. Apply ICAR herbal paste 3x daily for 5 days. Strip affected quarter completely.,ICAR Formulation: 250g Aloe Vera + 50g Pure Turmeric + 15g Edible Lime (Chuna) ground into paste.
COW-1414,Tulsi,Rathi,5.5,4,187,13.3,12.8,3.8,4.77,5.03,4.92,4.89,5.03,0.26,195000,38.4,6.59,0,0,None,LOW,0,"Routine milking, clean dry udder cloth, post-milking dip (0.5% povidone iodine).",No medication needed. Maintain clean bedding and nutrition.
COW-1415,Sita,Rathi,5.7,5,61,14.9,14.5,3.0,4.94,4.96,5.17,5.15,5.17,0.23,195000,38.9,6.65,0,0,None,LOW,0,"Routine milking, clean dry udder cloth, post-milking dip (0.5% povidone iodine).",No medication needed. Maintain clean bedding and nutrition.
COW-1416,Surabhi,Murrah Buffalo,6.0,6,43,12.5,10.9,12.5,6.73,5.06,5.02,5.11,6.73,1.71,361476,39.0,6.78,1,1,LF,MEDIUM,7042,Subclinical warning in LF quarter. Apply ICAR herbal paste 3x daily for 5 days. Strip affected quarter completely.,ICAR Formulation: 250g Aloe Vera + 50g Pure Turmeric + 15g Edible Lime (Chuna) ground into paste.
COW-1417,Bhavani,HF Cross,4.6,4,188,25.9,25.7,0.8,4.87,4.97,4.97,4.74,4.97,0.23,101363,38.5,6.57,0,0,None,LOW,0,"Routine milking, clean dry udder cloth, post-milking dip (0.5% povidone iodine).",No medication needed. Maintain clean bedding and nutrition.
COW-1418,Devi,Rathi,9.3,1,195,10.7,10.3,3.7,4.5,4.55,4.56,4.58,4.58,0.08,154373,38.7,6.59,0,0,None,LOW,0,"Routine milking, clean dry udder cloth, post-milking dip (0.5% povidone iodine).",No medication needed. Maintain clean bedding and nutrition.
COW-1419,Surabhi,Tharparkar,5.5,2,100,12.8,12.8,0.0,4.86,4.83,4.63,4.88,4.88,0.25,90040,38.5,6.54,0,0,None,LOW,0,"Routine milking, clean dry udder cloth, post-milking dip (0.5% povidone iodine).",No medication needed. Maintain clean bedding and nutrition.
COW-1420,Gauri,Sahiwal,3.4,1,20,14.9,6.6,56.0,7.67,7.12,7.46,7.32,7.67,0.55,1171061,40.2,7.48,2,2,Both Front,HIGH,38945,Urgent: Acute clinical mastitis! Isolate animal immediately. Call government veterinary officer (1962). Administer prescribed veterinary therapy.,Immediate veterinary antibiotic injection + anti-inflammatory + frequent cold water fanning and stripping.
COW-1421,Kapila,Rathi,5.5,4,208,12.1,11.7,3.3,4.89,4.97,4.78,4.86,4.97,0.19,152078,38.3,6.69,0,0,None,LOW,0,"Routine milking, clean dry udder cloth, post-milking dip (0.5% povidone iodine).",No medication needed. Maintain clean bedding and nutrition.
COW-1422,Surabhi,Rathi,6.5,1,31,13.4,10.9,19.0,7.05,4.86,5.06,5.0,7.05,2.19,360746,38.7,6.74,1,1,LF,MEDIUM,9208,Subclinical warning in LF quarter. Apply ICAR herbal paste 3x daily for 5 days. Strip affected quarter completely.,ICAR Formulation: 250g Aloe Vera + 50g Pure Turmeric + 15g Edible Lime (Chuna) ground into paste.
COW-1423,Kamdhenu,Rathi,8.7,1,137,12.8,11.5,10.1,6.78,5.07,5.08,5.16,6.78,1.71,293945,39.1,6.97,1,1,LF,MEDIUM,6210,Subclinical warning in LF quarter. Apply ICAR herbal paste 3x daily for 5 days. Strip affected quarter completely.,ICAR Formulation: 250g Aloe Vera + 50g Pure Turmeric + 15g Edible Lime (Chuna) ground into paste.
COW-1424,Tulsi,Murrah Buffalo,5.4,3,160,13.0,10.2,21.9,5.08,4.93,6.32,4.96,6.32,1.39,428027,38.7,6.73,0,1,LH,MEDIUM,10157,Subclinical warning in LH quarter. Apply ICAR herbal paste 3x daily for 5 days. Strip affected quarter completely.,ICAR Formulation: 250g Aloe Vera + 50g Pure Turmeric + 15g Edible Lime (Chuna) ground into paste.
COW-1425,Kamdhenu,Sahiwal,6.0,3,141,14.8,14.6,1.3,4.87,4.9,4.92,5.04,5.04,0.17,134931,38.2,6.6,0,0,None,LOW,0,"Routine milking, clean dry udder cloth, post-milking dip (0.5% povidone iodine).",No medication needed. Maintain clean bedding and nutrition.
COW-1426,Ganga,HF Cross,5.6,2,145,24.3,24.1,0.7,4.62,4.47,4.75,4.75,4.75,0.28,113688,38.2,6.61,0,0,None,LOW,0,"Routine milking, clean dry udder cloth, post-milking dip (0.5% povidone iodine).",No medication needed. Maintain clean bedding and nutrition.
COW-1427,Sita,Red Sindhi,3.6,4,223,14.6,14.0,4.2,4.81,4.68,4.83,4.72,4.83,0.15,89052,38.2,6.58,0,0,None,LOW,0,"Routine milking, clean dry udder cloth, post-milking dip (0.5% povidone iodine).",No medication needed. Maintain clean bedding and nutrition.
COW-1428,Gauri,Murrah Buffalo,7.8,1,38,13.0,12.7,2.2,4.75,4.76,4.69,4.64,4.76,0.12,188144,38.4,6.54,0,0,None,LOW,0,"Routine milking, clean dry udder cloth, post-milking dip (0.5% povidone iodine).",No medication needed. Maintain clean bedding and nutrition.
COW-1429,Tulsi,Tharparkar,5.8,2,283,15.2,14.7,3.3,5.04,5.11,5.19,5.11,5.19,0.15,95056,38.6,6.63,0,0,None,LOW,0,"Routine milking, clean dry udder cloth, post-milking dip (0.5% povidone iodine).",No medication needed. Maintain clean bedding and nutrition.
COW-1430,Lakshmi,Gir,8.9,6,193,19.7,19.6,0.3,5.16,5.0,4.98,4.93,5.16,0.23,126494,38.5,6.53,0,0,None,LOW,0,"Routine milking, clean dry udder cloth, post-milking dip (0.5% povidone iodine).",No medication needed. Maintain clean bedding and nutrition.
COW-1431,Gauri,Rathi,5.2,6,135,14.4,14.4,0.3,4.57,4.67,4.52,4.63,4.67,0.15,122073,38.6,6.63,0,0,None,LOW,0,"Routine milking, clean dry udder cloth, post-milking dip (0.5% povidone iodine).",No medication needed. Maintain clean bedding and nutrition.
COW-1432,Gauri,Gir,8.3,1,222,14.6,14.5,0.4,4.68,4.7,4.68,4.62,4.7,0.08,182244,38.4,6.58,0,0,None,LOW,0,"Routine milking, clean dry udder cloth, post-milking dip (0.5% povidone iodine).",No medication needed. Maintain clean bedding and nutrition.
COW-1433,Kamdhenu,Gir,9.1,6,123,19.7,17.3,12.2,6.75,4.71,4.82,4.79,6.75,2.04,210000,39.0,6.88,0,0,LF,MEDIUM,6288,Subclinical warning in LF quarter. Apply ICAR herbal paste 3x daily for 5 days. Strip affected quarter completely.,ICAR Formulation: 250g Aloe Vera + 50g Pure Turmeric + 15g Edible Lime (Chuna) ground into paste.
COW-1434,Radha,Tharparkar,7.1,1,244,15.5,15.5,0.0,4.88,4.84,4.7,4.65,4.88,0.23,120153,38.5,6.61,0,0,None,LOW,0,"Routine milking, clean dry udder cloth, post-milking dip (0.5% povidone iodine).",No medication needed. Maintain clean bedding and nutrition.
COW-1435,Kamdhenu,Murrah Buffalo,7.9,4,210,14.0,13.7,1.9,5.0,5.06,5.07,5.2,5.2,0.2,111483,38.7,6.5,0,0,None,LOW,0,"Routine milking, clean dry udder cloth, post-milking dip (0.5% povidone iodine).",No medication needed. Maintain clean bedding and nutrition.
COW-1436,Sita,Tharparkar,3.7,4,67,10.9,8.9,18.7,4.89,6.28,4.93,4.87,6.28,1.41,225039,38.9,6.82,1,0,RF,MEDIUM,9881,Subclinical warning in RF quarter. Apply ICAR herbal paste 3x daily for 5 days. Strip affected quarter completely.,ICAR Formulation: 250g Aloe Vera + 50g Pure Turmeric + 15g Edible Lime (Chuna) ground into paste.
COW-1437,Kapila,Sahiwal,7.1,1,31,18.0,17.9,0.3,5.04,4.94,4.92,5.05,5.05,0.13,73470,38.7,6.54,0,0,None,LOW,0,"Routine milking, clean dry udder cloth, post-milking dip (0.5% povidone iodine).",No medication needed. Maintain clean bedding and nutrition.
COW-1438,Kapila,Tharparkar,5.6,6,47,13.2,13.0,1.6,5.17,5.07,5.09,5.2,5.2,0.13,137019,38.7,6.52,0,0,None,LOW,0,"Routine milking, clean dry udder cloth, post-milking dip (0.5% povidone iodine).",No medication needed. Maintain clean bedding and nutrition.
COW-1439,Nandini,Murrah Buffalo,7.3,4,40,15.8,7.9,50.1,7.44,7.13,7.44,7.39,7.44,0.31,1350085,40.5,7.28,2,1,LF,HIGH,35943,Urgent: Acute clinical mastitis! Isolate animal immediately. Call government veterinary officer (1962). Administer prescribed veterinary therapy.,Immediate veterinary antibiotic injection + anti-inflammatory + frequent cold water fanning and stripping.
COW-1440,Yamuna,Gir,9.3,6,109,15.8,15.8,0.0,4.62,4.56,4.68,4.55,4.68,0.13,117154,38.3,6.59,0,0,None,LOW,0,"Routine milking, clean dry udder cloth, post-milking dip (0.5% povidone iodine).",No medication needed. Maintain clean bedding and nutrition.
COW-1441,Meera,Sahiwal,2.7,1,134,16.9,16.9,0.0,4.77,4.83,4.92,4.81,4.92,0.15,50000,38.6,6.63,0,0,None,LOW,0,"Routine milking, clean dry udder cloth, post-milking dip (0.5% povidone iodine).",No medication needed. Maintain clean bedding and nutrition.
COW-1442,Lakshmi,Gir,4.9,3,33,16.4,16.2,1.5,4.9,5.02,5.0,4.9,5.02,0.12,94659,38.6,6.7,0,0,None,LOW,0,"Routine milking, clean dry udder cloth, post-milking dip (0.5% povidone iodine).",No medication needed. Maintain clean bedding and nutrition.
COW-1443,Tulsi,Rathi,4.1,1,30,14.4,14.3,0.5,4.63,4.55,4.43,4.56,4.63,0.2,104519,38.5,6.66,0,0,None,LOW,0,"Routine milking, clean dry udder cloth, post-milking dip (0.5% povidone iodine).",No medication needed. Maintain clean bedding and nutrition.
COW-1444,Lakshmi,Sahiwal,6.9,3,61,16.7,16.4,1.7,4.95,4.74,4.85,4.94,4.95,0.21,102028,38.4,6.52,0,0,None,LOW,0,"Routine milking, clean dry udder cloth, post-milking dip (0.5% povidone iodine).",No medication needed. Maintain clean bedding and nutrition.
COW-1445,Meera,Gir,8.1,4,184,18.9,5.0,73.8,7.08,7.41,7.33,7.2,7.41,0.33,1768637,40.3,7.21,2,1,Both Front,HIGH,45646,Urgent: Acute clinical mastitis! Isolate animal immediately. Call government veterinary officer (1962). Administer prescribed veterinary therapy.,Immediate veterinary antibiotic injection + anti-inflammatory + frequent cold water fanning and stripping.
COW-1446,Sita,Sahiwal,4.8,1,152,14.8,14.6,1.4,4.93,4.9,5.05,4.78,5.05,0.27,119786,38.2,6.63,0,0,None,LOW,0,"Routine milking, clean dry udder cloth, post-milking dip (0.5% povidone iodine).",No medication needed. Maintain clean bedding and nutrition.
COW-1447,Kamdhenu,Red Sindhi,8.4,5,204,14.7,14.6,0.4,4.64,4.7,4.67,4.84,4.84,0.2,123683,38.9,6.6,0,0,None,LOW,0,"Routine milking, clean dry udder cloth, post-milking dip (0.5% povidone iodine).",No medication needed. Maintain clean bedding and nutrition.
COW-1448,Devi,Murrah Buffalo,5.4,4,76,13.2,10.4,21.4,5.04,4.94,4.77,6.61,6.61,1.84,290154,39.1,6.83,1,1,RH,MEDIUM,9847,Subclinical warning in RH quarter. Apply ICAR herbal paste 3x daily for 5 days. Strip affected quarter completely.,ICAR Formulation: 250g Aloe Vera + 50g Pure Turmeric + 15g Edible Lime (Chuna) ground into paste.
COW-1449,Lakshmi,Rathi,4.1,1,283,15.9,12.7,20.1,4.97,6.28,4.8,4.82,6.28,1.48,219320,39.0,6.77,1,1,RF,MEDIUM,8896,Subclinical warning in RF quarter. Apply ICAR herbal paste 3x daily for 5 days. Strip affected quarter completely.,ICAR Formulation: 250g Aloe Vera + 50g Pure Turmeric + 15g Edible Lime (Chuna) ground into paste.
COW-1450,Ganga,HF Cross,9.0,1,198,20.3,19.6,3.4,4.79,4.78,4.56,4.77,4.79,0.23,195000,38.7,6.55,0,0,None,LOW,0,"Routine milking, clean dry udder cloth, post-milking dip (0.5% povidone iodine).",No medication needed. Maintain clean bedding and nutrition.
COW-1451,Devi,Rathi,3.7,1,260,13.1,13.1,0.2,4.62,4.67,4.62,4.72,4.72,0.1,132374,38.7,6.61,0,0,None,LOW,0,"Routine milking, clean dry udder cloth, post-milking dip (0.5% povidone iodine).",No medication needed. Maintain clean bedding and nutrition.
COW-1452,Devi,Murrah Buffalo,4.1,1,178,13.4,13.3,0.9,4.66,4.86,4.62,4.77,4.86,0.24,107475,38.7,6.56,0,0,None,LOW,0,"Routine milking, clean dry udder cloth, post-milking dip (0.5% povidone iodine).",No medication needed. Maintain clean bedding and nutrition.
COW-1453,Lakshmi,Tharparkar,3.5,5,244,11.1,11.1,0.0,4.68,4.73,4.71,4.73,4.73,0.05,96570,38.6,6.7,0,0,None,LOW,0,"Routine milking, clean dry udder cloth, post-milking dip (0.5% povidone iodine).",No medication needed. Maintain clean bedding and nutrition.
COW-1454,Lakshmi,HF Cross,6.5,3,81,18.9,18.5,2.2,4.83,4.67,4.69,4.65,4.83,0.18,130847,38.8,6.58,0,0,None,LOW,0,"Routine milking, clean dry udder cloth, post-milking dip (0.5% povidone iodine).",No medication needed. Maintain clean bedding and nutrition.
COW-1455,Bhavani,HF Cross,9.2,2,129,18.7,8.4,55.0,8.05,8.21,8.2,7.93,8.21,0.28,828162,40.4,7.22,2,1,RH,HIGH,39560,Urgent: Acute clinical mastitis! Isolate animal immediately. Call government veterinary officer (1962). Administer prescribed veterinary therapy.,Immediate veterinary antibiotic injection + anti-inflammatory + frequent cold water fanning and stripping.
COW-1456,Nandini,Tharparkar,6.6,5,88,15.5,6.4,58.6,8.18,8.44,8.62,8.18,8.62,0.44,1545005,40.7,7.6,2,2,RH,HIGH,38905,Urgent: Acute clinical mastitis! Isolate animal immediately. Call government veterinary officer (1962). Administer prescribed veterinary therapy.,Immediate veterinary antibiotic injection + anti-inflammatory + frequent cold water fanning and stripping.
COW-1457,Kapila,Tharparkar,4.2,5,18,14.2,14.1,1.0,4.59,4.55,4.78,4.49,4.78,0.29,150287,38.6,6.59,0,0,None,LOW,0,"Routine milking, clean dry udder cloth, post-milking dip (0.5% povidone iodine).",No medication needed. Maintain clean bedding and nutrition.
COW-1458,Gauri,Murrah Buffalo,3.6,4,24,17.9,17.3,3.5,4.64,4.49,4.69,4.62,4.69,0.2,141846,38.4,6.59,0,0,None,LOW,0,"Routine milking, clean dry udder cloth, post-milking dip (0.5% povidone iodine).",No medication needed. Maintain clean bedding and nutrition.
COW-1459,Tulsi,HF Cross,2.5,6,48,21.1,17.3,18.2,6.26,4.91,4.88,4.87,6.26,1.39,249542,39.1,6.93,1,0,LF,MEDIUM,8924,Subclinical warning in LF quarter. Apply ICAR herbal paste 3x daily for 5 days. Strip affected quarter completely.,ICAR Formulation: 250g Aloe Vera + 50g Pure Turmeric + 15g Edible Lime (Chuna) ground into paste.
COW-1460,Devi,HF Cross,5.0,1,68,21.1,20.4,3.4,4.48,4.57,4.59,4.54,4.59,0.11,125867,38.2,6.54,0,0,None,LOW,0,"Routine milking, clean dry udder cloth, post-milking dip (0.5% povidone iodine).",No medication needed. Maintain clean bedding and nutrition.
COW-1461,Bhavani,Sahiwal,3.5,3,134,17.2,15.4,10.7,5.15,6.7,5.2,5.08,6.7,1.62,318399,38.6,6.78,1,1,RF,MEDIUM,6171,Subclinical warning in RF quarter. Apply ICAR herbal paste 3x daily for 5 days. Strip affected quarter completely.,ICAR Formulation: 250g Aloe Vera + 50g Pure Turmeric + 15g Edible Lime (Chuna) ground into paste.
COW-1462,Kapila,Rathi,6.2,1,252,14.3,12.5,12.3,4.89,4.98,7.01,5.07,7.01,2.12,378843,38.9,6.8,1,0,LH,MEDIUM,5969,Subclinical warning in LH quarter. Apply ICAR herbal paste 3x daily for 5 days. Strip affected quarter completely.,ICAR Formulation: 250g Aloe Vera + 50g Pure Turmeric + 15g Edible Lime (Chuna) ground into paste.
COW-1463,Surabhi,Sahiwal,4.5,1,67,15.0,14.4,3.9,4.48,4.5,4.72,4.45,4.72,0.27,117161,38.4,6.52,0,0,None,LOW,0,"Routine milking, clean dry udder cloth, post-milking dip (0.5% povidone iodine).",No medication needed. Maintain clean bedding and nutrition.
COW-1464,Surabhi,HF Cross,6.3,2,254,20.8,20.2,3.0,4.82,4.76,5.0,4.81,5.0,0.24,118718,38.7,6.67,0,0,None,LOW,0,"Routine milking, clean dry udder cloth, post-milking dip (0.5% povidone iodine).",No medication needed. Maintain clean bedding and nutrition.
COW-1465,Yamuna,HF Cross,4.9,5,187,23.2,18.7,19.5,5.06,5.1,4.98,6.33,6.33,1.35,289786,38.9,6.82,0,1,RH,MEDIUM,8789,Subclinical warning in RH quarter. Apply ICAR herbal paste 3x daily for 5 days. Strip affected quarter completely.,ICAR Formulation: 250g Aloe Vera + 50g Pure Turmeric + 15g Edible Lime (Chuna) ground into paste.
COW-1466,Kapila,Murrah Buffalo,9.3,1,87,14.1,13.6,3.3,4.73,4.66,4.54,4.74,4.74,0.2,98370,38.6,6.51,0,0,None,LOW,0,"Routine milking, clean dry udder cloth, post-milking dip (0.5% povidone iodine).",No medication needed. Maintain clean bedding and nutrition.
COW-1467,Kalyani,HF Cross,7.4,6,90,19.3,19.1,1.1,5.12,5.08,5.06,5.01,5.12,0.11,113738,38.5,6.6,0,0,None,LOW,0,"Routine milking, clean dry udder cloth, post-milking dip (0.5% povidone iodine).",No medication needed. Maintain clean bedding and nutrition.
COW-1468,Tulsi,Gir,7.2,3,87,16.2,16.2,0.0,4.54,4.72,4.57,4.6,4.72,0.18,150534,38.4,6.63,0,0,None,LOW,0,"Routine milking, clean dry udder cloth, post-milking dip (0.5% povidone iodine).",No medication needed. Maintain clean bedding and nutrition.
COW-1469,Ganga,Tharparkar,9.0,2,14,15.8,15.7,0.5,4.85,4.74,4.92,4.95,4.95,0.21,134423,38.9,6.52,0,0,None,LOW,0,"Routine milking, clean dry udder cloth, post-milking dip (0.5% povidone iodine).",No medication needed. Maintain clean bedding and nutrition.
COW-1470,Bhavani,Rathi,7.2,5,238,12.0,11.7,2.2,4.65,4.84,4.67,4.64,4.84,0.2,147986,38.5,6.6,0,0,None,LOW,0,"Routine milking, clean dry udder cloth, post-milking dip (0.5% povidone iodine).",No medication needed. Maintain clean bedding and nutrition.
COW-1471,Sita,Red Sindhi,4.0,3,59,12.0,10.2,15.3,4.91,6.73,4.93,4.85,6.73,1.88,364430,39.1,6.85,0,1,RF,MEDIUM,7253,Subclinical warning in RF quarter. Apply ICAR herbal paste 3x daily for 5 days. Strip affected quarter completely.,ICAR Formulation: 250g Aloe Vera + 50g Pure Turmeric + 15g Edible Lime (Chuna) ground into paste.
COW-1472,Kapila,Murrah Buffalo,6.7,5,40,17.5,17.3,1.3,4.69,4.55,4.55,4.52,4.69,0.17,121555,38.6,6.69,0,0,None,LOW,0,"Routine milking, clean dry udder cloth, post-milking dip (0.5% povidone iodine).",No medication needed. Maintain clean bedding and nutrition.
COW-1473,Nandini,Murrah Buffalo,9.3,5,56,13.3,6.0,54.8,8.67,8.36,8.67,8.77,8.77,0.41,858914,40.6,7.23,2,2,Both Front,HIGH,37686,Urgent: Acute clinical mastitis! Isolate animal immediately. Call government veterinary officer (1962). Administer prescribed veterinary therapy.,Immediate veterinary antibiotic injection + anti-inflammatory + frequent cold water fanning and stripping.
COW-1474,Kalyani,Rathi,6.7,2,118,11.8,5.4,54.3,8.21,8.75,8.63,8.23,8.75,0.54,600000,40.5,7.17,2,2,Both Hind,HIGH,41941,Urgent: Acute clinical mastitis! Isolate animal immediately. Call government veterinary officer (1962). Administer prescribed veterinary therapy.,Immediate veterinary antibiotic injection + anti-inflammatory + frequent cold water fanning and stripping.
COW-1475,Ganga,Rathi,5.7,5,82,11.2,9.5,15.6,4.84,5.07,6.74,4.92,6.74,1.9,313662,38.9,6.84,0,0,LH,MEDIUM,7275,Subclinical warning in LH quarter. Apply ICAR herbal paste 3x daily for 5 days. Strip affected quarter completely.,ICAR Formulation: 250g Aloe Vera + 50g Pure Turmeric + 15g Edible Lime (Chuna) ground into paste.
COW-1476,Radha,Murrah Buffalo,9.2,6,253,12.7,9.9,21.9,4.91,4.96,6.39,4.79,6.39,1.6,369661,38.7,6.86,0,1,LH,MEDIUM,10355,Subclinical warning in LH quarter. Apply ICAR herbal paste 3x daily for 5 days. Strip affected quarter completely.,ICAR Formulation: 250g Aloe Vera + 50g Pure Turmeric + 15g Edible Lime (Chuna) ground into paste.
COW-1477,Kapila,Rathi,5.6,3,255,15.8,12.6,20.5,4.98,5.06,6.48,4.82,6.48,1.66,301831,39.0,6.87,0,1,LH,MEDIUM,9009,Subclinical warning in LH quarter. Apply ICAR herbal paste 3x daily for 5 days. Strip affected quarter completely.,ICAR Formulation: 250g Aloe Vera + 50g Pure Turmeric + 15g Edible Lime (Chuna) ground into paste.
COW-1478,Lakshmi,Murrah Buffalo,5.0,6,194,12.3,12.0,2.7,4.76,4.79,4.92,4.96,4.96,0.2,97259,38.7,6.55,0,0,None,LOW,0,"Routine milking, clean dry udder cloth, post-milking dip (0.5% povidone iodine).",No medication needed. Maintain clean bedding and nutrition.
COW-1479,Sita,Red Sindhi,3.7,3,173,15.0,13.3,11.6,4.9,4.79,6.18,4.79,6.18,1.39,345710,39.3,6.8,1,1,LH,MEDIUM,7154,Subclinical warning in LH quarter. Apply ICAR herbal paste 3x daily for 5 days. Strip affected quarter completely.,ICAR Formulation: 250g Aloe Vera + 50g Pure Turmeric + 15g Edible Lime (Chuna) ground into paste.
COW-1480,Kapila,Tharparkar,4.9,2,64,11.3,11.0,2.7,5.09,5.02,5.06,5.13,5.13,0.11,117773,38.5,6.56,0,0,None,LOW,0,"Routine milking, clean dry udder cloth, post-milking dip (0.5% povidone iodine).",No medication needed. Maintain clean bedding and nutrition.
COW-1481,Kalyani,Rathi,7.5,6,70,12.5,3.9,68.6,8.39,8.13,8.02,8.06,8.39,0.37,634291,39.8,7.09,2,2,LF,HIGH,45121,Urgent: Acute clinical mastitis! Isolate animal immediately. Call government veterinary officer (1962). Administer prescribed veterinary therapy.,Immediate veterinary antibiotic injection + anti-inflammatory + frequent cold water fanning and stripping.
COW-1482,Tulsi,Murrah Buffalo,2.7,1,125,12.8,11.5,10.2,4.77,6.17,4.83,4.93,6.17,1.4,386521,39.2,6.81,1,1,RF,MEDIUM,5157,Subclinical warning in RF quarter. Apply ICAR herbal paste 3x daily for 5 days. Strip affected quarter completely.,ICAR Formulation: 250g Aloe Vera + 50g Pure Turmeric + 15g Edible Lime (Chuna) ground into paste.
COW-1483,Meera,Gir,2.7,6,274,17.6,17.6,0.1,4.91,4.99,4.9,4.92,4.99,0.09,124091,38.5,6.65,0,0,None,LOW,0,"Routine milking, clean dry udder cloth, post-milking dip (0.5% povidone iodine).",No medication needed. Maintain clean bedding and nutrition.
COW-1484,Kamdhenu,Rathi,3.9,2,106,14.0,13.7,1.8,4.66,4.52,4.61,4.54,4.66,0.14,138342,38.7,6.61,0,0,None,LOW,0,"Routine milking, clean dry udder cloth, post-milking dip (0.5% povidone iodine).",No medication needed. Maintain clean bedding and nutrition.
COW-1485,Kalyani,Rathi,8.0,5,135,13.0,12.9,0.5,5.07,5.0,5.06,5.13,5.13,0.13,165036,38.2,6.62,0,0,None,LOW,0,"Routine milking, clean dry udder cloth, post-milking dip (0.5% povidone iodine).",No medication needed. Maintain clean bedding and nutrition.
COW-1486,Ganga,Red Sindhi,6.3,6,62,15.5,4.8,69.2,7.57,7.26,7.55,7.21,7.57,0.36,600000,40.4,7.46,2,2,Both Front,HIGH,49548,Urgent: Acute clinical mastitis! Isolate animal immediately. Call government veterinary officer (1962). Administer prescribed veterinary therapy.,Immediate veterinary antibiotic injection + anti-inflammatory + frequent cold water fanning and stripping.
COW-1487,Meera,Rathi,4.1,1,172,10.7,10.3,3.5,4.66,4.64,4.6,4.44,4.66,0.22,125189,38.7,6.68,0,0,None,LOW,0,"Routine milking, clean dry udder cloth, post-milking dip (0.5% povidone iodine).",No medication needed. Maintain clean bedding and nutrition.
COW-1488,Nandini,Tharparkar,3.3,3,245,13.6,13.6,0.0,5.07,5.1,5.02,5.19,5.19,0.17,187398,38.6,6.58,0,0,None,LOW,0,"Routine milking, clean dry udder cloth, post-milking dip (0.5% povidone iodine).",No medication needed. Maintain clean bedding and nutrition.
COW-1489,Meera,Red Sindhi,3.0,4,200,11.1,5.1,53.8,7.78,7.86,7.95,7.62,7.95,0.33,1113878,39.9,7.58,2,1,RH,HIGH,37664,Urgent: Acute clinical mastitis! Isolate animal immediately. Call government veterinary officer (1962). Administer prescribed veterinary therapy.,Immediate veterinary antibiotic injection + anti-inflammatory + frequent cold water fanning and stripping.
COW-1490,Kamdhenu,Murrah Buffalo,9.3,3,114,15.6,6.1,60.8,6.92,6.97,7.12,7.13,7.13,0.21,1138439,40.2,7.33,2,2,LF,HIGH,44234,Urgent: Acute clinical mastitis! Isolate animal immediately. Call government veterinary officer (1962). Administer prescribed veterinary therapy.,Immediate veterinary antibiotic injection + anti-inflammatory + frequent cold water fanning and stripping.
COW-1491,Kapila,HF Cross,6.7,4,260,22.1,21.7,1.8,4.66,4.77,4.69,4.91,4.91,0.25,131526,38.8,6.54,0,0,None,LOW,0,"Routine milking, clean dry udder cloth, post-milking dip (0.5% povidone iodine).",No medication needed. Maintain clean bedding and nutrition.
COW-1492,Lakshmi,Gir,7.7,1,267,18.1,6.7,63.1,7.61,7.59,7.78,7.87,7.87,0.28,940135,39.7,7.16,2,2,RH,HIGH,47185,Urgent: Acute clinical mastitis! Isolate animal immediately. Call government veterinary officer (1962). Administer prescribed veterinary therapy.,Immediate veterinary antibiotic injection + anti-inflammatory + frequent cold water fanning and stripping.
COW-1493,Meera,Murrah Buffalo,7.1,4,270,13.6,13.6,0.0,5.03,5.15,4.88,4.99,5.15,0.27,128703,38.4,6.54,0,0,None,LOW,0,"Routine milking, clean dry udder cloth, post-milking dip (0.5% povidone iodine).",No medication needed. Maintain clean bedding and nutrition.
COW-1494,Devi,Gir,5.2,3,204,16.7,16.4,1.6,4.65,4.69,4.72,4.51,4.72,0.21,127091,38.2,6.63,0,0,None,LOW,0,"Routine milking, clean dry udder cloth, post-milking dip (0.5% povidone iodine).",No medication needed. Maintain clean bedding and nutrition.
COW-1495,Surabhi,Sahiwal,4.7,4,261,18.6,18.2,2.0,4.81,4.81,4.79,4.81,4.81,0.02,78985,38.4,6.53,0,0,None,LOW,0,"Routine milking, clean dry udder cloth, post-milking dip (0.5% povidone iodine).",No medication needed. Maintain clean bedding and nutrition.
COW-1496,Ganga,Rathi,2.9,3,265,13.5,13.3,1.3,4.99,4.84,4.77,4.93,4.99,0.22,176915,38.2,6.59,0,0,None,LOW,0,"Routine milking, clean dry udder cloth, post-milking dip (0.5% povidone iodine).",No medication needed. Maintain clean bedding and nutrition.
COW-1497,Ganga,Red Sindhi,5.1,6,25,14.6,12.0,17.8,4.7,4.71,4.7,6.2,6.2,1.5,366993,38.9,6.76,0,0,RH,MEDIUM,9509,Subclinical warning in RH quarter. Apply ICAR herbal paste 3x daily for 5 days. Strip affected quarter completely.,ICAR Formulation: 250g Aloe Vera + 50g Pure Turmeric + 15g Edible Lime (Chuna) ground into paste.
COW-1498,Radha,Gir,4.9,1,287,16.0,15.8,1.5,5.04,5.14,4.95,5.08,5.14,0.19,118833,38.3,6.64,0,0,None,LOW,0,"Routine milking, clean dry udder cloth, post-milking dip (0.5% povidone iodine).",No medication needed. Maintain clean bedding and nutrition.
COW-1499,Sita,Gir,9.4,4,211,15.9,15.9,0.0,4.85,4.7,4.79,4.89,4.89,0.19,195000,38.5,6.54,0,0,None,LOW,0,"Routine milking, clean dry udder cloth, post-milking dip (0.5% povidone iodine).",No medication needed. Maintain clean bedding and nutrition.
COW-1500,Gauri,Murrah Buffalo,3.7,3,198,17.8,17.4,2.3,5.02,4.75,4.99,4.8,5.02,0.27,66890,38.2,6.6,0,0,None,LOW,0,"Routine milking, clean dry udder cloth, post-milking dip (0.5% povidone iodine).",No medication needed. Maintain clean bedding and nutrition.
COW-1501,Radha,Gir,4.6,5,217,18.8,16.0,15.1,6.79,5.09,4.99,5.08,6.79,1.8,210000,39.0,6.78,1,0,LF,MEDIUM,8119,Subclinical warning in LF quarter. Apply ICAR herbal paste 3x daily for 5 days. Strip affected quarter completely.,ICAR Formulation: 250g Aloe Vera + 50g Pure Turmeric + 15g Edible Lime (Chuna) ground into paste.
COW-1502,Kalyani,Murrah Buffalo,6.0,3,233,16.0,15.8,1.1,4.67,4.75,4.8,4.76,4.8,0.13,135137,38.8,6.63,0,0,None,LOW,0,"Routine milking, clean dry udder cloth, post-milking dip (0.5% povidone iodine).",No medication needed. Maintain clean bedding and nutrition.
COW-1503,Devi,Gir,6.9,5,107,17.5,17.3,1.2,5.15,5.07,5.21,5.09,5.21,0.14,98808,38.2,6.54,0,0,None,LOW,0,"Routine milking, clean dry udder cloth, post-milking dip (0.5% povidone iodine).",No medication needed. Maintain clean bedding and nutrition.
COW-1504,Sita,Red Sindhi,7.9,4,42,13.1,12.9,1.2,4.48,4.64,4.53,4.57,4.64,0.16,95448,38.5,6.58,0,0,None,LOW,0,"Routine milking, clean dry udder cloth, post-milking dip (0.5% povidone iodine).",No medication needed. Maintain clean bedding and nutrition.
COW-1505,Nandini,Red Sindhi,8.3,1,116,15.1,15.1,0.0,4.57,4.73,4.59,4.59,4.73,0.16,107249,38.5,6.61,0,0,None,LOW,0,"Routine milking, clean dry udder cloth, post-milking dip (0.5% povidone iodine).",No medication needed. Maintain clean bedding and nutrition.
COW-1506,Ganga,Sahiwal,2.7,3,249,16.9,5.4,68.1,7.52,7.59,7.58,7.65,7.65,0.13,1693826,40.2,7.25,2,1,RH,HIGH,42741,Urgent: Acute clinical mastitis! Isolate animal immediately. Call government veterinary officer (1962). Administer prescribed veterinary therapy.,Immediate veterinary antibiotic injection + anti-inflammatory + frequent cold water fanning and stripping.
COW-1507,Tulsi,Tharparkar,8.0,1,54,11.9,11.7,1.9,4.67,4.66,4.59,4.65,4.67,0.08,154787,38.5,6.64,0,0,None,LOW,0,"Routine milking, clean dry udder cloth, post-milking dip (0.5% povidone iodine).",No medication needed. Maintain clean bedding and nutrition.
COW-1508,Surabhi,Red Sindhi,7.6,2,132,10.7,9.3,12.9,7.05,5.1,5.09,4.89,7.05,2.16,277129,38.9,6.73,0,1,LF,MEDIUM,6689,Subclinical warning in LF quarter. Apply ICAR herbal paste 3x daily for 5 days. Strip affected quarter completely.,ICAR Formulation: 250g Aloe Vera + 50g Pure Turmeric + 15g Edible Lime (Chuna) ground into paste.
COW-1509,Kalyani,Rathi,7.7,6,132,15.6,15.4,1.3,4.48,4.5,4.54,4.67,4.67,0.19,133799,38.5,6.57,0,0,None,LOW,0,"Routine milking, clean dry udder cloth, post-milking dip (0.5% povidone iodine).",No medication needed. Maintain clean bedding and nutrition.
COW-1510,Lakshmi,Tharparkar,6.2,6,69,11.9,11.7,1.7,5.05,5.02,5.04,4.87,5.05,0.18,64135,38.4,6.59,0,0,None,LOW,0,"Routine milking, clean dry udder cloth, post-milking dip (0.5% povidone iodine).",No medication needed. Maintain clean bedding and nutrition.
COW-1511,Tulsi,Murrah Buffalo,8.2,1,29,17.0,14.6,14.4,7.2,4.97,5.06,4.99,7.2,2.23,248062,39.1,6.75,0,0,LF,MEDIUM,8296,Subclinical warning in LF quarter. Apply ICAR herbal paste 3x daily for 5 days. Strip affected quarter completely.,ICAR Formulation: 250g Aloe Vera + 50g Pure Turmeric + 15g Edible Lime (Chuna) ground into paste.
COW-1512,Kapila,Tharparkar,2.6,4,142,11.8,3.7,68.4,7.31,6.89,7.06,6.99,7.31,0.42,1539310,40.4,7.15,2,2,RF,HIGH,42755,Urgent: Acute clinical mastitis! Isolate animal immediately. Call government veterinary officer (1962). Administer prescribed veterinary therapy.,Immediate veterinary antibiotic injection + anti-inflammatory + frequent cold water fanning and stripping.
COW-1513,Radha,Red Sindhi,3.1,4,253,14.4,6.1,57.7,8.16,8.13,8.13,8.05,8.16,0.11,1821358,39.7,7.39,2,2,LH,HIGH,43745,Urgent: Acute clinical mastitis! Isolate animal immediately. Call government veterinary officer (1962). Administer prescribed veterinary therapy.,Immediate veterinary antibiotic injection + anti-inflammatory + frequent cold water fanning and stripping.
COW-1514,Sita,HF Cross,8.2,6,179,21.6,21.4,1.1,4.57,4.57,4.62,4.42,4.62,0.2,165020,38.4,6.66,0,0,None,LOW,0,"Routine milking, clean dry udder cloth, post-milking dip (0.5% povidone iodine).",No medication needed. Maintain clean bedding and nutrition.
COW-1515,Surabhi,Sahiwal,6.9,3,54,14.7,14.3,2.7,5.01,4.97,4.82,4.96,5.01,0.19,140104,38.6,6.57,0,0,None,LOW,0,"Routine milking, clean dry udder cloth, post-milking dip (0.5% povidone iodine).",No medication needed. Maintain clean bedding and nutrition.
COW-1516,Surabhi,Red Sindhi,9.1,4,256,15.2,15.2,0.0,4.63,4.55,4.54,4.48,4.63,0.15,157772,38.2,6.66,0,0,None,LOW,0,"Routine milking, clean dry udder cloth, post-milking dip (0.5% povidone iodine).",No medication needed. Maintain clean bedding and nutrition.
COW-1517,Nandini,Sahiwal,5.3,4,126,14.1,14.0,0.9,4.87,4.75,4.71,4.82,4.87,0.16,166139,38.7,6.51,0,0,None,LOW,0,"Routine milking, clean dry udder cloth, post-milking dip (0.5% povidone iodine).",No medication needed. Maintain clean bedding and nutrition.
COW-1518,Radha,HF Cross,8.5,1,217,22.9,18.1,21.0,4.7,6.38,4.63,4.81,6.38,1.75,242600,38.7,6.8,1,1,RF,MEDIUM,9092,Subclinical warning in RF quarter. Apply ICAR herbal paste 3x daily for 5 days. Strip affected quarter completely.,ICAR Formulation: 250g Aloe Vera + 50g Pure Turmeric + 15g Edible Lime (Chuna) ground into paste.
COW-1519,Meera,HF Cross,3.9,3,159,24.0,23.8,0.7,4.67,4.67,4.86,4.83,4.86,0.19,157288,38.8,6.66,0,0,None,LOW,0,"Routine milking, clean dry udder cloth, post-milking dip (0.5% povidone iodine).",No medication needed. Maintain clean bedding and nutrition.
COW-1520,Meera,Tharparkar,3.8,2,26,11.7,11.4,2.9,4.99,4.83,4.93,4.86,4.99,0.16,122677,38.2,6.53,0,0,None,LOW,0,"Routine milking, clean dry udder cloth, post-milking dip (0.5% povidone iodine).",No medication needed. Maintain clean bedding and nutrition.
COW-1521,Lakshmi,Tharparkar,3.4,3,215,14.1,11.2,20.9,4.99,4.95,4.94,6.5,6.5,1.56,433090,38.5,6.77,0,0,RH,MEDIUM,9334,Subclinical warning in RH quarter. Apply ICAR herbal paste 3x daily for 5 days. Strip affected quarter completely.,ICAR Formulation: 250g Aloe Vera + 50g Pure Turmeric + 15g Edible Lime (Chuna) ground into paste.
COW-1522,Yamuna,Rathi,5.2,4,201,10.8,6.0,44.6,7.52,7.66,7.92,7.89,7.92,0.4,1190757,40.3,7.13,2,2,LF,HIGH,38990,Urgent: Acute clinical mastitis! Isolate animal immediately. Call government veterinary officer (1962). Administer prescribed veterinary therapy.,Immediate veterinary antibiotic injection + anti-inflammatory + frequent cold water fanning and stripping.
COW-1523,Surabhi,Sahiwal,4.3,3,34,19.9,19.4,2.3,5.02,5.04,5.06,5.2,5.2,0.18,144842,38.4,6.58,0,0,None,LOW,0,"Routine milking, clean dry udder cloth, post-milking dip (0.5% povidone iodine).",No medication needed. Maintain clean bedding and nutrition.
COW-1524,Radha,Rathi,8.3,3,276,11.9,4.5,62.3,7.97,8.24,8.01,8.23,8.24,0.27,1202247,40.0,7.23,2,2,LH,HIGH,40021,Urgent: Acute clinical mastitis! Isolate animal immediately. Call government veterinary officer (1962). Administer prescribed veterinary therapy.,Immediate veterinary antibiotic injection + anti-inflammatory + frequent cold water fanning and stripping.
COW-1525,Meera,Sahiwal,2.9,2,30,16.8,16.1,3.9,4.67,4.9,4.78,4.76,4.9,0.23,126907,38.4,6.56,0,0,None,LOW,0,"Routine milking, clean dry udder cloth, post-milking dip (0.5% povidone iodine).",No medication needed. Maintain clean bedding and nutrition.
COW-1526,Tulsi,Rathi,5.9,4,69,15.1,4.7,68.8,7.02,7.07,7.4,7.35,7.4,0.38,1396321,40.1,7.35,2,1,LF,HIGH,51960,Urgent: Acute clinical mastitis! Isolate animal immediately. Call government veterinary officer (1962). Administer prescribed veterinary therapy.,Immediate veterinary antibiotic injection + anti-inflammatory + frequent cold water fanning and stripping.
COW-1527,Lakshmi,Rathi,7.9,2,225,15.5,15.3,1.3,4.68,4.75,4.73,4.94,4.94,0.26,118316,38.7,6.6,0,0,None,LOW,0,"Routine milking, clean dry udder cloth, post-milking dip (0.5% povidone iodine).",No medication needed. Maintain clean bedding and nutrition.
COW-1528,Kamdhenu,Tharparkar,5.1,1,177,10.9,10.9,0.0,5.05,4.98,5.13,5.03,5.13,0.15,145670,38.2,6.51,0,0,None,LOW,0,"Routine milking, clean dry udder cloth, post-milking dip (0.5% povidone iodine).",No medication needed. Maintain clean bedding and nutrition.
COW-1529,Lakshmi,Murrah Buffalo,9.3,6,243,13.9,10.9,21.4,4.67,6.08,4.75,4.67,6.08,1.41,330006,39.2,7.0,1,0,RF,MEDIUM,9806,Subclinical warning in RF quarter. Apply ICAR herbal paste 3x daily for 5 days. Strip affected quarter completely.,ICAR Formulation: 250g Aloe Vera + 50g Pure Turmeric + 15g Edible Lime (Chuna) ground into paste.
COW-1530,Radha,Sahiwal,4.2,4,57,14.1,14.0,0.7,4.7,4.78,4.87,4.63,4.87,0.24,152331,38.6,6.47,0,0,None,LOW,0,"Routine milking, clean dry udder cloth, post-milking dip (0.5% povidone iodine).",No medication needed. Maintain clean bedding and nutrition.
COW-1531,Radha,Tharparkar,8.1,6,170,15.4,12.8,16.8,5.13,5.04,6.71,5.15,6.71,1.67,264855,38.6,6.81,1,0,LH,MEDIUM,8929,Subclinical warning in LH quarter. Apply ICAR herbal paste 3x daily for 5 days. Strip affected quarter completely.,ICAR Formulation: 250g Aloe Vera + 50g Pure Turmeric + 15g Edible Lime (Chuna) ground into paste.
COW-1532,Surabhi,Red Sindhi,5.1,2,234,13.8,13.8,0.0,4.95,4.86,4.85,4.87,4.95,0.1,113476,38.2,6.62,0,0,None,LOW,0,"Routine milking, clean dry udder cloth, post-milking dip (0.5% povidone iodine).",No medication needed. Maintain clean bedding and nutrition.
COW-1533,Devi,Tharparkar,6.2,6,280,10.5,10.5,0.0,4.64,4.49,4.69,4.6,4.69,0.2,138373,38.9,6.52,0,0,None,LOW,0,"Routine milking, clean dry udder cloth, post-milking dip (0.5% povidone iodine).",No medication needed. Maintain clean bedding and nutrition.
COW-1534,Radha,Red Sindhi,4.2,4,163,13.4,13.4,0.0,5.05,5.05,5.02,5.04,5.05,0.03,119989,38.7,6.7,0,0,None,LOW,0,"Routine milking, clean dry udder cloth, post-milking dip (0.5% povidone iodine).",No medication needed. Maintain clean bedding and nutrition.
COW-1535,Tulsi,Rathi,8.2,3,142,13.5,10.7,20.5,6.04,4.66,4.66,4.72,6.04,1.38,354768,38.7,6.81,1,1,LF,MEDIUM,9877,Subclinical warning in LF quarter. Apply ICAR herbal paste 3x daily for 5 days. Strip affected quarter completely.,ICAR Formulation: 250g Aloe Vera + 50g Pure Turmeric + 15g Edible Lime (Chuna) ground into paste.
COW-1536,Tulsi,Tharparkar,7.8,4,147,12.0,5.4,55.2,6.67,7.21,6.78,7.03,7.21,0.54,2125520,39.6,7.29,2,1,RF,HIGH,35695,Urgent: Acute clinical mastitis! Isolate animal immediately. Call government veterinary officer (1962). Administer prescribed veterinary therapy.,Immediate veterinary antibiotic injection + anti-inflammatory + frequent cold water fanning and stripping.
COW-1537,Surabhi,Gir,2.6,6,256,16.8,16.5,2.0,4.97,4.96,4.84,4.99,4.99,0.15,146369,38.7,6.59,0,0,None,LOW,0,"Routine milking, clean dry udder cloth, post-milking dip (0.5% povidone iodine).",No medication needed. Maintain clean bedding and nutrition.
COW-1538,Sita,Murrah Buffalo,7.3,6,214,16.8,16.4,2.4,4.49,4.68,4.64,4.49,4.68,0.19,116292,38.6,6.56,0,0,None,LOW,0,"Routine milking, clean dry udder cloth, post-milking dip (0.5% povidone iodine).",No medication needed. Maintain clean bedding and nutrition.
COW-1539,Lakshmi,Sahiwal,5.9,2,135,16.6,13.5,18.9,4.82,6.85,4.72,4.63,6.85,2.22,294127,38.9,6.82,1,1,RF,MEDIUM,9080,Subclinical warning in RF quarter. Apply ICAR herbal paste 3x daily for 5 days. Strip affected quarter completely.,ICAR Formulation: 250g Aloe Vera + 50g Pure Turmeric + 15g Edible Lime (Chuna) ground into paste.
COW-1540,Lakshmi,Red Sindhi,5.6,2,115,11.8,9.6,18.8,4.58,4.76,4.79,6.77,6.77,2.19,398823,38.8,6.72,1,0,RH,MEDIUM,9078,Subclinical warning in RH quarter. Apply ICAR herbal paste 3x daily for 5 days. Strip affected quarter completely.,ICAR Formulation: 250g Aloe Vera + 50g Pure Turmeric + 15g Edible Lime (Chuna) ground into paste.
COW-1541,Surabhi,Tharparkar,6.1,6,261,11.4,11.3,0.6,4.53,4.53,4.44,4.56,4.56,0.12,174167,38.3,6.54,0,0,None,LOW,0,"Routine milking, clean dry udder cloth, post-milking dip (0.5% povidone iodine).",No medication needed. Maintain clean bedding and nutrition.
COW-1542,Devi,Tharparkar,3.3,5,189,12.7,12.3,3.1,4.66,4.59,4.58,4.6,4.66,0.08,178105,38.2,6.7,0,0,None,LOW,0,"Routine milking, clean dry udder cloth, post-milking dip (0.5% povidone iodine).",No medication needed. Maintain clean bedding and nutrition.
COW-1543,Sita,HF Cross,4.9,5,251,19.0,18.6,2.3,5.06,5.03,4.98,5.0,5.06,0.08,137813,38.5,6.6,0,0,None,LOW,0,"Routine milking, clean dry udder cloth, post-milking dip (0.5% povidone iodine).",No medication needed. Maintain clean bedding and nutrition.
COW-1544,Bhavani,Tharparkar,8.1,2,118,11.7,10.1,13.6,4.67,4.8,4.64,6.96,6.96,2.32,365165,38.9,6.83,0,0,RH,MEDIUM,6297,Subclinical warning in RH quarter. Apply ICAR herbal paste 3x daily for 5 days. Strip affected quarter completely.,ICAR Formulation: 250g Aloe Vera + 50g Pure Turmeric + 15g Edible Lime (Chuna) ground into paste.
COW-1545,Nandini,Murrah Buffalo,5.0,2,101,17.0,7.3,57.0,8.02,7.88,7.95,8.15,8.15,0.27,1130931,40.1,7.22,2,2,LF,HIGH,42320,Urgent: Acute clinical mastitis! Isolate animal immediately. Call government veterinary officer (1962). Administer prescribed veterinary therapy.,Immediate veterinary antibiotic injection + anti-inflammatory + frequent cold water fanning and stripping.
COW-1546,Bhavani,Gir,7.9,5,148,19.4,5.1,73.7,7.47,7.44,7.98,7.89,7.98,0.54,1596819,40.4,7.05,2,1,Both Hind,HIGH,46584,Urgent: Acute clinical mastitis! Isolate animal immediately. Call government veterinary officer (1962). Administer prescribed veterinary therapy.,Immediate veterinary antibiotic injection + anti-inflammatory + frequent cold water fanning and stripping.
COW-1547,Bhavani,Rathi,6.8,1,33,13.0,12.9,0.9,4.48,4.53,4.64,4.63,4.64,0.16,152956,38.5,6.58,0,0,None,LOW,0,"Routine milking, clean dry udder cloth, post-milking dip (0.5% povidone iodine).",No medication needed. Maintain clean bedding and nutrition.
COW-1548,Bhavani,Rathi,6.0,1,90,13.9,13.6,2.1,4.69,4.56,4.56,4.66,4.69,0.13,169343,38.7,6.53,0,0,None,LOW,0,"Routine milking, clean dry udder cloth, post-milking dip (0.5% povidone iodine).",No medication needed. Maintain clean bedding and nutrition.
COW-1549,Meera,Red Sindhi,8.2,3,158,13.0,12.6,2.8,4.8,4.68,4.77,4.62,4.8,0.18,95992,38.2,6.54,0,0,None,LOW,0,"Routine milking, clean dry udder cloth, post-milking dip (0.5% povidone iodine).",No medication needed. Maintain clean bedding and nutrition.
COW-1550,Bhavani,Rathi,5.5,2,82,14.8,14.5,2.3,4.73,4.85,4.83,4.7,4.85,0.15,163359,38.6,6.62,0,0,None,LOW,0,"Routine milking, clean dry udder cloth, post-milking dip (0.5% povidone iodine).",No medication needed. Maintain clean bedding and nutrition.
COW-1551,Lakshmi,Tharparkar,3.5,1,276,15.7,15.3,2.6,4.83,4.59,4.56,4.77,4.83,0.27,107548,38.6,6.63,0,0,None,LOW,0,"Routine milking, clean dry udder cloth, post-milking dip (0.5% povidone iodine).",No medication needed. Maintain clean bedding and nutrition.
COW-1552,Gauri,HF Cross,3.6,5,41,25.8,7.6,70.6,8.54,8.2,8.48,8.37,8.54,0.34,1616119,40.5,7.3,2,2,Both Front,HIGH,48938,Urgent: Acute clinical mastitis! Isolate animal immediately. Call government veterinary officer (1962). Administer prescribed veterinary therapy.,Immediate veterinary antibiotic injection + anti-inflammatory + frequent cold water fanning and stripping.
COW-1553,Lakshmi,Red Sindhi,4.5,5,87,14.2,14.0,1.3,4.64,4.71,4.67,4.68,4.71,0.07,167455,38.5,6.53,0,0,None,LOW,0,"Routine milking, clean dry udder cloth, post-milking dip (0.5% povidone iodine).",No medication needed. Maintain clean bedding and nutrition.
COW-1554,Devi,Red Sindhi,8.0,4,113,15.3,15.3,0.3,4.79,4.89,4.94,4.83,4.94,0.15,103928,38.4,6.57,0,0,None,LOW,0,"Routine milking, clean dry udder cloth, post-milking dip (0.5% povidone iodine).",No medication needed. Maintain clean bedding and nutrition.
COW-1555,Yamuna,Murrah Buffalo,4.0,5,171,15.1,12.8,15.1,4.83,6.22,4.64,4.81,6.22,1.58,298442,38.5,6.84,0,0,RF,MEDIUM,8508,Subclinical warning in RF quarter. Apply ICAR herbal paste 3x daily for 5 days. Strip affected quarter completely.,ICAR Formulation: 250g Aloe Vera + 50g Pure Turmeric + 15g Edible Lime (Chuna) ground into paste.
COW-1556,Nandini,Murrah Buffalo,6.9,3,75,12.3,10.2,17.0,6.87,4.78,4.88,4.85,6.87,2.09,320084,38.6,6.87,0,1,LF,MEDIUM,8062,Subclinical warning in LF quarter. Apply ICAR herbal paste 3x daily for 5 days. Strip affected quarter completely.,ICAR Formulation: 250g Aloe Vera + 50g Pure Turmeric + 15g Edible Lime (Chuna) ground into paste.
COW-1557,Radha,HF Cross,8.0,6,83,23.7,23.6,0.3,4.6,4.67,4.75,4.61,4.75,0.15,162814,38.2,6.53,0,0,None,LOW,0,"Routine milking, clean dry udder cloth, post-milking dip (0.5% povidone iodine).",No medication needed. Maintain clean bedding and nutrition.
COW-1558,Kamdhenu,Sahiwal,7.5,4,53,14.6,14.4,1.1,4.49,4.45,4.63,4.55,4.63,0.18,97103,38.7,6.57,0,0,None,LOW,0,"Routine milking, clean dry udder cloth, post-milking dip (0.5% povidone iodine).",No medication needed. Maintain clean bedding and nutrition.
COW-1559,Yamuna,Rathi,8.0,3,267,13.8,7.7,44.4,8.36,8.65,8.56,8.15,8.65,0.5,600000,40.5,7.06,2,2,Both Front,HIGH,32319,Urgent: Acute clinical mastitis! Isolate animal immediately. Call government veterinary officer (1962). Administer prescribed veterinary therapy.,Immediate veterinary antibiotic injection + anti-inflammatory + frequent cold water fanning and stripping.
COW-1560,Tulsi,Rathi,8.5,1,120,12.7,12.7,0.0,4.61,4.72,4.48,4.7,4.72,0.24,132097,38.6,6.66,0,0,None,LOW,0,"Routine milking, clean dry udder cloth, post-milking dip (0.5% povidone iodine).",No medication needed. Maintain clean bedding and nutrition.
COW-1561,Kamdhenu,Gir,5.1,3,32,17.1,16.5,3.4,4.65,4.62,4.54,4.58,4.65,0.11,50000,38.5,6.69,0,0,None,LOW,0,"Routine milking, clean dry udder cloth, post-milking dip (0.5% povidone iodine).",No medication needed. Maintain clean bedding and nutrition.
COW-1562,Bhavani,Rathi,5.5,3,157,11.3,9.6,15.4,4.72,4.57,4.56,6.21,6.21,1.65,334676,38.7,6.88,1,1,RH,MEDIUM,7863,Subclinical warning in RH quarter. Apply ICAR herbal paste 3x daily for 5 days. Strip affected quarter completely.,ICAR Formulation: 250g Aloe Vera + 50g Pure Turmeric + 15g Edible Lime (Chuna) ground into paste.
COW-1563,Kalyani,HF Cross,8.3,2,82,22.0,21.3,3.1,4.75,4.88,4.72,4.86,4.88,0.16,95925,38.6,6.61,0,0,None,LOW,0,"Routine milking, clean dry udder cloth, post-milking dip (0.5% povidone iodine).",No medication needed. Maintain clean bedding and nutrition.
COW-1564,Gauri,Rathi,5.4,2,214,12.0,11.8,1.5,4.89,4.84,4.78,4.8,4.89,0.11,195000,38.6,6.55,0,0,None,LOW,0,"Routine milking, clean dry udder cloth, post-milking dip (0.5% povidone iodine).",No medication needed. Maintain clean bedding and nutrition.
COW-1565,Lakshmi,Rathi,6.9,6,170,13.4,13.3,0.7,4.74,4.87,4.86,4.7,4.87,0.17,68082,38.4,6.56,0,0,None,LOW,0,"Routine milking, clean dry udder cloth, post-milking dip (0.5% povidone iodine).",No medication needed. Maintain clean bedding and nutrition.
COW-1566,Sita,Rathi,3.8,4,269,15.4,15.2,1.5,4.97,4.92,5.15,4.99,5.15,0.23,135332,38.3,6.65,0,0,None,LOW,0,"Routine milking, clean dry udder cloth, post-milking dip (0.5% povidone iodine).",No medication needed. Maintain clean bedding and nutrition.
COW-1567,Tulsi,Red Sindhi,8.7,4,55,14.8,12.4,16.3,4.99,5.12,4.95,6.22,6.22,1.27,319348,38.7,6.83,1,1,RH,MEDIUM,7391,Subclinical warning in RH quarter. Apply ICAR herbal paste 3x daily for 5 days. Strip affected quarter completely.,ICAR Formulation: 250g Aloe Vera + 50g Pure Turmeric + 15g Edible Lime (Chuna) ground into paste.
COW-1568,Kamdhenu,Gir,6.3,3,85,15.1,13.5,10.7,4.83,6.08,4.89,4.8,6.08,1.28,377756,38.6,6.77,1,0,RF,MEDIUM,5900,Subclinical warning in RF quarter. Apply ICAR herbal paste 3x daily for 5 days. Strip affected quarter completely.,ICAR Formulation: 250g Aloe Vera + 50g Pure Turmeric + 15g Edible Lime (Chuna) ground into paste.
COW-1569,Ganga,Tharparkar,8.8,3,204,15.6,7.3,53.5,7.06,6.96,6.9,7.06,7.06,0.16,1093695,39.7,7.13,2,1,LF,HIGH,39162,Urgent: Acute clinical mastitis! Isolate animal immediately. Call government veterinary officer (1962). Administer prescribed veterinary therapy.,Immediate veterinary antibiotic injection + anti-inflammatory + frequent cold water fanning and stripping.
COW-1570,Lakshmi,Murrah Buffalo,5.8,4,45,14.9,14.6,1.8,4.76,4.57,4.78,4.69,4.78,0.21,113332,38.7,6.6,0,0,None,LOW,0,"Routine milking, clean dry udder cloth, post-milking dip (0.5% povidone iodine).",No medication needed. Maintain clean bedding and nutrition.
COW-1571,Meera,Red Sindhi,6.4,2,167,13.4,13.2,1.3,5.01,5.09,4.9,5.02,5.09,0.19,159781,38.5,6.6,0,0,None,LOW,0,"Routine milking, clean dry udder cloth, post-milking dip (0.5% povidone iodine).",No medication needed. Maintain clean bedding and nutrition.
COW-1572,Ganga,Red Sindhi,4.2,4,243,10.3,8.4,18.2,4.93,4.89,6.48,4.96,6.48,1.59,338575,38.7,6.72,1,0,LH,MEDIUM,9068,Subclinical warning in LH quarter. Apply ICAR herbal paste 3x daily for 5 days. Strip affected quarter completely.,ICAR Formulation: 250g Aloe Vera + 50g Pure Turmeric + 15g Edible Lime (Chuna) ground into paste.
COW-1573,Kalyani,Rathi,4.5,2,285,13.4,13.0,2.9,4.62,4.63,4.75,4.67,4.75,0.13,125300,38.8,6.64,0,0,None,LOW,0,"Routine milking, clean dry udder cloth, post-milking dip (0.5% povidone iodine).",No medication needed. Maintain clean bedding and nutrition.
COW-1574,Surabhi,Sahiwal,6.8,3,187,17.8,6.9,61.0,7.25,7.7,7.31,7.38,7.7,0.45,1632645,40.2,7.28,2,1,Both Front,HIGH,40690,Urgent: Acute clinical mastitis! Isolate animal immediately. Call government veterinary officer (1962). Administer prescribed veterinary therapy.,Immediate veterinary antibiotic injection + anti-inflammatory + frequent cold water fanning and stripping.
COW-1575,Gauri,Gir,6.8,1,16,18.0,17.4,3.3,5.1,5.12,5.05,5.12,5.12,0.07,108382,38.4,6.62,0,0,None,LOW,0,"Routine milking, clean dry udder cloth, post-milking dip (0.5% povidone iodine).",No medication needed. Maintain clean bedding and nutrition.
COW-1576,Gauri,HF Cross,3.0,1,239,23.4,22.8,2.4,5.09,4.95,4.89,5.07,5.09,0.2,125119,38.4,6.58,0,0,None,LOW,0,"Routine milking, clean dry udder cloth, post-milking dip (0.5% povidone iodine).",No medication needed. Maintain clean bedding and nutrition.
COW-1577,Tulsi,Gir,3.4,3,110,16.7,16.7,0.0,4.45,4.64,4.47,4.39,4.64,0.25,79465,38.2,6.55,0,0,None,LOW,0,"Routine milking, clean dry udder cloth, post-milking dip (0.5% povidone iodine).",No medication needed. Maintain clean bedding and nutrition.
COW-1578,Sita,HF Cross,4.6,6,125,19.9,19.2,3.7,4.65,4.84,4.78,4.63,4.84,0.21,112215,38.5,6.55,0,0,None,LOW,0,"Routine milking, clean dry udder cloth, post-milking dip (0.5% povidone iodine).",No medication needed. Maintain clean bedding and nutrition.
COW-1579,Meera,Red Sindhi,7.0,1,154,13.4,13.4,0.0,4.88,4.85,4.89,4.85,4.89,0.04,141436,38.6,6.62,0,0,None,LOW,0,"Routine milking, clean dry udder cloth, post-milking dip (0.5% povidone iodine).",No medication needed. Maintain clean bedding and nutrition.
COW-1580,Kamdhenu,Rathi,3.4,1,77,11.6,11.6,0.0,4.64,4.72,4.54,4.69,4.72,0.18,166368,38.5,6.62,0,0,None,LOW,0,"Routine milking, clean dry udder cloth, post-milking dip (0.5% povidone iodine).",No medication needed. Maintain clean bedding and nutrition.
COW-1581,Tulsi,HF Cross,6.2,3,244,18.0,18.0,0.1,4.95,5.01,4.85,5.01,5.01,0.16,75618,38.7,6.6,0,0,None,LOW,0,"Routine milking, clean dry udder cloth, post-milking dip (0.5% povidone iodine).",No medication needed. Maintain clean bedding and nutrition.
COW-1582,Surabhi,Murrah Buffalo,3.4,5,250,15.0,14.4,4.0,4.59,4.39,4.65,4.54,4.65,0.26,99561,38.7,6.51,0,0,None,LOW,0,"Routine milking, clean dry udder cloth, post-milking dip (0.5% povidone iodine).",No medication needed. Maintain clean bedding and nutrition.
COW-1583,Nandini,Gir,5.2,3,53,19.3,15.9,17.5,5.17,6.7,5.11,5.09,6.7,1.61,256956,39.0,6.79,0,0,RF,MEDIUM,8607,Subclinical warning in RF quarter. Apply ICAR herbal paste 3x daily for 5 days. Strip affected quarter completely.,ICAR Formulation: 250g Aloe Vera + 50g Pure Turmeric + 15g Edible Lime (Chuna) ground into paste.
COW-1584,Surabhi,Red Sindhi,2.7,6,183,15.0,14.8,1.6,4.92,4.88,4.88,4.79,4.92,0.13,151111,38.4,6.57,0,0,None,LOW,0,"Routine milking, clean dry udder cloth, post-milking dip (0.5% povidone iodine).",No medication needed. Maintain clean bedding and nutrition.
COW-1585,Meera,Gir,7.9,5,236,18.6,16.5,11.5,6.01,4.6,4.69,4.85,6.01,1.41,249846,39.0,6.78,1,0,LF,MEDIUM,6142,Subclinical warning in LF quarter. Apply ICAR herbal paste 3x daily for 5 days. Strip affected quarter completely.,ICAR Formulation: 250g Aloe Vera + 50g Pure Turmeric + 15g Edible Lime (Chuna) ground into paste.
COW-1586,Sita,HF Cross,5.5,1,40,22.5,22.2,1.2,4.61,4.8,4.65,4.76,4.8,0.19,121999,38.3,6.45,0,0,None,LOW,0,"Routine milking, clean dry udder cloth, post-milking dip (0.5% povidone iodine).",No medication needed. Maintain clean bedding and nutrition.
COW-1587,Gauri,Rathi,2.6,4,249,14.8,5.8,60.6,6.79,6.81,6.42,6.71,6.81,0.39,2044415,40.5,7.25,2,1,Both Hind,HIGH,39982,Urgent: Acute clinical mastitis! Isolate animal immediately. Call government veterinary officer (1962). Administer prescribed veterinary therapy.,Immediate veterinary antibiotic injection + anti-inflammatory + frequent cold water fanning and stripping.
COW-1588,Lakshmi,Rathi,7.5,5,111,15.4,15.4,0.0,4.76,4.8,4.84,4.71,4.84,0.13,120798,38.5,6.61,0,0,None,LOW,0,"Routine milking, clean dry udder cloth, post-milking dip (0.5% povidone iodine).",No medication needed. Maintain clean bedding and nutrition.
COW-1589,Ganga,Red Sindhi,2.8,2,171,13.5,13.2,2.2,4.85,4.92,4.9,4.78,4.92,0.14,169001,38.6,6.62,0,0,None,LOW,0,"Routine milking, clean dry udder cloth, post-milking dip (0.5% povidone iodine).",No medication needed. Maintain clean bedding and nutrition.
COW-1590,Kapila,Murrah Buffalo,6.7,3,200,17.8,17.6,1.0,4.79,4.82,4.99,4.91,4.99,0.2,130686,38.6,6.62,0,0,None,LOW,0,"Routine milking, clean dry udder cloth, post-milking dip (0.5% povidone iodine).",No medication needed. Maintain clean bedding and nutrition.
COW-1591,Lakshmi,Tharparkar,4.9,2,115,14.7,14.7,0.0,4.96,5.05,4.93,4.85,5.05,0.2,109923,38.5,6.67,0,0,None,LOW,0,"Routine milking, clean dry udder cloth, post-milking dip (0.5% povidone iodine).",No medication needed. Maintain clean bedding and nutrition.
COW-1592,Sita,Rathi,9.2,5,165,12.5,12.3,1.8,4.86,4.64,4.69,4.62,4.86,0.24,78636,38.5,6.58,0,0,None,LOW,0,"Routine milking, clean dry udder cloth, post-milking dip (0.5% povidone iodine).",No medication needed. Maintain clean bedding and nutrition.
COW-1593,Meera,HF Cross,4.1,5,121,19.9,17.1,14.3,5.07,5.07,6.31,4.96,6.31,1.35,337076,38.7,6.94,0,0,LH,MEDIUM,7100,Subclinical warning in LH quarter. Apply ICAR herbal paste 3x daily for 5 days. Strip affected quarter completely.,ICAR Formulation: 250g Aloe Vera + 50g Pure Turmeric + 15g Edible Lime (Chuna) ground into paste.
COW-1594,Kapila,Sahiwal,6.9,3,34,19.9,19.9,0.0,4.59,4.6,4.57,4.77,4.77,0.2,73968,38.3,6.57,0,0,None,LOW,0,"Routine milking, clean dry udder cloth, post-milking dip (0.5% povidone iodine).",No medication needed. Maintain clean bedding and nutrition.
COW-1595,Meera,Sahiwal,3.9,2,146,19.5,19.1,1.8,4.87,4.99,4.79,5.04,5.04,0.25,123845,38.8,6.58,0,0,None,LOW,0,"Routine milking, clean dry udder cloth, post-milking dip (0.5% povidone iodine).",No medication needed. Maintain clean bedding and nutrition.
COW-1596,Radha,Tharparkar,4.2,3,99,15.6,5.0,67.8,8.49,8.0,8.05,8.52,8.52,0.52,758942,40.0,7.19,2,1,Both Hind,HIGH,50625,Urgent: Acute clinical mastitis! Isolate animal immediately. Call government veterinary officer (1962). Administer prescribed veterinary therapy.,Immediate veterinary antibiotic injection + anti-inflammatory + frequent cold water fanning and stripping.
COW-1597,Surabhi,HF Cross,5.1,5,231,25.8,25.8,0.0,4.56,4.43,4.54,4.61,4.61,0.18,118879,38.8,6.61,0,0,None,LOW,0,"Routine milking, clean dry udder cloth, post-milking dip (0.5% povidone iodine).",No medication needed. Maintain clean bedding and nutrition.
COW-1598,Nandini,Sahiwal,2.9,3,76,19.1,8.1,57.8,6.67,6.9,7.02,6.66,7.02,0.36,1286276,40.4,7.42,2,2,RH,HIGH,45068,Urgent: Acute clinical mastitis! Isolate animal immediately. Call government veterinary officer (1962). Administer prescribed veterinary therapy.,Immediate veterinary antibiotic injection + anti-inflammatory + frequent cold water fanning and stripping.
COW-1599,Yamuna,Tharparkar,3.8,6,203,13.2,13.2,0.0,5.07,5.1,5.11,5.16,5.16,0.09,185318,38.3,6.53,0,0,None,LOW,0,"Routine milking, clean dry udder cloth, post-milking dip (0.5% povidone iodine).",No medication needed. Maintain clean bedding and nutrition.
COW-1600,Gauri,Gir,4.0,2,243,19.2,18.9,1.4,4.8,4.71,4.81,4.65,4.81,0.16,121809,38.6,6.64,0,0,None,LOW,0,"Routine milking, clean dry udder cloth, post-milking dip (0.5% povidone iodine).",No medication needed. Maintain clean bedding and nutrition.
COW-1601,Yamuna,Gir,3.4,1,163,16.7,15.9,4.6,4.84,4.89,4.83,4.84,4.89,0.06,118805,38.5,6.53,0,0,None,LOW,0,"Routine milking, clean dry udder cloth, post-milking dip (0.5% povidone iodine).",No medication needed. Maintain clean bedding and nutrition.
COW-1602,Surabhi,Murrah Buffalo,8.1,3,151,14.3,14.1,1.5,4.68,4.6,4.51,4.74,4.74,0.23,73731,38.5,6.7,0,0,None,LOW,0,"Routine milking, clean dry udder cloth, post-milking dip (0.5% povidone iodine).",No medication needed. Maintain clean bedding and nutrition.
COW-1603,Yamuna,Rathi,7.0,3,128,10.6,10.2,3.6,4.43,4.43,4.47,4.46,4.47,0.04,123348,38.4,6.57,0,0,None,LOW,0,"Routine milking, clean dry udder cloth, post-milking dip (0.5% povidone iodine).",No medication needed. Maintain clean bedding and nutrition.
COW-1604,Kalyani,Red Sindhi,7.3,3,109,14.2,4.6,67.4,8.23,7.68,7.86,8.17,8.23,0.55,600000,40.8,7.05,2,2,Both Front,HIGH,48347,Urgent: Acute clinical mastitis! Isolate animal immediately. Call government veterinary officer (1962). Administer prescribed veterinary therapy.,Immediate veterinary antibiotic injection + anti-inflammatory + frequent cold water fanning and stripping.
COW-1605,Kalyani,Rathi,7.8,1,253,13.9,5.5,60.5,8.07,8.36,8.06,8.07,8.36,0.3,1106671,40.0,7.34,2,2,RF,HIGH,45809,Urgent: Acute clinical mastitis! Isolate animal immediately. Call government veterinary officer (1962). Administer prescribed veterinary therapy.,Immediate veterinary antibiotic injection + anti-inflammatory + frequent cold water fanning and stripping.
COW-1606,Nandini,Red Sindhi,3.1,2,231,14.6,11.8,18.9,5.03,6.42,4.81,5.03,6.42,1.61,210000,38.9,6.98,1,1,RF,MEDIUM,8810,Subclinical warning in RF quarter. Apply ICAR herbal paste 3x daily for 5 days. Strip affected quarter completely.,ICAR Formulation: 250g Aloe Vera + 50g Pure Turmeric + 15g Edible Lime (Chuna) ground into paste.
COW-1607,Meera,Tharparkar,5.5,4,287,11.8,11.6,2.1,4.7,4.73,4.98,4.99,4.99,0.29,82288,38.5,6.54,0,0,None,LOW,0,"Routine milking, clean dry udder cloth, post-milking dip (0.5% povidone iodine).",No medication needed. Maintain clean bedding and nutrition.
COW-1608,Sita,HF Cross,8.1,5,212,25.8,24.7,4.2,4.74,4.64,4.62,4.76,4.76,0.14,130670,38.4,6.61,0,0,None,LOW,0,"Routine milking, clean dry udder cloth, post-milking dip (0.5% povidone iodine).",No medication needed. Maintain clean bedding and nutrition.
COW-1609,Kapila,HF Cross,8.8,1,99,18.8,18.8,0.1,4.58,4.52,4.43,4.39,4.58,0.19,123318,38.6,6.5,0,0,None,LOW,0,"Routine milking, clean dry udder cloth, post-milking dip (0.5% povidone iodine).",No medication needed. Maintain clean bedding and nutrition.
COW-1610,Surabhi,Murrah Buffalo,3.9,3,280,12.4,12.3,1.0,4.71,4.92,4.78,4.71,4.92,0.21,146534,38.8,6.6,0,0,None,LOW,0,"Routine milking, clean dry udder cloth, post-milking dip (0.5% povidone iodine).",No medication needed. Maintain clean bedding and nutrition.
COW-1611,Kamdhenu,Sahiwal,6.3,4,47,16.3,6.3,61.1,6.58,6.72,6.89,6.74,6.89,0.31,1199751,39.7,7.34,2,2,RF,HIGH,48175,Urgent: Acute clinical mastitis! Isolate animal immediately. Call government veterinary officer (1962). Administer prescribed veterinary therapy.,Immediate veterinary antibiotic injection + anti-inflammatory + frequent cold water fanning and stripping.
COW-1612,Meera,Rathi,7.5,4,153,11.2,3.3,70.8,6.57,6.81,6.64,6.87,6.87,0.3,1508816,40.0,7.18,2,2,RH,HIGH,50980,Urgent: Acute clinical mastitis! Isolate animal immediately. Call government veterinary officer (1962). Administer prescribed veterinary therapy.,Immediate veterinary antibiotic injection + anti-inflammatory + frequent cold water fanning and stripping.
COW-1613,Sita,Gir,7.7,3,245,16.1,13.7,15.2,4.99,5.0,6.71,4.8,6.71,1.91,338611,38.7,6.81,1,0,LH,MEDIUM,8250,Subclinical warning in LH quarter. Apply ICAR herbal paste 3x daily for 5 days. Strip affected quarter completely.,ICAR Formulation: 250g Aloe Vera + 50g Pure Turmeric + 15g Edible Lime (Chuna) ground into paste.
COW-1614,Sita,Gir,5.3,1,134,19.3,19.2,0.5,5.04,5.08,4.9,5.1,5.1,0.2,195000,38.5,6.56,0,0,None,LOW,0,"Routine milking, clean dry udder cloth, post-milking dip (0.5% povidone iodine).",No medication needed. Maintain clean bedding and nutrition.
COW-1615,Devi,Sahiwal,8.9,4,74,20.0,19.3,3.5,4.64,4.51,4.55,4.49,4.64,0.15,156046,38.5,6.54,0,0,None,LOW,0,"Routine milking, clean dry udder cloth, post-milking dip (0.5% povidone iodine).",No medication needed. Maintain clean bedding and nutrition.
COW-1616,Yamuna,Gir,5.7,1,248,16.3,13.7,15.8,4.75,6.85,5.02,4.85,6.85,2.1,419372,38.6,6.72,0,0,RF,MEDIUM,8153,Subclinical warning in RF quarter. Apply ICAR herbal paste 3x daily for 5 days. Strip affected quarter completely.,ICAR Formulation: 250g Aloe Vera + 50g Pure Turmeric + 15g Edible Lime (Chuna) ground into paste.
COW-1617,Gauri,Sahiwal,7.5,4,83,16.8,16.8,0.0,4.7,4.63,4.5,4.48,4.7,0.22,165262,38.4,6.63,0,0,None,LOW,0,"Routine milking, clean dry udder cloth, post-milking dip (0.5% povidone iodine).",No medication needed. Maintain clean bedding and nutrition.
COW-1618,Tulsi,Tharparkar,3.7,6,17,14.1,13.9,1.5,4.63,4.58,4.77,4.63,4.77,0.19,161240,38.3,6.62,0,0,None,LOW,0,"Routine milking, clean dry udder cloth, post-milking dip (0.5% povidone iodine).",No medication needed. Maintain clean bedding and nutrition.
COW-1619,Tulsi,Gir,8.4,5,64,16.3,16.0,1.7,4.38,4.61,4.61,4.66,4.66,0.28,96612,38.4,6.62,0,0,None,LOW,0,"Routine milking, clean dry udder cloth, post-milking dip (0.5% povidone iodine).",No medication needed. Maintain clean bedding and nutrition.
COW-1620,Nandini,Sahiwal,3.9,1,227,14.2,13.6,3.9,5.05,4.86,5.13,4.87,5.13,0.27,150454,38.9,6.49,0,0,None,LOW,0,"Routine milking, clean dry udder cloth, post-milking dip (0.5% povidone iodine).",No medication needed. Maintain clean bedding and nutrition.
COW-1621,Kalyani,Red Sindhi,7.1,6,97,10.3,10.2,1.2,4.94,5.03,5.03,5.12,5.12,0.18,133652,38.3,6.5,0,0,None,LOW,0,"Routine milking, clean dry udder cloth, post-milking dip (0.5% povidone iodine).",No medication needed. Maintain clean bedding and nutrition.
COW-1622,Surabhi,Tharparkar,3.3,2,66,12.1,12.1,0.0,4.69,4.71,4.73,4.61,4.73,0.12,162257,38.5,6.67,0,0,None,LOW,0,"Routine milking, clean dry udder cloth, post-milking dip (0.5% povidone iodine).",No medication needed. Maintain clean bedding and nutrition.
COW-1623,Kalyani,Murrah Buffalo,7.0,3,34,12.4,12.1,2.8,4.71,4.83,4.56,4.69,4.83,0.27,129576,38.2,6.6,0,0,None,LOW,0,"Routine milking, clean dry udder cloth, post-milking dip (0.5% povidone iodine).",No medication needed. Maintain clean bedding and nutrition.
COW-1624,Devi,Red Sindhi,6.5,3,60,13.6,4.5,66.7,7.53,7.44,7.06,7.08,7.53,0.47,1052733,39.6,7.28,2,2,Both Front,HIGH,49249,Urgent: Acute clinical mastitis! Isolate animal immediately. Call government veterinary officer (1962). Administer prescribed veterinary therapy.,Immediate veterinary antibiotic injection + anti-inflammatory + frequent cold water fanning and stripping.
COW-1625,Kamdhenu,Murrah Buffalo,2.6,5,241,14.3,12.5,12.8,5.01,6.28,4.81,5.03,6.28,1.47,350571,38.9,6.92,1,0,RF,MEDIUM,7249,Subclinical warning in RF quarter. Apply ICAR herbal paste 3x daily for 5 days. Strip affected quarter completely.,ICAR Formulation: 250g Aloe Vera + 50g Pure Turmeric + 15g Edible Lime (Chuna) ground into paste.
COW-1626,Kamdhenu,Gir,3.5,4,163,15.2,15.2,0.0,4.81,4.95,5.03,4.87,5.03,0.22,92513,38.6,6.65,0,0,None,LOW,0,"Routine milking, clean dry udder cloth, post-milking dip (0.5% povidone iodine).",No medication needed. Maintain clean bedding and nutrition.
COW-1627,Devi,Murrah Buffalo,3.4,3,32,15.1,8.0,47.2,8.28,7.96,8.27,8.03,8.28,0.32,1311878,40.0,7.24,2,1,Both Front,HIGH,35668,Urgent: Acute clinical mastitis! Isolate animal immediately. Call government veterinary officer (1962). Administer prescribed veterinary therapy.,Immediate veterinary antibiotic injection + anti-inflammatory + frequent cold water fanning and stripping.
COW-1628,Bhavani,HF Cross,7.4,2,207,22.2,21.8,1.6,4.75,4.88,5.01,4.74,5.01,0.27,142168,38.4,6.54,0,0,None,LOW,0,"Routine milking, clean dry udder cloth, post-milking dip (0.5% povidone iodine).",No medication needed. Maintain clean bedding and nutrition.
COW-1629,Ganga,Sahiwal,3.4,2,116,15.4,15.4,0.0,4.88,5.0,4.86,4.84,5.0,0.16,91946,38.3,6.62,0,0,None,LOW,0,"Routine milking, clean dry udder cloth, post-milking dip (0.5% povidone iodine).",No medication needed. Maintain clean bedding and nutrition.
COW-1630,Meera,Murrah Buffalo,4.5,4,115,13.6,11.5,15.2,6.98,5.14,5.17,5.15,6.98,1.84,366641,38.9,6.72,0,1,LF,MEDIUM,6860,Subclinical warning in LF quarter. Apply ICAR herbal paste 3x daily for 5 days. Strip affected quarter completely.,ICAR Formulation: 250g Aloe Vera + 50g Pure Turmeric + 15g Edible Lime (Chuna) ground into paste.
COW-1631,Bhavani,Tharparkar,5.5,1,165,13.6,13.5,0.8,4.86,4.93,4.92,4.9,4.93,0.07,106285,38.7,6.52,0,0,None,LOW,0,"Routine milking, clean dry udder cloth, post-milking dip (0.5% povidone iodine).",No medication needed. Maintain clean bedding and nutrition.
COW-1632,Sita,Tharparkar,3.0,2,252,11.2,3.0,72.9,6.53,6.66,6.52,6.78,6.78,0.26,1361721,40.5,7.21,2,2,LF,HIGH,50742,Urgent: Acute clinical mastitis! Isolate animal immediately. Call government veterinary officer (1962). Administer prescribed veterinary therapy.,Immediate veterinary antibiotic injection + anti-inflammatory + frequent cold water fanning and stripping.
COW-1633,Kapila,Murrah Buffalo,7.0,5,48,14.5,14.1,3.0,5.02,5.07,4.96,5.03,5.07,0.11,109087,38.8,6.68,0,0,None,LOW,0,"Routine milking, clean dry udder cloth, post-milking dip (0.5% povidone iodine).",No medication needed. Maintain clean bedding and nutrition.
COW-1634,Radha,Red Sindhi,8.9,6,190,13.1,12.8,2.3,4.97,4.96,5.04,4.98,5.04,0.08,132986,38.3,6.53,0,0,None,LOW,0,"Routine milking, clean dry udder cloth, post-milking dip (0.5% povidone iodine).",No medication needed. Maintain clean bedding and nutrition.
COW-1635,Meera,Tharparkar,2.7,3,26,14.2,12.5,11.9,5.14,4.9,6.87,5.03,6.87,1.97,349287,39.2,6.87,0,0,LH,MEDIUM,6984,Subclinical warning in LH quarter. Apply ICAR herbal paste 3x daily for 5 days. Strip affected quarter completely.,ICAR Formulation: 250g Aloe Vera + 50g Pure Turmeric + 15g Edible Lime (Chuna) ground into paste.
COW-1636,Tulsi,Tharparkar,5.3,5,53,13.1,13.0,0.9,4.85,4.68,4.69,4.89,4.89,0.21,77392,38.7,6.52,0,0,None,LOW,0,"Routine milking, clean dry udder cloth, post-milking dip (0.5% povidone iodine).",No medication needed. Maintain clean bedding and nutrition.
COW-1637,Gauri,Tharparkar,6.6,6,222,14.5,7.6,47.3,6.76,6.9,6.91,6.58,6.91,0.33,1287570,41.0,7.6,2,2,LF,HIGH,36697,Urgent: Acute clinical mastitis! Isolate animal immediately. Call government veterinary officer (1962). Administer prescribed veterinary therapy.,Immediate veterinary antibiotic injection + anti-inflammatory + frequent cold water fanning and stripping.
COW-1638,Lakshmi,Sahiwal,8.2,1,61,14.4,12.6,12.2,5.1,4.93,4.99,6.43,6.43,1.5,362470,38.8,6.86,0,1,RH,MEDIUM,6931,Subclinical warning in RH quarter. Apply ICAR herbal paste 3x daily for 5 days. Strip affected quarter completely.,ICAR Formulation: 250g Aloe Vera + 50g Pure Turmeric + 15g Edible Lime (Chuna) ground into paste.
COW-1639,Kalyani,Sahiwal,3.8,1,105,18.9,18.6,1.8,5.2,5.07,5.21,4.97,5.21,0.24,161067,38.4,6.69,0,0,None,LOW,0,"Routine milking, clean dry udder cloth, post-milking dip (0.5% povidone iodine).",No medication needed. Maintain clean bedding and nutrition.
COW-1640,Gauri,Sahiwal,3.1,1,205,14.7,14.3,2.8,4.44,4.51,4.6,4.37,4.6,0.23,147421,38.6,6.61,0,0,None,LOW,0,"Routine milking, clean dry udder cloth, post-milking dip (0.5% povidone iodine).",No medication needed. Maintain clean bedding and nutrition.
COW-1641,Radha,Red Sindhi,9.2,6,33,10.6,10.4,2.2,4.54,4.65,4.58,4.63,4.65,0.11,108396,38.4,6.51,0,0,None,LOW,0,"Routine milking, clean dry udder cloth, post-milking dip (0.5% povidone iodine).",No medication needed. Maintain clean bedding and nutrition.
COW-1642,Kapila,Red Sindhi,4.9,4,184,12.2,5.8,52.5,8.4,8.23,8.06,7.87,8.4,0.53,1472627,40.4,7.5,2,2,LH,HIGH,35891,Urgent: Acute clinical mastitis! Isolate animal immediately. Call government veterinary officer (1962). Administer prescribed veterinary therapy.,Immediate veterinary antibiotic injection + anti-inflammatory + frequent cold water fanning and stripping.
COW-1643,Lakshmi,Tharparkar,8.6,4,83,10.2,10.1,0.9,4.95,4.89,4.74,4.8,4.95,0.21,129804,38.6,6.51,0,0,None,LOW,0,"Routine milking, clean dry udder cloth, post-milking dip (0.5% povidone iodine).",No medication needed. Maintain clean bedding and nutrition.
COW-1644,Gauri,HF Cross,8.6,5,223,23.3,23.0,1.4,5.02,4.83,4.92,4.99,5.02,0.19,154343,38.7,6.56,0,0,None,LOW,0,"Routine milking, clean dry udder cloth, post-milking dip (0.5% povidone iodine).",No medication needed. Maintain clean bedding and nutrition.
COW-1645,Bhavani,HF Cross,4.8,4,131,22.9,22.4,2.4,4.74,4.85,5.0,5.0,5.0,0.26,76874,38.4,6.63,0,0,None,LOW,0,"Routine milking, clean dry udder cloth, post-milking dip (0.5% povidone iodine).",No medication needed. Maintain clean bedding and nutrition.
COW-1646,Gauri,Red Sindhi,7.4,1,209,11.8,11.7,0.5,4.59,4.61,4.69,4.59,4.69,0.1,147523,38.5,6.58,0,0,None,LOW,0,"Routine milking, clean dry udder cloth, post-milking dip (0.5% povidone iodine).",No medication needed. Maintain clean bedding and nutrition.
COW-1647,Ganga,Tharparkar,8.1,3,251,11.0,10.9,0.7,4.62,4.49,4.48,4.65,4.65,0.17,154458,38.6,6.61,0,0,None,LOW,0,"Routine milking, clean dry udder cloth, post-milking dip (0.5% povidone iodine).",No medication needed. Maintain clean bedding and nutrition.
COW-1648,Gauri,HF Cross,3.1,4,26,19.3,10.8,44.3,7.86,7.89,8.02,8.27,8.27,0.41,600000,40.6,7.18,2,1,RH,HIGH,38907,Urgent: Acute clinical mastitis! Isolate animal immediately. Call government veterinary officer (1962). Administer prescribed veterinary therapy.,Immediate veterinary antibiotic injection + anti-inflammatory + frequent cold water fanning and stripping.
COW-1649,Gauri,HF Cross,5.9,6,182,25.0,9.3,62.9,6.54,6.88,6.78,6.76,6.88,0.34,898028,40.5,7.19,2,2,Both Hind,HIGH,43273,Urgent: Acute clinical mastitis! Isolate animal immediately. Call government veterinary officer (1962). Administer prescribed veterinary therapy.,Immediate veterinary antibiotic injection + anti-inflammatory + frequent cold water fanning and stripping.
COW-1650,Meera,Murrah Buffalo,3.3,1,69,12.5,11.2,10.0,4.96,6.85,5.18,5.21,6.85,1.89,394195,39.0,6.87,0,0,RF,MEDIUM,6734,Subclinical warning in RF quarter. Apply ICAR herbal paste 3x daily for 5 days. Strip affected quarter completely.,ICAR Formulation: 250g Aloe Vera + 50g Pure Turmeric + 15g Edible Lime (Chuna) ground into paste.
COW-1651,Surabhi,Tharparkar,4.7,3,76,13.1,11.4,12.6,4.61,6.25,4.7,4.85,6.25,1.64,224383,39.1,6.84,1,0,RF,MEDIUM,7141,Subclinical warning in RF quarter. Apply ICAR herbal paste 3x daily for 5 days. Strip affected quarter completely.,ICAR Formulation: 250g Aloe Vera + 50g Pure Turmeric + 15g Edible Lime (Chuna) ground into paste.
COW-1652,Radha,Sahiwal,7.7,6,29,17.6,17.2,2.1,4.98,5.24,5.16,5.09,5.24,0.26,117075,38.5,6.47,0,0,None,LOW,0,"Routine milking, clean dry udder cloth, post-milking dip (0.5% povidone iodine).",No medication needed. Maintain clean bedding and nutrition.
COW-1653,Kalyani,Sahiwal,6.0,6,204,14.4,11.5,20.4,5.03,6.37,5.21,5.17,6.37,1.34,247943,38.5,6.72,0,1,RF,MEDIUM,10129,Subclinical warning in RF quarter. Apply ICAR herbal paste 3x daily for 5 days. Strip affected quarter completely.,ICAR Formulation: 250g Aloe Vera + 50g Pure Turmeric + 15g Edible Lime (Chuna) ground into paste.
COW-1654,Surabhi,Murrah Buffalo,9.4,6,93,17.9,17.8,0.7,4.76,4.85,4.78,4.67,4.85,0.18,168944,38.4,6.67,0,0,None,LOW,0,"Routine milking, clean dry udder cloth, post-milking dip (0.5% povidone iodine).",No medication needed. Maintain clean bedding and nutrition.
COW-1655,Yamuna,HF Cross,4.5,6,111,23.6,23.3,1.3,4.51,4.65,4.67,4.42,4.67,0.25,70242,38.3,6.65,0,0,None,LOW,0,"Routine milking, clean dry udder cloth, post-milking dip (0.5% povidone iodine).",No medication needed. Maintain clean bedding and nutrition.
COW-1656,Devi,HF Cross,4.6,6,95,22.6,21.9,3.2,4.91,4.7,4.88,4.7,4.91,0.21,110809,38.5,6.61,0,0,None,LOW,0,"Routine milking, clean dry udder cloth, post-milking dip (0.5% povidone iodine).",No medication needed. Maintain clean bedding and nutrition.
COW-1657,Gauri,Gir,5.0,5,64,18.1,8.6,52.4,7.54,7.36,7.05,6.99,7.54,0.55,1706974,40.1,7.05,2,2,RF,HIGH,37143,Urgent: Acute clinical mastitis! Isolate animal immediately. Call government veterinary officer (1962). Administer prescribed veterinary therapy.,Immediate veterinary antibiotic injection + anti-inflammatory + frequent cold water fanning and stripping.
COW-1658,Lakshmi,Gir,9.4,6,185,17.6,6.9,60.9,7.79,7.72,7.88,7.83,7.88,0.16,1055287,40.3,7.11,2,1,Both Front,HIGH,44600,Urgent: Acute clinical mastitis! Isolate animal immediately. Call government veterinary officer (1962). Administer prescribed veterinary therapy.,Immediate veterinary antibiotic injection + anti-inflammatory + frequent cold water fanning and stripping.
COW-1659,Bhavani,HF Cross,9.4,6,57,24.2,13.5,44.3,7.34,7.23,6.97,7.03,7.34,0.37,864997,40.3,7.24,2,1,Both Front,HIGH,30527,Urgent: Acute clinical mastitis! Isolate animal immediately. Call government veterinary officer (1962). Administer prescribed veterinary therapy.,Immediate veterinary antibiotic injection + anti-inflammatory + frequent cold water fanning and stripping.
COW-1660,Sita,Rathi,9.4,4,152,14.2,14.2,0.1,4.82,5.01,4.92,4.8,5.01,0.21,131147,38.3,6.57,0,0,None,LOW,0,"Routine milking, clean dry udder cloth, post-milking dip (0.5% povidone iodine).",No medication needed. Maintain clean bedding and nutrition.
COW-1661,Ganga,Gir,4.8,6,287,15.1,12.6,16.5,6.93,4.98,4.91,4.77,6.93,2.16,382313,39.1,6.72,0,0,LF,MEDIUM,9252,Subclinical warning in LF quarter. Apply ICAR herbal paste 3x daily for 5 days. Strip affected quarter completely.,ICAR Formulation: 250g Aloe Vera + 50g Pure Turmeric + 15g Edible Lime (Chuna) ground into paste.
COW-1662,Gauri,Gir,3.8,5,104,14.0,13.8,1.4,4.55,4.71,4.73,4.56,4.73,0.18,97467,38.2,6.54,0,0,None,LOW,0,"Routine milking, clean dry udder cloth, post-milking dip (0.5% povidone iodine).",No medication needed. Maintain clean bedding and nutrition.
COW-1663,Radha,Red Sindhi,7.8,1,75,13.0,12.8,1.8,4.8,4.96,4.68,4.77,4.96,0.28,79262,38.3,6.52,0,0,None,LOW,0,"Routine milking, clean dry udder cloth, post-milking dip (0.5% povidone iodine).",No medication needed. Maintain clean bedding and nutrition.
COW-1664,Yamuna,Red Sindhi,4.6,5,239,10.8,10.7,0.7,4.81,4.84,4.72,4.69,4.84,0.15,132427,38.4,6.59,0,0,None,LOW,0,"Routine milking, clean dry udder cloth, post-milking dip (0.5% povidone iodine).",No medication needed. Maintain clean bedding and nutrition.
COW-1665,Tulsi,Gir,7.1,1,133,14.2,14.2,0.0,4.93,4.9,5.03,5.04,5.04,0.14,120492,38.8,6.66,0,0,None,LOW,0,"Routine milking, clean dry udder cloth, post-milking dip (0.5% povidone iodine).",No medication needed. Maintain clean bedding and nutrition.
COW-1666,Radha,Sahiwal,7.6,4,50,17.3,16.8,2.7,4.79,4.88,5.02,4.94,5.02,0.23,159040,38.7,6.51,0,0,None,LOW,0,"Routine milking, clean dry udder cloth, post-milking dip (0.5% povidone iodine).",No medication needed. Maintain clean bedding and nutrition.
COW-1667,Tulsi,Sahiwal,6.3,1,149,20.0,17.2,13.8,5.08,7.08,5.06,4.96,7.08,2.12,427655,38.5,6.75,1,1,RF,MEDIUM,6383,Subclinical warning in RF quarter. Apply ICAR herbal paste 3x daily for 5 days. Strip affected quarter completely.,ICAR Formulation: 250g Aloe Vera + 50g Pure Turmeric + 15g Edible Lime (Chuna) ground into paste.
COW-1668,Sita,Sahiwal,3.0,1,284,14.7,14.4,2.0,4.58,4.5,4.49,4.47,4.58,0.11,165618,38.6,6.61,0,0,None,LOW,0,"Routine milking, clean dry udder cloth, post-milking dip (0.5% povidone iodine).",No medication needed. Maintain clean bedding and nutrition.
COW-1669,Kalyani,Red Sindhi,4.1,1,62,12.3,4.8,60.6,8.57,8.18,8.42,8.63,8.63,0.45,1336743,39.7,7.41,2,2,RH,HIGH,39865,Urgent: Acute clinical mastitis! Isolate animal immediately. Call government veterinary officer (1962). Administer prescribed veterinary therapy.,Immediate veterinary antibiotic injection + anti-inflammatory + frequent cold water fanning and stripping.
COW-1670,Yamuna,Murrah Buffalo,7.4,3,150,15.6,5.1,67.6,7.29,6.94,7.32,7.24,7.32,0.38,1609356,40.1,7.24,2,2,RF,HIGH,49612,Urgent: Acute clinical mastitis! Isolate animal immediately. Call government veterinary officer (1962). Administer prescribed veterinary therapy.,Immediate veterinary antibiotic injection + anti-inflammatory + frequent cold water fanning and stripping.
COW-1671,Sita,Sahiwal,4.3,6,274,18.3,15.9,13.0,4.96,6.8,4.96,5.03,6.8,1.84,212822,38.9,6.87,1,1,RF,MEDIUM,6424,Subclinical warning in RF quarter. Apply ICAR herbal paste 3x daily for 5 days. Strip affected quarter completely.,ICAR Formulation: 250g Aloe Vera + 50g Pure Turmeric + 15g Edible Lime (Chuna) ground into paste.
COW-1672,Kapila,Murrah Buffalo,8.1,5,158,13.7,13.4,2.3,5.18,5.16,5.01,5.17,5.18,0.17,127823,38.7,6.56,0,0,None,LOW,0,"Routine milking, clean dry udder cloth, post-milking dip (0.5% povidone iodine).",No medication needed. Maintain clean bedding and nutrition.
COW-1673,Radha,Tharparkar,7.9,1,52,10.5,10.3,1.8,4.58,4.43,4.49,4.69,4.69,0.26,94311,38.5,6.57,0,0,None,LOW,0,"Routine milking, clean dry udder cloth, post-milking dip (0.5% povidone iodine).",No medication needed. Maintain clean bedding and nutrition.
COW-1674,Bhavani,Red Sindhi,2.6,4,272,15.6,15.5,0.8,4.85,4.85,4.81,4.69,4.85,0.16,117066,38.5,6.63,0,0,None,LOW,0,"Routine milking, clean dry udder cloth, post-milking dip (0.5% povidone iodine).",No medication needed. Maintain clean bedding and nutrition.
COW-1675,Lakshmi,Rathi,3.8,6,15,14.3,11.8,17.3,4.89,4.96,6.55,4.94,6.55,1.66,210000,39.2,6.93,1,0,LH,MEDIUM,8936,Subclinical warning in LH quarter. Apply ICAR herbal paste 3x daily for 5 days. Strip affected quarter completely.,ICAR Formulation: 250g Aloe Vera + 50g Pure Turmeric + 15g Edible Lime (Chuna) ground into paste.
COW-1676,Devi,Red Sindhi,6.2,2,101,10.5,9.1,13.0,5.15,5.14,7.29,5.06,7.29,2.23,229541,39.0,6.78,0,1,LH,MEDIUM,6662,Subclinical warning in LH quarter. Apply ICAR herbal paste 3x daily for 5 days. Strip affected quarter completely.,ICAR Formulation: 250g Aloe Vera + 50g Pure Turmeric + 15g Edible Lime (Chuna) ground into paste.
COW-1677,Kapila,Murrah Buffalo,4.4,1,213,13.3,13.3,0.3,5.1,5.16,4.92,5.05,5.16,0.24,139222,38.6,6.57,0,0,None,LOW,0,"Routine milking, clean dry udder cloth, post-milking dip (0.5% povidone iodine).",No medication needed. Maintain clean bedding and nutrition.
COW-1678,Sita,Red Sindhi,5.9,3,15,13.7,13.5,1.4,4.56,4.83,4.62,4.67,4.83,0.27,105831,38.3,6.53,0,0,None,LOW,0,"Routine milking, clean dry udder cloth, post-milking dip (0.5% povidone iodine).",No medication needed. Maintain clean bedding and nutrition.
COW-1679,Kamdhenu,Tharparkar,5.9,1,282,13.1,13.0,0.6,4.57,4.47,4.62,4.49,4.62,0.15,104948,38.6,6.67,0,0,None,LOW,0,"Routine milking, clean dry udder cloth, post-milking dip (0.5% povidone iodine).",No medication needed. Maintain clean bedding and nutrition.
COW-1680,Surabhi,Murrah Buffalo,4.6,4,105,15.2,15.0,1.6,5.14,5.08,4.99,5.17,5.17,0.18,138379,38.6,6.61,0,0,None,LOW,0,"Routine milking, clean dry udder cloth, post-milking dip (0.5% povidone iodine).",No medication needed. Maintain clean bedding and nutrition.
COW-1681,Lakshmi,Murrah Buffalo,8.7,6,113,12.7,12.3,2.8,4.56,4.53,4.44,4.63,4.63,0.19,155993,38.6,6.51,0,0,None,LOW,0,"Routine milking, clean dry udder cloth, post-milking dip (0.5% povidone iodine).",No medication needed. Maintain clean bedding and nutrition.
COW-1682,Kapila,HF Cross,9.4,1,227,21.9,21.4,2.5,4.8,4.98,4.99,4.88,4.99,0.19,161055,38.3,6.58,0,0,None,LOW,0,"Routine milking, clean dry udder cloth, post-milking dip (0.5% povidone iodine).",No medication needed. Maintain clean bedding and nutrition.
COW-1683,Tulsi,HF Cross,8.4,4,79,18.9,18.8,0.3,4.41,4.51,4.59,4.43,4.59,0.18,122674,38.7,6.7,0,0,None,LOW,0,"Routine milking, clean dry udder cloth, post-milking dip (0.5% povidone iodine).",No medication needed. Maintain clean bedding and nutrition.
COW-1684,Gauri,Red Sindhi,4.9,5,16,12.6,12.4,1.2,4.87,4.72,4.69,4.79,4.87,0.18,81663,38.6,6.62,0,0,None,LOW,0,"Routine milking, clean dry udder cloth, post-milking dip (0.5% povidone iodine).",No medication needed. Maintain clean bedding and nutrition.
COW-1685,Meera,Murrah Buffalo,7.9,3,138,16.0,15.9,0.6,4.87,4.67,4.85,4.82,4.87,0.2,180864,38.2,6.62,0,0,None,LOW,0,"Routine milking, clean dry udder cloth, post-milking dip (0.5% povidone iodine).",No medication needed. Maintain clean bedding and nutrition.
COW-1686,Meera,Red Sindhi,6.6,6,88,11.4,11.3,0.7,4.67,4.65,4.5,4.56,4.67,0.17,190178,38.9,6.53,0,0,None,LOW,0,"Routine milking, clean dry udder cloth, post-milking dip (0.5% povidone iodine).",No medication needed. Maintain clean bedding and nutrition.
COW-1687,Kamdhenu,Red Sindhi,2.9,4,280,11.8,10.1,14.4,4.79,6.12,4.79,4.68,6.12,1.44,380171,38.7,6.82,1,1,RF,MEDIUM,7045,Subclinical warning in RF quarter. Apply ICAR herbal paste 3x daily for 5 days. Strip affected quarter completely.,ICAR Formulation: 250g Aloe Vera + 50g Pure Turmeric + 15g Edible Lime (Chuna) ground into paste.
COW-1688,Nandini,Gir,3.8,1,38,18.0,17.9,0.5,4.61,4.7,4.65,4.6,4.7,0.1,130888,38.2,6.58,0,0,None,LOW,0,"Routine milking, clean dry udder cloth, post-milking dip (0.5% povidone iodine).",No medication needed. Maintain clean bedding and nutrition.
COW-1689,Kapila,Murrah Buffalo,4.8,1,61,16.0,13.2,17.8,4.94,6.44,4.95,4.87,6.44,1.57,285481,39.2,6.72,0,1,RF,MEDIUM,7908,Subclinical warning in RF quarter. Apply ICAR herbal paste 3x daily for 5 days. Strip affected quarter completely.,ICAR Formulation: 250g Aloe Vera + 50g Pure Turmeric + 15g Edible Lime (Chuna) ground into paste.
COW-1690,Devi,Gir,3.4,6,73,14.2,5.4,61.7,7.95,8.1,7.89,8.4,8.4,0.51,1484621,40.1,7.21,2,2,Both Front,HIGH,46619,Urgent: Acute clinical mastitis! Isolate animal immediately. Call government veterinary officer (1962). Administer prescribed veterinary therapy.,Immediate veterinary antibiotic injection + anti-inflammatory + frequent cold water fanning and stripping.
COW-1691,Bhavani,Sahiwal,6.2,2,34,14.8,14.4,3.0,5.04,5.0,5.03,4.95,5.04,0.09,157663,38.6,6.61,0,0,None,LOW,0,"Routine milking, clean dry udder cloth, post-milking dip (0.5% povidone iodine).",No medication needed. Maintain clean bedding and nutrition.
COW-1692,Nandini,Murrah Buffalo,5.6,6,72,17.5,17.4,0.3,4.88,4.75,4.61,4.78,4.88,0.27,118404,38.4,6.51,0,0,None,LOW,0,"Routine milking, clean dry udder cloth, post-milking dip (0.5% povidone iodine).",No medication needed. Maintain clean bedding and nutrition.
COW-1693,Tulsi,Sahiwal,4.5,5,43,18.8,15.7,16.7,4.96,4.95,4.82,6.66,6.66,1.84,480000,39.1,6.72,1,1,RH,MEDIUM,8588,Subclinical warning in RH quarter. Apply ICAR herbal paste 3x daily for 5 days. Strip affected quarter completely.,ICAR Formulation: 250g Aloe Vera + 50g Pure Turmeric + 15g Edible Lime (Chuna) ground into paste.
COW-1694,Radha,Sahiwal,3.8,2,123,17.6,17.2,2.3,5.06,5.06,5.12,4.98,5.12,0.14,83713,38.6,6.61,0,0,None,LOW,0,"Routine milking, clean dry udder cloth, post-milking dip (0.5% povidone iodine).",No medication needed. Maintain clean bedding and nutrition.
COW-1695,Kalyani,Sahiwal,4.6,3,72,15.0,14.8,1.6,4.5,4.54,4.76,4.77,4.77,0.27,121076,38.5,6.6,0,0,None,LOW,0,"Routine milking, clean dry udder cloth, post-milking dip (0.5% povidone iodine).",No medication needed. Maintain clean bedding and nutrition.
COW-1696,Radha,Red Sindhi,8.0,6,139,15.9,15.6,1.8,4.61,4.61,4.71,4.52,4.71,0.19,52324,38.5,6.53,0,0,None,LOW,0,"Routine milking, clean dry udder cloth, post-milking dip (0.5% povidone iodine).",No medication needed. Maintain clean bedding and nutrition.
COW-1697,Tulsi,Rathi,4.3,2,221,15.4,15.0,2.9,5.13,4.94,5.05,5.16,5.16,0.22,195000,38.6,6.56,0,0,None,LOW,0,"Routine milking, clean dry udder cloth, post-milking dip (0.5% povidone iodine).",No medication needed. Maintain clean bedding and nutrition.
COW-1698,Radha,Sahiwal,4.3,1,287,17.9,6.8,62.2,6.86,6.64,6.81,6.93,6.93,0.29,1368940,40.4,7.34,2,1,Both Hind,HIGH,46344,Urgent: Acute clinical mastitis! Isolate animal immediately. Call government veterinary officer (1962). Administer prescribed veterinary therapy.,Immediate veterinary antibiotic injection + anti-inflammatory + frequent cold water fanning and stripping.
COW-1699,Meera,Murrah Buffalo,4.4,5,214,12.9,12.9,0.1,4.9,5.06,4.81,4.84,5.06,0.25,195000,38.3,6.61,0,0,None,LOW,0,"Routine milking, clean dry udder cloth, post-milking dip (0.5% povidone iodine).",No medication needed. Maintain clean bedding and nutrition.
COW-1700,Ganga,Red Sindhi,8.5,2,263,15.7,15.5,1.1,4.61,4.78,4.76,4.73,4.78,0.17,149442,38.3,6.55,0,0,None,LOW,0,"Routine milking, clean dry udder cloth, post-milking dip (0.5% povidone iodine).",No medication needed. Maintain clean bedding and nutrition.
COW-1701,Meera,Gir,3.5,4,137,16.7,15.0,10.2,4.76,4.82,4.84,6.33,6.33,1.57,388307,39.0,6.72,0,0,RH,MEDIUM,5340,Subclinical warning in RH quarter. Apply ICAR herbal paste 3x daily for 5 days. Strip affected quarter completely.,ICAR Formulation: 250g Aloe Vera + 50g Pure Turmeric + 15g Edible Lime (Chuna) ground into paste.
COW-1702,Meera,Red Sindhi,3.1,2,18,14.8,14.6,1.2,4.99,5.07,5.08,4.85,5.08,0.23,131922,38.4,6.5,0,0,None,LOW,0,"Routine milking, clean dry udder cloth, post-milking dip (0.5% povidone iodine).",No medication needed. Maintain clean bedding and nutrition.
COW-1703,Ganga,Tharparkar,7.8,4,95,11.8,11.8,0.0,4.66,4.58,4.66,4.5,4.66,0.16,119203,38.9,6.61,0,0,None,LOW,0,"Routine milking, clean dry udder cloth, post-milking dip (0.5% povidone iodine).",No medication needed. Maintain clean bedding and nutrition.
COW-1704,Lakshmi,Gir,6.3,1,273,19.3,19.3,0.0,4.42,4.42,4.47,4.46,4.47,0.05,110232,38.7,6.7,0,0,None,LOW,0,"Routine milking, clean dry udder cloth, post-milking dip (0.5% povidone iodine).",No medication needed. Maintain clean bedding and nutrition.
COW-1705,Radha,Sahiwal,9.0,6,208,18.1,15.6,14.0,6.22,4.86,5.08,4.88,6.22,1.36,210000,39.3,6.85,1,0,LF,MEDIUM,8234,Subclinical warning in LF quarter. Apply ICAR herbal paste 3x daily for 5 days. Strip affected quarter completely.,ICAR Formulation: 250g Aloe Vera + 50g Pure Turmeric + 15g Edible Lime (Chuna) ground into paste.
COW-1706,Lakshmi,Rathi,3.6,4,283,12.0,11.8,1.5,4.87,4.81,4.79,4.69,4.87,0.18,99609,38.6,6.45,0,0,None,LOW,0,"Routine milking, clean dry udder cloth, post-milking dip (0.5% povidone iodine).",No medication needed. Maintain clean bedding and nutrition.
COW-1707,Devi,Gir,4.4,4,200,19.6,16.6,15.4,6.44,5.24,5.18,4.99,6.44,1.45,342947,39.0,6.74,1,0,LF,MEDIUM,7121,Subclinical warning in LF quarter. Apply ICAR herbal paste 3x daily for 5 days. Strip affected quarter completely.,ICAR Formulation: 250g Aloe Vera + 50g Pure Turmeric + 15g Edible Lime (Chuna) ground into paste.
COW-1708,Sita,Tharparkar,9.2,3,86,10.5,4.1,61.1,7.95,8.03,8.02,8.32,8.32,0.37,1229990,39.8,7.29,2,2,RF,HIGH,40814,Urgent: Acute clinical mastitis! Isolate animal immediately. Call government veterinary officer (1962). Administer prescribed veterinary therapy.,Immediate veterinary antibiotic injection + anti-inflammatory + frequent cold water fanning and stripping.
COW-1709,Bhavani,HF Cross,9.0,4,226,22.4,21.8,2.5,4.81,4.71,4.67,4.86,4.86,0.19,98662,38.4,6.52,0,0,None,LOW,0,"Routine milking, clean dry udder cloth, post-milking dip (0.5% povidone iodine).",No medication needed. Maintain clean bedding and nutrition.
COW-1710,Yamuna,Rathi,7.9,6,124,14.2,14.2,0.0,4.65,4.36,4.52,4.64,4.65,0.29,160045,38.5,6.58,0,0,None,LOW,0,"Routine milking, clean dry udder cloth, post-milking dip (0.5% povidone iodine).",No medication needed. Maintain clean bedding and nutrition.
COW-1711,Devi,Gir,2.9,3,196,19.1,9.8,48.5,6.88,7.3,7.37,7.34,7.37,0.49,1095113,40.2,7.6,2,1,RF,HIGH,33165,Urgent: Acute clinical mastitis! Isolate animal immediately. Call government veterinary officer (1962). Administer prescribed veterinary therapy.,Immediate veterinary antibiotic injection + anti-inflammatory + frequent cold water fanning and stripping.
COW-1712,Tulsi,Sahiwal,3.3,6,85,16.3,16.0,1.9,5.04,5.14,5.13,4.95,5.14,0.19,91081,38.8,6.64,0,0,None,LOW,0,"Routine milking, clean dry udder cloth, post-milking dip (0.5% povidone iodine).",No medication needed. Maintain clean bedding and nutrition.
COW-1713,Kalyani,Rathi,8.6,1,87,12.2,12.0,1.4,4.57,4.64,4.44,4.45,4.64,0.2,191551,38.6,6.6,0,0,None,LOW,0,"Routine milking, clean dry udder cloth, post-milking dip (0.5% povidone iodine).",No medication needed. Maintain clean bedding and nutrition.
COW-1714,Tulsi,Sahiwal,7.7,6,165,16.8,13.6,19.0,5.15,5.03,4.99,6.32,6.32,1.33,405649,39.1,6.77,0,0,RH,MEDIUM,8961,Subclinical warning in RH quarter. Apply ICAR herbal paste 3x daily for 5 days. Strip affected quarter completely.,ICAR Formulation: 250g Aloe Vera + 50g Pure Turmeric + 15g Edible Lime (Chuna) ground into paste.
COW-1715,Kalyani,Tharparkar,7.3,4,144,15.5,15.3,1.4,4.9,4.82,5.07,4.93,5.07,0.25,83826,38.5,6.53,0,0,None,LOW,0,"Routine milking, clean dry udder cloth, post-milking dip (0.5% povidone iodine).",No medication needed. Maintain clean bedding and nutrition.
COW-1716,Ganga,HF Cross,4.0,5,40,19.8,19.5,1.6,4.97,5.05,5.04,4.94,5.05,0.11,173310,38.4,6.58,0,0,None,LOW,0,"Routine milking, clean dry udder cloth, post-milking dip (0.5% povidone iodine).",No medication needed. Maintain clean bedding and nutrition.
COW-1717,Nandini,HF Cross,7.0,4,96,18.4,18.1,1.8,4.69,4.64,4.71,4.84,4.84,0.2,159695,38.2,6.54,0,0,None,LOW,0,"Routine milking, clean dry udder cloth, post-milking dip (0.5% povidone iodine).",No medication needed. Maintain clean bedding and nutrition.
COW-1718,Nandini,Gir,4.2,2,289,14.6,14.2,2.4,4.63,4.41,4.42,4.64,4.64,0.23,172002,38.4,6.47,0,0,None,LOW,0,"Routine milking, clean dry udder cloth, post-milking dip (0.5% povidone iodine).",No medication needed. Maintain clean bedding and nutrition.
COW-1719,Meera,Murrah Buffalo,3.1,5,34,15.4,12.9,16.0,6.88,4.67,4.87,4.8,6.88,2.21,275524,38.5,6.77,1,1,LF,MEDIUM,8586,Subclinical warning in LF quarter. Apply ICAR herbal paste 3x daily for 5 days. Strip affected quarter completely.,ICAR Formulation: 250g Aloe Vera + 50g Pure Turmeric + 15g Edible Lime (Chuna) ground into paste.
COW-1720,Nandini,Sahiwal,7.4,1,181,16.4,14.7,10.4,7.02,4.81,5.04,4.94,7.02,2.21,307083,38.6,6.72,0,0,LF,MEDIUM,6537,Subclinical warning in LF quarter. Apply ICAR herbal paste 3x daily for 5 days. Strip affected quarter completely.,ICAR Formulation: 250g Aloe Vera + 50g Pure Turmeric + 15g Edible Lime (Chuna) ground into paste.
COW-1721,Kapila,Gir,8.7,1,130,19.3,15.2,21.2,4.98,6.94,5.09,5.15,6.94,1.96,382794,39.1,6.87,1,1,RF,MEDIUM,10528,Subclinical warning in RF quarter. Apply ICAR herbal paste 3x daily for 5 days. Strip affected quarter completely.,ICAR Formulation: 250g Aloe Vera + 50g Pure Turmeric + 15g Edible Lime (Chuna) ground into paste.
COW-1722,Ganga,Murrah Buffalo,4.5,5,232,12.2,10.8,11.2,4.97,4.85,4.96,7.01,7.01,2.16,240362,38.7,6.82,0,0,RH,MEDIUM,6989,Subclinical warning in RH quarter. Apply ICAR herbal paste 3x daily for 5 days. Strip affected quarter completely.,ICAR Formulation: 250g Aloe Vera + 50g Pure Turmeric + 15g Edible Lime (Chuna) ground into paste.
COW-1723,Kalyani,Murrah Buffalo,6.3,1,267,12.6,12.4,1.6,4.96,4.99,5.02,4.94,5.02,0.08,150957,38.6,6.54,0,0,None,LOW,0,"Routine milking, clean dry udder cloth, post-milking dip (0.5% povidone iodine).",No medication needed. Maintain clean bedding and nutrition.
COW-1724,Ganga,HF Cross,7.9,3,254,25.8,22.0,14.8,4.92,4.91,5.05,7.08,7.08,2.17,352009,39.2,6.88,0,1,RH,MEDIUM,7431,Subclinical warning in RH quarter. Apply ICAR herbal paste 3x daily for 5 days. Strip affected quarter completely.,ICAR Formulation: 250g Aloe Vera + 50g Pure Turmeric + 15g Edible Lime (Chuna) ground into paste.
COW-1725,Yamuna,Red Sindhi,6.9,3,203,10.5,10.3,2.1,4.88,4.92,4.63,4.91,4.92,0.29,157616,38.5,6.66,0,0,None,LOW,0,"Routine milking, clean dry udder cloth, post-milking dip (0.5% povidone iodine).",No medication needed. Maintain clean bedding and nutrition.
COW-1726,Lakshmi,HF Cross,8.0,6,16,19.2,19.0,0.8,4.75,4.83,4.64,4.84,4.84,0.2,99861,38.8,6.62,0,0,None,LOW,0,"Routine milking, clean dry udder cloth, post-milking dip (0.5% povidone iodine).",No medication needed. Maintain clean bedding and nutrition.
COW-1727,Gauri,Gir,4.9,4,285,19.4,19.1,1.8,4.62,4.68,4.68,4.63,4.68,0.06,113217,38.6,6.61,0,0,None,LOW,0,"Routine milking, clean dry udder cloth, post-milking dip (0.5% povidone iodine).",No medication needed. Maintain clean bedding and nutrition.
COW-1728,Meera,Tharparkar,4.8,3,187,16.0,15.7,1.8,4.91,4.85,4.78,4.82,4.91,0.13,140895,38.8,6.64,0,0,None,LOW,0,"Routine milking, clean dry udder cloth, post-milking dip (0.5% povidone iodine).",No medication needed. Maintain clean bedding and nutrition.
COW-1729,Kapila,Sahiwal,7.0,3,28,19.9,15.6,21.4,7.24,5.15,5.16,5.03,7.24,2.21,385891,38.5,6.85,1,1,LF,MEDIUM,9506,Subclinical warning in LF quarter. Apply ICAR herbal paste 3x daily for 5 days. Strip affected quarter completely.,ICAR Formulation: 250g Aloe Vera + 50g Pure Turmeric + 15g Edible Lime (Chuna) ground into paste.
COW-1730,Gauri,Sahiwal,3.1,1,152,16.4,16.3,0.5,5.04,4.93,4.98,4.86,5.04,0.18,193325,38.5,6.53,0,0,None,LOW,0,"Routine milking, clean dry udder cloth, post-milking dip (0.5% povidone iodine).",No medication needed. Maintain clean bedding and nutrition.
COW-1731,Kalyani,Gir,3.1,4,187,19.8,19.8,0.0,4.75,4.61,4.63,4.7,4.75,0.14,91862,38.3,6.56,0,0,None,LOW,0,"Routine milking, clean dry udder cloth, post-milking dip (0.5% povidone iodine).",No medication needed. Maintain clean bedding and nutrition.
COW-1732,Tulsi,Tharparkar,5.0,6,211,14.9,14.3,3.8,4.95,5.1,5.06,4.93,5.1,0.17,130546,38.7,6.53,0,0,None,LOW,0,"Routine milking, clean dry udder cloth, post-milking dip (0.5% povidone iodine).",No medication needed. Maintain clean bedding and nutrition.
COW-1733,Gauri,Red Sindhi,9.1,6,174,10.1,3.5,65.3,7.39,7.67,7.6,7.36,7.67,0.31,1378777,40.6,7.15,2,2,RF,HIGH,42709,Urgent: Acute clinical mastitis! Isolate animal immediately. Call government veterinary officer (1962). Administer prescribed veterinary therapy.,Immediate veterinary antibiotic injection + anti-inflammatory + frequent cold water fanning and stripping.
COW-1734,Gauri,Tharparkar,7.0,5,61,10.2,8.0,21.7,4.92,7.06,4.87,4.86,7.06,2.2,379816,38.5,6.89,0,1,RF,MEDIUM,10761,Subclinical warning in RF quarter. Apply ICAR herbal paste 3x daily for 5 days. Strip affected quarter completely.,ICAR Formulation: 250g Aloe Vera + 50g Pure Turmeric + 15g Edible Lime (Chuna) ground into paste.
COW-1735,Nandini,Gir,4.6,3,269,18.9,18.9,0.2,4.95,4.77,4.75,4.9,4.95,0.2,136014,38.6,6.51,0,0,None,LOW,0,"Routine milking, clean dry udder cloth, post-milking dip (0.5% povidone iodine).",No medication needed. Maintain clean bedding and nutrition.
COW-1736,Surabhi,Rathi,9.3,3,70,15.6,15.6,0.0,4.74,4.62,4.7,4.66,4.74,0.12,150902,38.3,6.61,0,0,None,LOW,0,"Routine milking, clean dry udder cloth, post-milking dip (0.5% povidone iodine).",No medication needed. Maintain clean bedding and nutrition.
COW-1737,Gauri,HF Cross,7.3,6,157,23.6,10.8,54.4,8.67,8.25,8.58,8.56,8.67,0.42,1496860,39.7,7.33,2,2,LF,HIGH,44124,Urgent: Acute clinical mastitis! Isolate animal immediately. Call government veterinary officer (1962). Administer prescribed veterinary therapy.,Immediate veterinary antibiotic injection + anti-inflammatory + frequent cold water fanning and stripping.
COW-1738,Kamdhenu,HF Cross,5.6,5,28,23.3,13.0,44.4,6.92,6.87,6.76,6.93,6.93,0.17,1418970,39.9,7.34,2,2,RF,HIGH,36965,Urgent: Acute clinical mastitis! Isolate animal immediately. Call government veterinary officer (1962). Administer prescribed veterinary therapy.,Immediate veterinary antibiotic injection + anti-inflammatory + frequent cold water fanning and stripping.
COW-1739,Devi,Red Sindhi,7.0,6,214,10.0,10.0,0.0,4.57,4.75,4.56,4.74,4.75,0.19,139115,38.4,6.52,0,0,None,LOW,0,"Routine milking, clean dry udder cloth, post-milking dip (0.5% povidone iodine).",No medication needed. Maintain clean bedding and nutrition.
COW-1740,Bhavani,Tharparkar,7.2,1,224,10.2,10.1,1.1,5.08,4.98,5.05,4.92,5.08,0.16,142237,38.2,6.59,0,0,None,LOW,0,"Routine milking, clean dry udder cloth, post-milking dip (0.5% povidone iodine).",No medication needed. Maintain clean bedding and nutrition.
COW-1741,Ganga,Rathi,9.4,2,212,11.2,8.9,20.9,6.47,4.99,5.14,5.24,6.47,1.48,367539,38.7,6.79,0,1,LF,MEDIUM,9288,Subclinical warning in LF quarter. Apply ICAR herbal paste 3x daily for 5 days. Strip affected quarter completely.,ICAR Formulation: 250g Aloe Vera + 50g Pure Turmeric + 15g Edible Lime (Chuna) ground into paste.
COW-1742,Kamdhenu,HF Cross,8.1,5,72,23.1,18.7,19.2,5.02,5.07,6.33,4.98,6.33,1.35,371230,38.9,6.85,0,0,LH,MEDIUM,9485,Subclinical warning in LH quarter. Apply ICAR herbal paste 3x daily for 5 days. Strip affected quarter completely.,ICAR Formulation: 250g Aloe Vera + 50g Pure Turmeric + 15g Edible Lime (Chuna) ground into paste.
COW-1743,Tulsi,Rathi,8.9,1,207,10.2,8.1,20.1,5.1,4.92,5.06,6.41,6.41,1.49,352848,38.5,6.88,1,1,RH,MEDIUM,9885,Subclinical warning in RH quarter. Apply ICAR herbal paste 3x daily for 5 days. Strip affected quarter completely.,ICAR Formulation: 250g Aloe Vera + 50g Pure Turmeric + 15g Edible Lime (Chuna) ground into paste.
COW-1744,Lakshmi,Murrah Buffalo,3.1,2,23,15.8,15.6,1.4,4.55,4.59,4.44,4.5,4.59,0.15,151436,38.3,6.57,0,0,None,LOW,0,"Routine milking, clean dry udder cloth, post-milking dip (0.5% povidone iodine).",No medication needed. Maintain clean bedding and nutrition.
COW-1745,Devi,Sahiwal,3.1,4,197,19.5,18.9,3.1,4.65,4.53,4.56,4.6,4.65,0.12,125292,38.6,6.67,0,0,None,LOW,0,"Routine milking, clean dry udder cloth, post-milking dip (0.5% povidone iodine).",No medication needed. Maintain clean bedding and nutrition.
COW-1746,Meera,HF Cross,5.4,3,242,24.5,24.0,2.1,4.41,4.53,4.54,4.37,4.54,0.17,84072,38.6,6.66,0,0,None,LOW,0,"Routine milking, clean dry udder cloth, post-milking dip (0.5% povidone iodine).",No medication needed. Maintain clean bedding and nutrition.
COW-1747,Nandini,Murrah Buffalo,5.9,5,14,13.0,11.5,11.4,6.86,4.65,4.8,4.69,6.86,2.21,396368,39.3,6.9,0,0,LF,MEDIUM,6160,Subclinical warning in LF quarter. Apply ICAR herbal paste 3x daily for 5 days. Strip affected quarter completely.,ICAR Formulation: 250g Aloe Vera + 50g Pure Turmeric + 15g Edible Lime (Chuna) ground into paste.
COW-1748,Ganga,Sahiwal,3.1,6,76,15.6,15.4,1.5,5.03,5.09,5.01,5.15,5.15,0.14,138725,38.7,6.59,0,0,None,LOW,0,"Routine milking, clean dry udder cloth, post-milking dip (0.5% povidone iodine).",No medication needed. Maintain clean bedding and nutrition.
COW-1749,Kapila,Tharparkar,6.1,4,110,11.5,11.1,3.8,5.07,5.15,4.89,5.1,5.15,0.26,117700,38.8,6.53,0,0,None,LOW,0,"Routine milking, clean dry udder cloth, post-milking dip (0.5% povidone iodine).",No medication needed. Maintain clean bedding and nutrition.
COW-1750,Sita,Murrah Buffalo,3.7,2,261,14.6,14.6,0.0,4.79,4.8,4.74,4.82,4.82,0.08,147495,38.2,6.6,0,0,None,LOW,0,"Routine milking, clean dry udder cloth, post-milking dip (0.5% povidone iodine).",No medication needed. Maintain clean bedding and nutrition.
COW-1751,Meera,Rathi,5.0,6,44,12.7,5.3,58.6,6.95,7.07,7.23,7.28,7.28,0.33,1418927,40.6,7.16,2,2,Both Hind,HIGH,37790,Urgent: Acute clinical mastitis! Isolate animal immediately. Call government veterinary officer (1962). Administer prescribed veterinary therapy.,Immediate veterinary antibiotic injection + anti-inflammatory + frequent cold water fanning and stripping.
COW-1752,Kamdhenu,Sahiwal,8.2,4,107,16.1,16.1,0.0,4.86,4.98,4.78,4.84,4.98,0.2,134324,38.9,6.55,0,0,None,LOW,0,"Routine milking, clean dry udder cloth, post-milking dip (0.5% povidone iodine).",No medication needed. Maintain clean bedding and nutrition.
COW-1753,Lakshmi,HF Cross,4.8,4,176,25.2,24.4,3.0,4.76,4.74,4.61,4.66,4.76,0.15,181858,38.9,6.58,0,0,None,LOW,0,"Routine milking, clean dry udder cloth, post-milking dip (0.5% povidone iodine).",No medication needed. Maintain clean bedding and nutrition.
COW-1754,Sita,Red Sindhi,8.5,1,227,14.1,13.6,3.3,4.9,4.85,4.99,4.85,4.99,0.14,176951,38.4,6.55,0,0,None,LOW,0,"Routine milking, clean dry udder cloth, post-milking dip (0.5% povidone iodine).",No medication needed. Maintain clean bedding and nutrition.
COW-1755,Radha,Tharparkar,3.3,4,99,13.6,13.0,4.5,4.5,4.5,4.73,4.66,4.73,0.23,188975,38.6,6.53,0,0,None,LOW,0,"Routine milking, clean dry udder cloth, post-milking dip (0.5% povidone iodine).",No medication needed. Maintain clean bedding and nutrition.
COW-1756,Lakshmi,Tharparkar,4.5,4,30,15.4,7.6,50.5,6.88,7.16,7.37,7.12,7.37,0.49,1014160,40.1,7.3,2,2,LF,HIGH,38915,Urgent: Acute clinical mastitis! Isolate animal immediately. Call government veterinary officer (1962). Administer prescribed veterinary therapy.,Immediate veterinary antibiotic injection + anti-inflammatory + frequent cold water fanning and stripping.
COW-1757,Surabhi,Gir,6.4,3,264,17.7,17.3,2.2,4.9,5.02,5.06,4.8,5.06,0.26,184395,38.7,6.6,0,0,None,LOW,0,"Routine milking, clean dry udder cloth, post-milking dip (0.5% povidone iodine).",No medication needed. Maintain clean bedding and nutrition.
COW-1758,Nandini,Rathi,3.2,2,36,15.0,14.8,1.1,5.2,5.16,5.01,4.97,5.2,0.23,131523,38.6,6.45,0,0,None,LOW,0,"Routine milking, clean dry udder cloth, post-milking dip (0.5% povidone iodine).",No medication needed. Maintain clean bedding and nutrition.
COW-1759,Tulsi,Red Sindhi,5.1,5,14,15.6,5.6,64.1,7.99,8.0,8.15,8.12,8.15,0.16,1284462,39.7,7.31,2,2,LH,HIGH,44472,Urgent: Acute clinical mastitis! Isolate animal immediately. Call government veterinary officer (1962). Administer prescribed veterinary therapy.,Immediate veterinary antibiotic injection + anti-inflammatory + frequent cold water fanning and stripping.
COW-1760,Tulsi,Sahiwal,9.0,5,247,14.7,14.6,0.8,4.61,4.69,4.71,4.63,4.71,0.1,122843,38.9,6.67,0,0,None,LOW,0,"Routine milking, clean dry udder cloth, post-milking dip (0.5% povidone iodine).",No medication needed. Maintain clean bedding and nutrition.
COW-1761,Gauri,Gir,6.2,2,256,18.0,8.6,52.4,8.03,7.8,8.21,8.17,8.21,0.41,1147206,40.2,7.18,2,1,LH,HIGH,37573,Urgent: Acute clinical mastitis! Isolate animal immediately. Call government veterinary officer (1962). Administer prescribed veterinary therapy.,Immediate veterinary antibiotic injection + anti-inflammatory + frequent cold water fanning and stripping.
COW-1762,Tulsi,Gir,3.0,4,42,15.3,12.2,20.3,5.02,4.99,5.02,6.84,6.84,1.85,333651,38.6,6.73,1,1,RH,MEDIUM,9947,Subclinical warning in RH quarter. Apply ICAR herbal paste 3x daily for 5 days. Strip affected quarter completely.,ICAR Formulation: 250g Aloe Vera + 50g Pure Turmeric + 15g Edible Lime (Chuna) ground into paste.
COW-1763,Ganga,Red Sindhi,6.0,2,124,15.5,15.1,2.8,4.81,4.68,4.74,4.64,4.81,0.17,151794,38.6,6.53,0,0,None,LOW,0,"Routine milking, clean dry udder cloth, post-milking dip (0.5% povidone iodine).",No medication needed. Maintain clean bedding and nutrition.
COW-1764,Surabhi,Sahiwal,7.3,5,64,14.9,6.2,58.6,6.43,6.7,6.58,6.71,6.71,0.28,978947,40.3,7.37,2,2,Both Front,HIGH,41651,Urgent: Acute clinical mastitis! Isolate animal immediately. Call government veterinary officer (1962). Administer prescribed veterinary therapy.,Immediate veterinary antibiotic injection + anti-inflammatory + frequent cold water fanning and stripping.
COW-1765,Kamdhenu,Rathi,3.1,4,120,10.9,10.8,1.2,4.67,4.74,4.68,4.85,4.85,0.18,128823,38.6,6.55,0,0,None,LOW,0,"Routine milking, clean dry udder cloth, post-milking dip (0.5% povidone iodine).",No medication needed. Maintain clean bedding and nutrition.
COW-1766,Tulsi,Tharparkar,3.9,2,218,11.1,11.1,0.0,4.87,4.75,4.73,4.79,4.87,0.14,122794,38.4,6.57,0,0,None,LOW,0,"Routine milking, clean dry udder cloth, post-milking dip (0.5% povidone iodine).",No medication needed. Maintain clean bedding and nutrition.
COW-1767,Kamdhenu,Sahiwal,3.3,1,148,15.4,15.2,1.1,4.78,4.73,4.64,4.63,4.78,0.15,112809,38.4,6.56,0,0,None,LOW,0,"Routine milking, clean dry udder cloth, post-milking dip (0.5% povidone iodine).",No medication needed. Maintain clean bedding and nutrition.
COW-1768,Meera,HF Cross,8.3,6,149,22.0,21.9,0.5,4.66,4.68,4.56,4.47,4.68,0.21,127838,38.6,6.63,0,0,None,LOW,0,"Routine milking, clean dry udder cloth, post-milking dip (0.5% povidone iodine).",No medication needed. Maintain clean bedding and nutrition.
COW-1769,Ganga,Rathi,8.9,5,256,14.4,7.9,45.0,6.87,6.72,6.79,7.22,7.22,0.5,778879,39.8,7.18,2,1,Both Front,HIGH,38275,Urgent: Acute clinical mastitis! Isolate animal immediately. Call government veterinary officer (1962). Administer prescribed veterinary therapy.,Immediate veterinary antibiotic injection + anti-inflammatory + frequent cold water fanning and stripping.
COW-1770,Surabhi,Murrah Buffalo,2.6,3,51,13.0,10.4,19.8,6.31,5.02,4.99,4.92,6.31,1.39,295365,38.6,6.72,1,0,LF,MEDIUM,9505,Subclinical warning in LF quarter. Apply ICAR herbal paste 3x daily for 5 days. Strip affected quarter completely.,ICAR Formulation: 250g Aloe Vera + 50g Pure Turmeric + 15g Edible Lime (Chuna) ground into paste.
COW-1771,Yamuna,Sahiwal,7.8,1,63,15.8,12.7,19.9,4.9,4.96,4.99,6.6,6.6,1.7,288071,38.8,6.87,1,1,RH,MEDIUM,10290,Subclinical warning in RH quarter. Apply ICAR herbal paste 3x daily for 5 days. Strip affected quarter completely.,ICAR Formulation: 250g Aloe Vera + 50g Pure Turmeric + 15g Edible Lime (Chuna) ground into paste.
COW-1772,Yamuna,Red Sindhi,7.1,5,259,10.7,8.9,16.9,6.0,4.69,4.92,4.73,6.0,1.31,280980,38.7,6.75,1,1,LF,MEDIUM,7836,Subclinical warning in LF quarter. Apply ICAR herbal paste 3x daily for 5 days. Strip affected quarter completely.,ICAR Formulation: 250g Aloe Vera + 50g Pure Turmeric + 15g Edible Lime (Chuna) ground into paste.
COW-1773,Tulsi,Gir,3.9,4,67,19.8,5.6,71.9,7.84,7.88,7.82,7.39,7.88,0.49,1188996,39.9,7.34,2,2,Both Front,HIGH,49376,Urgent: Acute clinical mastitis! Isolate animal immediately. Call government veterinary officer (1962). Administer prescribed veterinary therapy.,Immediate veterinary antibiotic injection + anti-inflammatory + frequent cold water fanning and stripping.
COW-1774,Surabhi,Rathi,5.4,3,170,11.1,10.9,1.8,5.02,4.81,5.01,4.94,5.02,0.21,67494,38.4,6.6,0,0,None,LOW,0,"Routine milking, clean dry udder cloth, post-milking dip (0.5% povidone iodine).",No medication needed. Maintain clean bedding and nutrition.
COW-1775,Bhavani,Red Sindhi,4.9,1,16,13.0,11.6,10.8,5.05,4.98,5.06,6.73,6.73,1.75,480000,38.9,6.74,1,0,RH,MEDIUM,6209,Subclinical warning in RH quarter. Apply ICAR herbal paste 3x daily for 5 days. Strip affected quarter completely.,ICAR Formulation: 250g Aloe Vera + 50g Pure Turmeric + 15g Edible Lime (Chuna) ground into paste.
COW-1776,Lakshmi,Sahiwal,4.5,5,75,14.3,14.3,0.3,4.81,4.61,4.68,4.71,4.81,0.2,126658,38.2,6.58,0,0,None,LOW,0,"Routine milking, clean dry udder cloth, post-milking dip (0.5% povidone iodine).",No medication needed. Maintain clean bedding and nutrition.
COW-1777,Radha,Red Sindhi,8.5,6,91,15.7,13.5,14.3,5.11,6.87,5.07,5.11,6.87,1.8,384077,38.7,6.81,1,1,RF,MEDIUM,7322,Subclinical warning in RF quarter. Apply ICAR herbal paste 3x daily for 5 days. Strip affected quarter completely.,ICAR Formulation: 250g Aloe Vera + 50g Pure Turmeric + 15g Edible Lime (Chuna) ground into paste.
COW-1778,Devi,Gir,8.8,3,171,15.0,14.4,4.2,5.12,4.92,5.11,4.95,5.12,0.2,107755,38.8,6.56,0,0,None,LOW,0,"Routine milking, clean dry udder cloth, post-milking dip (0.5% povidone iodine).",No medication needed. Maintain clean bedding and nutrition.
COW-1779,Surabhi,Rathi,3.9,3,55,11.8,5.3,55.5,7.52,7.82,7.55,7.37,7.82,0.45,1484953,40.4,7.31,2,2,RH,HIGH,44004,Urgent: Acute clinical mastitis! Isolate animal immediately. Call government veterinary officer (1962). Administer prescribed veterinary therapy.,Immediate veterinary antibiotic injection + anti-inflammatory + frequent cold water fanning and stripping.
COW-1780,Devi,HF Cross,7.5,4,193,21.4,20.8,2.8,4.6,4.76,4.88,4.72,4.88,0.28,143782,38.2,6.56,0,0,None,LOW,0,"Routine milking, clean dry udder cloth, post-milking dip (0.5% povidone iodine).",No medication needed. Maintain clean bedding and nutrition.
COW-1781,Bhavani,Sahiwal,6.8,3,136,17.5,16.8,4.1,4.99,4.99,4.74,4.98,4.99,0.25,128288,38.2,6.58,0,0,None,LOW,0,"Routine milking, clean dry udder cloth, post-milking dip (0.5% povidone iodine).",No medication needed. Maintain clean bedding and nutrition.
COW-1782,Ganga,Tharparkar,7.2,4,277,12.8,12.7,1.0,4.63,4.58,4.48,4.41,4.63,0.22,173641,38.5,6.64,0,0,None,LOW,0,"Routine milking, clean dry udder cloth, post-milking dip (0.5% povidone iodine).",No medication needed. Maintain clean bedding and nutrition.
COW-1783,Radha,Rathi,5.9,3,43,10.7,10.6,1.1,4.87,4.87,4.81,4.83,4.87,0.06,70364,38.3,6.67,0,0,None,LOW,0,"Routine milking, clean dry udder cloth, post-milking dip (0.5% povidone iodine).",No medication needed. Maintain clean bedding and nutrition.
COW-1784,Kapila,Sahiwal,4.1,6,91,15.8,15.2,3.9,4.95,5.09,5.15,4.98,5.15,0.2,121481,38.4,6.69,0,0,None,LOW,0,"Routine milking, clean dry udder cloth, post-milking dip (0.5% povidone iodine).",No medication needed. Maintain clean bedding and nutrition.
COW-1785,Lakshmi,Sahiwal,6.7,1,278,14.6,14.6,0.0,4.88,4.77,4.65,4.67,4.88,0.23,195000,38.5,6.6,0,0,None,LOW,0,"Routine milking, clean dry udder cloth, post-milking dip (0.5% povidone iodine).",No medication needed. Maintain clean bedding and nutrition.
COW-1786,Surabhi,Tharparkar,9.4,2,145,14.9,12.1,18.9,6.29,4.82,5.01,4.96,6.29,1.47,423385,38.5,6.84,0,1,LF,MEDIUM,9098,Subclinical warning in LF quarter. Apply ICAR herbal paste 3x daily for 5 days. Strip affected quarter completely.,ICAR Formulation: 250g Aloe Vera + 50g Pure Turmeric + 15g Edible Lime (Chuna) ground into paste.
COW-1787,Radha,Murrah Buffalo,7.2,5,264,14.2,14.1,0.6,4.82,4.72,4.83,4.63,4.83,0.2,91594,38.4,6.53,0,0,None,LOW,0,"Routine milking, clean dry udder cloth, post-milking dip (0.5% povidone iodine).",No medication needed. Maintain clean bedding and nutrition.
COW-1788,Radha,Tharparkar,3.3,4,17,13.5,13.5,0.0,4.94,4.87,5.01,4.85,5.01,0.16,111130,38.4,6.63,0,0,None,LOW,0,"Routine milking, clean dry udder cloth, post-milking dip (0.5% povidone iodine).",No medication needed. Maintain clean bedding and nutrition.
COW-1789,Ganga,Tharparkar,8.7,4,153,10.1,10.1,0.4,4.91,4.71,4.92,4.81,4.92,0.21,137718,38.7,6.55,0,0,None,LOW,0,"Routine milking, clean dry udder cloth, post-milking dip (0.5% povidone iodine).",No medication needed. Maintain clean bedding and nutrition.
COW-1790,Yamuna,Gir,3.7,2,192,17.9,17.8,0.7,4.88,4.67,4.86,4.82,4.88,0.21,121931,38.7,6.59,0,0,None,LOW,0,"Routine milking, clean dry udder cloth, post-milking dip (0.5% povidone iodine).",No medication needed. Maintain clean bedding and nutrition.
COW-1791,Devi,Tharparkar,3.0,6,259,12.3,12.0,2.1,4.92,5.02,4.98,4.9,5.02,0.12,146935,38.3,6.62,0,0,None,LOW,0,"Routine milking, clean dry udder cloth, post-milking dip (0.5% povidone iodine).",No medication needed. Maintain clean bedding and nutrition.
COW-1792,Ganga,HF Cross,4.8,5,190,22.7,19.1,15.7,6.86,4.62,4.6,4.6,6.86,2.26,298453,38.6,6.75,0,0,LF,MEDIUM,7210,Subclinical warning in LF quarter. Apply ICAR herbal paste 3x daily for 5 days. Strip affected quarter completely.,ICAR Formulation: 250g Aloe Vera + 50g Pure Turmeric + 15g Edible Lime (Chuna) ground into paste.
COW-1793,Devi,Sahiwal,7.6,4,227,19.5,19.1,2.2,4.51,4.73,4.63,4.61,4.73,0.22,148718,38.7,6.54,0,0,None,LOW,0,"Routine milking, clean dry udder cloth, post-milking dip (0.5% povidone iodine).",No medication needed. Maintain clean bedding and nutrition.
COW-1794,Gauri,Red Sindhi,2.7,2,176,10.6,10.6,0.1,4.62,4.6,4.49,4.58,4.62,0.13,56954,38.4,6.58,0,0,None,LOW,0,"Routine milking, clean dry udder cloth, post-milking dip (0.5% povidone iodine).",No medication needed. Maintain clean bedding and nutrition.
COW-1795,Gauri,Murrah Buffalo,4.1,6,94,14.6,14.4,1.2,4.85,4.83,5.11,4.85,5.11,0.28,97222,38.4,6.6,0,0,None,LOW,0,"Routine milking, clean dry udder cloth, post-milking dip (0.5% povidone iodine).",No medication needed. Maintain clean bedding and nutrition.
COW-1796,Lakshmi,Red Sindhi,3.5,1,196,14.6,14.3,2.2,4.97,5.07,5.16,5.09,5.16,0.19,51661,38.2,6.54,0,0,None,LOW,0,"Routine milking, clean dry udder cloth, post-milking dip (0.5% povidone iodine).",No medication needed. Maintain clean bedding and nutrition.
COW-1797,Yamuna,Tharparkar,3.8,2,254,13.0,12.5,3.6,5.15,5.13,5.02,5.08,5.15,0.13,50000,38.4,6.55,0,0,None,LOW,0,"Routine milking, clean dry udder cloth, post-milking dip (0.5% povidone iodine).",No medication needed. Maintain clean bedding and nutrition.
COW-1798,Kalyani,Gir,6.5,2,276,15.8,15.8,0.0,4.67,4.59,4.56,4.77,4.77,0.21,116524,38.6,6.59,0,0,None,LOW,0,"Routine milking, clean dry udder cloth, post-milking dip (0.5% povidone iodine).",No medication needed. Maintain clean bedding and nutrition.
COW-1799,Devi,Red Sindhi,4.3,6,195,10.4,4.8,54.0,6.69,6.86,6.91,6.65,6.91,0.26,1468872,40.3,7.33,2,1,LH,HIGH,43944,Urgent: Acute clinical mastitis! Isolate animal immediately. Call government veterinary officer (1962). Administer prescribed veterinary therapy.,Immediate veterinary antibiotic injection + anti-inflammatory + frequent cold water fanning and stripping.
COW-1800,Tulsi,Gir,6.6,3,27,14.2,14.0,1.1,4.74,4.49,4.53,4.72,4.74,0.25,195000,38.2,6.68,0,0,None,LOW,0,"Routine milking, clean dry udder cloth, post-milking dip (0.5% povidone iodine).",No medication needed. Maintain clean bedding and nutrition.
COW-1801,Nandini,Red Sindhi,7.1,1,132,13.0,11.0,15.7,6.96,4.85,4.94,5.0,6.96,2.11,340113,38.8,6.79,0,1,LF,MEDIUM,8476,Subclinical warning in LF quarter. Apply ICAR herbal paste 3x daily for 5 days. Strip affected quarter completely.,ICAR Formulation: 250g Aloe Vera + 50g Pure Turmeric + 15g Edible Lime (Chuna) ground into paste.
COW-1802,Lakshmi,Gir,2.7,5,127,17.9,17.4,2.6,4.79,4.82,4.54,4.55,4.82,0.28,110055,38.6,6.49,0,0,None,LOW,0,"Routine milking, clean dry udder cloth, post-milking dip (0.5% povidone iodine).",No medication needed. Maintain clean bedding and nutrition.
COW-1803,Bhavani,Red Sindhi,8.2,5,206,14.1,11.9,15.3,4.81,4.78,4.7,6.06,6.06,1.36,290866,38.5,6.78,1,1,RH,MEDIUM,7251,Subclinical warning in RH quarter. Apply ICAR herbal paste 3x daily for 5 days. Strip affected quarter completely.,ICAR Formulation: 250g Aloe Vera + 50g Pure Turmeric + 15g Edible Lime (Chuna) ground into paste.
COW-1804,Nandini,Tharparkar,8.9,2,130,10.6,10.6,0.4,4.82,4.84,4.76,4.61,4.84,0.23,174000,38.4,6.6,0,0,None,LOW,0,"Routine milking, clean dry udder cloth, post-milking dip (0.5% povidone iodine).",No medication needed. Maintain clean bedding and nutrition.
COW-1805,Bhavani,Gir,8.6,2,41,14.5,14.3,1.2,4.47,4.56,4.65,4.53,4.65,0.18,156527,38.6,6.69,0,0,None,LOW,0,"Routine milking, clean dry udder cloth, post-milking dip (0.5% povidone iodine).",No medication needed. Maintain clean bedding and nutrition.
COW-1806,Radha,Sahiwal,6.7,4,74,17.9,17.8,0.4,4.97,5.12,5.16,5.18,5.18,0.21,153402,38.5,6.66,0,0,None,LOW,0,"Routine milking, clean dry udder cloth, post-milking dip (0.5% povidone iodine).",No medication needed. Maintain clean bedding and nutrition.
COW-1807,Kalyani,Sahiwal,5.6,3,199,18.7,18.4,1.6,4.9,4.82,4.95,4.89,4.95,0.13,156075,38.5,6.58,0,0,None,LOW,0,"Routine milking, clean dry udder cloth, post-milking dip (0.5% povidone iodine).",No medication needed. Maintain clean bedding and nutrition.
COW-1808,Lakshmi,Murrah Buffalo,8.8,6,260,13.7,13.2,3.9,4.73,4.5,4.65,4.5,4.73,0.23,138828,38.5,6.59,0,0,None,LOW,0,"Routine milking, clean dry udder cloth, post-milking dip (0.5% povidone iodine).",No medication needed. Maintain clean bedding and nutrition.
COW-1809,Nandini,HF Cross,8.2,2,30,25.8,20.2,21.6,5.03,5.28,5.11,6.68,6.68,1.65,388981,39.0,6.78,0,1,RH,MEDIUM,10810,Subclinical warning in RH quarter. Apply ICAR herbal paste 3x daily for 5 days. Strip affected quarter completely.,ICAR Formulation: 250g Aloe Vera + 50g Pure Turmeric + 15g Edible Lime (Chuna) ground into paste.
COW-1810,Sita,Tharparkar,6.0,4,208,12.7,12.2,3.7,4.78,4.74,4.78,4.59,4.78,0.19,98876,38.7,6.63,0,0,None,LOW,0,"Routine milking, clean dry udder cloth, post-milking dip (0.5% povidone iodine).",No medication needed. Maintain clean bedding and nutrition.
COW-1811,Bhavani,Murrah Buffalo,9.1,5,184,17.5,5.7,67.4,6.65,7.07,7.01,7.15,7.15,0.5,988606,40.1,7.05,2,1,Both Hind,HIGH,43489,Urgent: Acute clinical mastitis! Isolate animal immediately. Call government veterinary officer (1962). Administer prescribed veterinary therapy.,Immediate veterinary antibiotic injection + anti-inflammatory + frequent cold water fanning and stripping.
COW-1812,Yamuna,Tharparkar,9.2,6,159,15.2,6.6,56.4,7.48,7.51,7.2,7.62,7.62,0.42,1062635,40.6,7.18,2,1,RH,HIGH,38360,Urgent: Acute clinical mastitis! Isolate animal immediately. Call government veterinary officer (1962). Administer prescribed veterinary therapy.,Immediate veterinary antibiotic injection + anti-inflammatory + frequent cold water fanning and stripping.
COW-1813,Devi,Gir,4.5,6,152,14.5,14.5,0.0,4.78,4.79,4.86,4.78,4.86,0.08,152416,38.5,6.6,0,0,None,LOW,0,"Routine milking, clean dry udder cloth, post-milking dip (0.5% povidone iodine).",No medication needed. Maintain clean bedding and nutrition.
COW-1814,Gauri,Murrah Buffalo,8.0,5,18,12.7,12.7,0.0,4.62,4.6,4.68,4.67,4.68,0.08,132982,38.2,6.57,0,0,None,LOW,0,"Routine milking, clean dry udder cloth, post-milking dip (0.5% povidone iodine).",No medication needed. Maintain clean bedding and nutrition.
COW-1815,Kapila,Gir,9.3,4,123,16.5,15.9,3.8,4.67,4.56,4.68,4.53,4.68,0.15,172209,38.7,6.61,0,0,None,LOW,0,"Routine milking, clean dry udder cloth, post-milking dip (0.5% povidone iodine).",No medication needed. Maintain clean bedding and nutrition.
COW-1816,Radha,Red Sindhi,8.0,3,265,10.8,9.1,15.3,5.18,6.84,5.18,5.04,6.84,1.8,253575,39.2,6.89,1,0,RF,MEDIUM,7988,Subclinical warning in RF quarter. Apply ICAR herbal paste 3x daily for 5 days. Strip affected quarter completely.,ICAR Formulation: 250g Aloe Vera + 50g Pure Turmeric + 15g Edible Lime (Chuna) ground into paste.
COW-1817,Tulsi,Sahiwal,2.9,6,144,19.9,19.8,0.3,5.11,5.02,4.87,4.93,5.11,0.24,121720,38.7,6.51,0,0,None,LOW,0,"Routine milking, clean dry udder cloth, post-milking dip (0.5% povidone iodine).",No medication needed. Maintain clean bedding and nutrition.
COW-1818,Kamdhenu,Gir,6.0,1,273,14.5,14.0,3.3,4.94,4.9,4.71,4.82,4.94,0.23,108699,38.4,6.52,0,0,None,LOW,0,"Routine milking, clean dry udder cloth, post-milking dip (0.5% povidone iodine).",No medication needed. Maintain clean bedding and nutrition.
COW-1819,Radha,Sahiwal,2.7,5,196,16.0,16.0,0.0,4.88,5.03,4.93,4.79,5.03,0.24,120940,38.6,6.55,0,0,None,LOW,0,"Routine milking, clean dry udder cloth, post-milking dip (0.5% povidone iodine).",No medication needed. Maintain clean bedding and nutrition.
COW-1820,Lakshmi,Murrah Buffalo,9.0,5,25,12.6,12.6,0.0,4.75,4.76,4.77,4.75,4.77,0.02,139452,38.2,6.58,0,0,None,LOW,0,"Routine milking, clean dry udder cloth, post-milking dip (0.5% povidone iodine).",No medication needed. Maintain clean bedding and nutrition.
COW-1821,Meera,Tharparkar,8.3,1,88,12.3,4.7,62.1,8.69,8.71,8.45,8.71,8.71,0.26,1895546,40.6,7.27,2,2,LF,HIGH,47880,Urgent: Acute clinical mastitis! Isolate animal immediately. Call government veterinary officer (1962). Administer prescribed veterinary therapy.,Immediate veterinary antibiotic injection + anti-inflammatory + frequent cold water fanning and stripping.
COW-1822,Tulsi,Gir,8.4,5,38,17.6,13.8,21.7,4.77,4.88,4.98,6.86,6.86,2.09,408459,38.6,6.86,0,1,RH,MEDIUM,9739,Subclinical warning in RH quarter. Apply ICAR herbal paste 3x daily for 5 days. Strip affected quarter completely.,ICAR Formulation: 250g Aloe Vera + 50g Pure Turmeric + 15g Edible Lime (Chuna) ground into paste.
COW-1823,Tulsi,Gir,7.4,4,221,16.2,15.8,2.6,4.93,4.85,4.83,4.79,4.93,0.14,136993,38.6,6.66,0,0,None,LOW,0,"Routine milking, clean dry udder cloth, post-milking dip (0.5% povidone iodine).",No medication needed. Maintain clean bedding and nutrition.
COW-1824,Surabhi,Sahiwal,6.5,2,287,15.5,8.9,42.9,7.45,7.53,7.54,7.56,7.56,0.11,1301053,39.6,7.11,2,2,Both Front,HIGH,37724,Urgent: Acute clinical mastitis! Isolate animal immediately. Call government veterinary officer (1962). Administer prescribed veterinary therapy.,Immediate veterinary antibiotic injection + anti-inflammatory + frequent cold water fanning and stripping.
COW-1825,Ganga,Rathi,6.0,2,104,15.3,14.5,5.1,4.5,4.59,4.7,4.65,4.7,0.2,125705,38.5,6.51,0,0,None,LOW,0,"Routine milking, clean dry udder cloth, post-milking dip (0.5% povidone iodine).",No medication needed. Maintain clean bedding and nutrition.
COW-1826,Ganga,Red Sindhi,2.7,4,24,14.1,5.0,64.4,7.55,7.46,7.48,7.31,7.55,0.24,1730737,40.4,7.26,2,1,RF,HIGH,45006,Urgent: Acute clinical mastitis! Isolate animal immediately. Call government veterinary officer (1962). Administer prescribed veterinary therapy.,Immediate veterinary antibiotic injection + anti-inflammatory + frequent cold water fanning and stripping.
COW-1827,Kamdhenu,Murrah Buffalo,8.8,3,67,18.0,17.7,1.9,4.9,4.93,4.92,4.93,4.93,0.03,122572,38.3,6.58,0,0,None,LOW,0,"Routine milking, clean dry udder cloth, post-milking dip (0.5% povidone iodine).",No medication needed. Maintain clean bedding and nutrition.
COW-1828,Kalyani,Tharparkar,4.5,4,80,14.4,12.7,12.1,6.3,4.8,4.83,4.76,6.3,1.54,233076,38.9,6.81,1,0,LF,MEDIUM,6210,Subclinical warning in LF quarter. Apply ICAR herbal paste 3x daily for 5 days. Strip affected quarter completely.,ICAR Formulation: 250g Aloe Vera + 50g Pure Turmeric + 15g Edible Lime (Chuna) ground into paste.
COW-1829,Radha,Tharparkar,4.9,5,277,15.4,14.7,4.3,4.98,4.95,4.95,4.91,4.98,0.07,63226,38.3,6.56,0,0,None,LOW,0,"Routine milking, clean dry udder cloth, post-milking dip (0.5% povidone iodine).",No medication needed. Maintain clean bedding and nutrition.
COW-1830,Ganga,Gir,8.2,6,119,16.6,16.6,0.0,4.97,4.98,4.93,4.96,4.98,0.05,149479,38.2,6.61,0,0,None,LOW,0,"Routine milking, clean dry udder cloth, post-milking dip (0.5% povidone iodine).",No medication needed. Maintain clean bedding and nutrition.
COW-1831,Kapila,Tharparkar,4.1,2,159,15.6,15.1,3.5,4.75,4.78,4.8,4.74,4.8,0.06,167894,38.4,6.57,0,0,None,LOW,0,"Routine milking, clean dry udder cloth, post-milking dip (0.5% povidone iodine).",No medication needed. Maintain clean bedding and nutrition.
COW-1832,Yamuna,Red Sindhi,6.1,2,26,13.6,13.2,3.1,5.05,4.94,5.03,5.13,5.13,0.19,84949,38.2,6.54,0,0,None,LOW,0,"Routine milking, clean dry udder cloth, post-milking dip (0.5% povidone iodine).",No medication needed. Maintain clean bedding and nutrition.
COW-1833,Nandini,Sahiwal,4.5,5,230,18.4,18.0,2.3,4.94,4.88,5.06,5.1,5.1,0.22,76822,38.2,6.55,0,0,None,LOW,0,"Routine milking, clean dry udder cloth, post-milking dip (0.5% povidone iodine).",No medication needed. Maintain clean bedding and nutrition.
COW-1834,Kapila,Tharparkar,6.0,1,82,16.0,13.8,14.0,6.54,5.26,5.1,5.06,6.54,1.48,404018,38.7,6.79,1,0,LF,MEDIUM,7847,Subclinical warning in LF quarter. Apply ICAR herbal paste 3x daily for 5 days. Strip affected quarter completely.,ICAR Formulation: 250g Aloe Vera + 50g Pure Turmeric + 15g Edible Lime (Chuna) ground into paste.
COW-1835,Tulsi,Murrah Buffalo,8.7,1,233,12.6,11.0,13.0,4.81,4.9,6.62,4.93,6.62,1.81,400773,38.5,6.79,1,0,LH,MEDIUM,7429,Subclinical warning in LH quarter. Apply ICAR herbal paste 3x daily for 5 days. Strip affected quarter completely.,ICAR Formulation: 250g Aloe Vera + 50g Pure Turmeric + 15g Edible Lime (Chuna) ground into paste.
COW-1836,Meera,Murrah Buffalo,5.8,4,107,16.4,16.1,1.6,4.73,4.75,4.73,4.69,4.75,0.06,136664,38.6,6.55,0,0,None,LOW,0,"Routine milking, clean dry udder cloth, post-milking dip (0.5% povidone iodine).",No medication needed. Maintain clean bedding and nutrition.
COW-1837,Lakshmi,Tharparkar,3.0,5,118,14.3,14.3,0.0,4.95,4.95,4.83,4.87,4.95,0.12,50000,38.4,6.61,0,0,None,LOW,0,"Routine milking, clean dry udder cloth, post-milking dip (0.5% povidone iodine).",No medication needed. Maintain clean bedding and nutrition.
COW-1838,Yamuna,HF Cross,9.2,3,130,25.0,19.9,20.6,5.07,5.06,5.09,6.41,6.41,1.35,324128,38.9,6.79,1,1,RH,MEDIUM,10695,Subclinical warning in RH quarter. Apply ICAR herbal paste 3x daily for 5 days. Strip affected quarter completely.,ICAR Formulation: 250g Aloe Vera + 50g Pure Turmeric + 15g Edible Lime (Chuna) ground into paste.
COW-1839,Kapila,Murrah Buffalo,4.2,4,71,13.1,4.2,68.2,6.85,6.85,6.89,6.72,6.89,0.17,1259662,39.8,7.22,2,2,Both Front,HIGH,51947,Urgent: Acute clinical mastitis! Isolate animal immediately. Call government veterinary officer (1962). Administer prescribed veterinary therapy.,Immediate veterinary antibiotic injection + anti-inflammatory + frequent cold water fanning and stripping.
COW-1840,Surabhi,HF Cross,4.1,3,149,22.1,9.8,55.5,6.78,6.48,6.51,6.56,6.78,0.3,1413575,40.3,7.16,2,2,RH,HIGH,40021,Urgent: Acute clinical mastitis! Isolate animal immediately. Call government veterinary officer (1962). Administer prescribed veterinary therapy.,Immediate veterinary antibiotic injection + anti-inflammatory + frequent cold water fanning and stripping.
COW-1841,Devi,Gir,4.4,6,124,16.0,12.5,21.6,4.84,5.04,6.23,5.01,6.23,1.39,335695,39.0,6.72,1,0,LH,MEDIUM,10298,Subclinical warning in LH quarter. Apply ICAR herbal paste 3x daily for 5 days. Strip affected quarter completely.,ICAR Formulation: 250g Aloe Vera + 50g Pure Turmeric + 15g Edible Lime (Chuna) ground into paste.
COW-1842,Yamuna,Gir,9.2,1,206,14.5,12.8,11.9,5.1,5.13,6.48,5.04,6.48,1.44,401135,38.7,6.85,1,0,LH,MEDIUM,6259,Subclinical warning in LH quarter. Apply ICAR herbal paste 3x daily for 5 days. Strip affected quarter completely.,ICAR Formulation: 250g Aloe Vera + 50g Pure Turmeric + 15g Edible Lime (Chuna) ground into paste.
COW-1843,Bhavani,Sahiwal,8.9,3,223,15.3,13.5,11.9,6.4,4.85,4.6,4.69,6.4,1.8,403807,38.5,6.76,1,0,LF,MEDIUM,6136,Subclinical warning in LF quarter. Apply ICAR herbal paste 3x daily for 5 days. Strip affected quarter completely.,ICAR Formulation: 250g Aloe Vera + 50g Pure Turmeric + 15g Edible Lime (Chuna) ground into paste.
COW-1844,Gauri,Red Sindhi,7.3,1,151,14.5,11.8,18.7,4.92,5.1,4.96,6.3,6.3,1.38,299801,38.6,6.96,1,0,RH,MEDIUM,8075,Subclinical warning in RH quarter. Apply ICAR herbal paste 3x daily for 5 days. Strip affected quarter completely.,ICAR Formulation: 250g Aloe Vera + 50g Pure Turmeric + 15g Edible Lime (Chuna) ground into paste.
COW-1845,Tulsi,Red Sindhi,6.3,2,60,14.4,12.2,15.5,5.22,6.62,5.09,5.19,6.62,1.53,260025,38.7,6.84,0,1,RF,MEDIUM,8910,Subclinical warning in RF quarter. Apply ICAR herbal paste 3x daily for 5 days. Strip affected quarter completely.,ICAR Formulation: 250g Aloe Vera + 50g Pure Turmeric + 15g Edible Lime (Chuna) ground into paste.
COW-1846,Gauri,Rathi,5.8,3,231,10.6,2.7,74.8,6.93,7.18,7.06,6.99,7.18,0.25,779247,40.0,7.3,2,2,Both Hind,HIGH,51506,Urgent: Acute clinical mastitis! Isolate animal immediately. Call government veterinary officer (1962). Administer prescribed veterinary therapy.,Immediate veterinary antibiotic injection + anti-inflammatory + frequent cold water fanning and stripping.
COW-1847,Bhavani,Rathi,7.5,4,126,13.5,13.5,0.0,4.95,4.96,4.85,4.91,4.96,0.11,118349,38.5,6.55,0,0,None,LOW,0,"Routine milking, clean dry udder cloth, post-milking dip (0.5% povidone iodine).",No medication needed. Maintain clean bedding and nutrition.
COW-1848,Ganga,Red Sindhi,6.9,1,60,13.4,13.2,1.8,5.09,4.94,5.04,5.17,5.17,0.23,141255,38.9,6.58,0,0,None,LOW,0,"Routine milking, clean dry udder cloth, post-milking dip (0.5% povidone iodine).",No medication needed. Maintain clean bedding and nutrition.
COW-1849,Yamuna,HF Cross,8.4,2,42,24.1,23.7,1.8,4.64,4.58,4.63,4.71,4.71,0.13,154245,38.2,6.68,0,0,None,LOW,0,"Routine milking, clean dry udder cloth, post-milking dip (0.5% povidone iodine).",No medication needed. Maintain clean bedding and nutrition.
COW-1850,Surabhi,Red Sindhi,2.5,6,119,14.5,11.3,21.9,4.9,4.8,4.92,6.92,6.92,2.12,434229,38.6,6.97,0,0,RH,MEDIUM,10036,Subclinical warning in RH quarter. Apply ICAR herbal paste 3x daily for 5 days. Strip affected quarter completely.,ICAR Formulation: 250g Aloe Vera + 50g Pure Turmeric + 15g Edible Lime (Chuna) ground into paste.
COW-1851,Tulsi,Gir,5.1,1,94,17.1,16.9,1.1,4.73,4.5,4.73,4.62,4.73,0.23,157130,38.6,6.59,0,0,None,LOW,0,"Routine milking, clean dry udder cloth, post-milking dip (0.5% povidone iodine).",No medication needed. Maintain clean bedding and nutrition.
COW-1852,Gauri,Red Sindhi,6.2,2,226,12.4,12.4,0.0,4.7,4.89,4.81,4.77,4.89,0.19,172018,38.5,6.46,0,0,None,LOW,0,"Routine milking, clean dry udder cloth, post-milking dip (0.5% povidone iodine).",No medication needed. Maintain clean bedding and nutrition.
COW-1853,Sita,Murrah Buffalo,6.4,2,84,13.7,10.9,20.2,4.89,4.95,6.88,5.09,6.88,1.99,306990,38.9,6.82,0,0,LH,MEDIUM,9643,Subclinical warning in LH quarter. Apply ICAR herbal paste 3x daily for 5 days. Strip affected quarter completely.,ICAR Formulation: 250g Aloe Vera + 50g Pure Turmeric + 15g Edible Lime (Chuna) ground into paste.
COW-1854,Tulsi,Red Sindhi,5.8,3,225,11.1,11.1,0.0,4.95,5.16,5.01,4.97,5.16,0.21,172663,38.2,6.59,0,0,None,LOW,0,"Routine milking, clean dry udder cloth, post-milking dip (0.5% povidone iodine).",No medication needed. Maintain clean bedding and nutrition.
COW-1855,Kapila,Murrah Buffalo,3.2,5,251,15.6,15.6,0.2,5.0,4.84,4.74,4.79,5.0,0.26,156589,38.5,6.61,0,0,None,LOW,0,"Routine milking, clean dry udder cloth, post-milking dip (0.5% povidone iodine).",No medication needed. Maintain clean bedding and nutrition.
COW-1856,Radha,Red Sindhi,8.9,4,168,12.2,10.7,12.1,5.02,4.89,6.4,4.86,6.4,1.54,409562,39.1,6.87,0,0,LH,MEDIUM,7367,Subclinical warning in LH quarter. Apply ICAR herbal paste 3x daily for 5 days. Strip affected quarter completely.,ICAR Formulation: 250g Aloe Vera + 50g Pure Turmeric + 15g Edible Lime (Chuna) ground into paste.
COW-1857,Yamuna,Rathi,7.0,4,181,13.5,7.3,45.9,7.24,7.28,7.16,7.04,7.28,0.24,1154668,40.4,7.14,2,1,Both Hind,HIGH,34496,Urgent: Acute clinical mastitis! Isolate animal immediately. Call government veterinary officer (1962). Administer prescribed veterinary therapy.,Immediate veterinary antibiotic injection + anti-inflammatory + frequent cold water fanning and stripping.
COW-1858,Kamdhenu,Red Sindhi,6.8,2,96,12.9,12.8,0.4,4.69,4.44,4.64,4.52,4.69,0.25,159944,38.8,6.64,0,0,None,LOW,0,"Routine milking, clean dry udder cloth, post-milking dip (0.5% povidone iodine).",No medication needed. Maintain clean bedding and nutrition.
COW-1859,Kapila,Murrah Buffalo,4.6,1,135,15.4,15.1,2.2,4.72,4.67,4.74,4.74,4.74,0.07,142649,38.2,6.61,0,0,None,LOW,0,"Routine milking, clean dry udder cloth, post-milking dip (0.5% povidone iodine).",No medication needed. Maintain clean bedding and nutrition.
COW-1860,Devi,Rathi,8.4,2,154,14.3,12.8,10.3,5.03,5.0,4.96,6.49,6.49,1.53,210000,38.5,6.8,1,1,RH,MEDIUM,6683,Subclinical warning in RH quarter. Apply ICAR herbal paste 3x daily for 5 days. Strip affected quarter completely.,ICAR Formulation: 250g Aloe Vera + 50g Pure Turmeric + 15g Edible Lime (Chuna) ground into paste.
COW-1861,Gauri,Murrah Buffalo,7.6,2,109,14.3,14.0,1.9,4.8,4.93,4.96,4.8,4.96,0.16,119469,38.3,6.6,0,0,None,LOW,0,"Routine milking, clean dry udder cloth, post-milking dip (0.5% povidone iodine).",No medication needed. Maintain clean bedding and nutrition.
COW-1862,Radha,Murrah Buffalo,3.2,3,141,15.0,14.4,4.0,4.71,4.71,4.63,4.81,4.81,0.18,123200,38.3,6.64,0,0,None,LOW,0,"Routine milking, clean dry udder cloth, post-milking dip (0.5% povidone iodine).",No medication needed. Maintain clean bedding and nutrition.
COW-1863,Tulsi,Murrah Buffalo,4.4,1,27,17.2,5.5,68.3,7.76,7.75,7.99,7.91,7.99,0.24,1030753,40.0,7.32,2,1,Both Hind,HIGH,48204,Urgent: Acute clinical mastitis! Isolate animal immediately. Call government veterinary officer (1962). Administer prescribed veterinary therapy.,Immediate veterinary antibiotic injection + anti-inflammatory + frequent cold water fanning and stripping.
COW-1864,Lakshmi,Rathi,8.8,2,102,15.2,15.2,0.0,4.86,4.62,4.79,4.62,4.86,0.24,117468,38.5,6.62,0,0,None,LOW,0,"Routine milking, clean dry udder cloth, post-milking dip (0.5% povidone iodine).",No medication needed. Maintain clean bedding and nutrition.
COW-1865,Kamdhenu,Red Sindhi,6.3,2,20,12.0,9.8,18.0,5.05,5.29,6.36,5.11,6.36,1.31,412281,38.8,6.79,1,0,LH,MEDIUM,7933,Subclinical warning in LH quarter. Apply ICAR herbal paste 3x daily for 5 days. Strip affected quarter completely.,ICAR Formulation: 250g Aloe Vera + 50g Pure Turmeric + 15g Edible Lime (Chuna) ground into paste.
COW-1866,Meera,Red Sindhi,7.8,2,148,10.5,10.1,3.7,4.57,4.67,4.57,4.74,4.74,0.17,126876,38.5,6.48,0,0,None,LOW,0,"Routine milking, clean dry udder cloth, post-milking dip (0.5% povidone iodine).",No medication needed. Maintain clean bedding and nutrition.
COW-1867,Kalyani,Gir,4.7,5,191,14.7,14.7,0.0,4.88,5.13,4.88,5.13,5.13,0.25,131446,38.6,6.64,0,0,None,LOW,0,"Routine milking, clean dry udder cloth, post-milking dip (0.5% povidone iodine).",No medication needed. Maintain clean bedding and nutrition.
COW-1868,Ganga,HF Cross,3.1,3,22,24.1,19.0,21.3,5.01,6.9,5.15,4.96,6.9,1.94,353143,38.7,6.89,0,0,RF,MEDIUM,9590,Subclinical warning in RF quarter. Apply ICAR herbal paste 3x daily for 5 days. Strip affected quarter completely.,ICAR Formulation: 250g Aloe Vera + 50g Pure Turmeric + 15g Edible Lime (Chuna) ground into paste.
COW-1869,Lakshmi,Tharparkar,7.4,2,154,10.8,10.6,2.1,4.54,4.75,4.54,4.57,4.75,0.21,55547,38.5,6.54,0,0,None,LOW,0,"Routine milking, clean dry udder cloth, post-milking dip (0.5% povidone iodine).",No medication needed. Maintain clean bedding and nutrition.
COW-1870,Tulsi,Tharparkar,4.4,4,193,13.5,13.3,1.3,4.87,4.92,4.98,4.75,4.98,0.23,146451,38.4,6.54,0,0,None,LOW,0,"Routine milking, clean dry udder cloth, post-milking dip (0.5% povidone iodine).",No medication needed. Maintain clean bedding and nutrition.
COW-1871,Kalyani,Rathi,5.2,5,119,16.0,16.0,0.0,4.94,4.82,4.84,5.03,5.03,0.21,98617,38.7,6.56,0,0,None,LOW,0,"Routine milking, clean dry udder cloth, post-milking dip (0.5% povidone iodine).",No medication needed. Maintain clean bedding and nutrition.
COW-1872,Yamuna,Red Sindhi,7.7,3,58,13.1,13.1,0.0,4.56,4.76,4.64,4.67,4.76,0.2,116881,38.3,6.48,0,0,None,LOW,0,"Routine milking, clean dry udder cloth, post-milking dip (0.5% povidone iodine).",No medication needed. Maintain clean bedding and nutrition.
COW-1873,Kapila,Sahiwal,5.8,3,202,17.4,15.0,14.0,6.54,4.82,4.98,4.76,6.54,1.78,327658,39.1,6.85,0,0,LF,MEDIUM,8270,Subclinical warning in LF quarter. Apply ICAR herbal paste 3x daily for 5 days. Strip affected quarter completely.,ICAR Formulation: 250g Aloe Vera + 50g Pure Turmeric + 15g Edible Lime (Chuna) ground into paste.
COW-1874,Nandini,Murrah Buffalo,3.6,5,107,16.5,16.4,0.5,4.9,4.93,4.94,4.86,4.94,0.08,108772,38.6,6.55,0,0,None,LOW,0,"Routine milking, clean dry udder cloth, post-milking dip (0.5% povidone iodine).",No medication needed. Maintain clean bedding and nutrition.
COW-1875,Meera,Murrah Buffalo,7.6,5,184,14.9,14.6,1.7,4.65,4.44,4.65,4.65,4.65,0.21,89597,38.2,6.56,0,0,None,LOW,0,"Routine milking, clean dry udder cloth, post-milking dip (0.5% povidone iodine).",No medication needed. Maintain clean bedding and nutrition.
COW-1876,Kamdhenu,Tharparkar,5.5,3,217,13.6,13.3,2.4,4.54,4.63,4.66,4.61,4.66,0.12,126618,38.4,6.52,0,0,None,LOW,0,"Routine milking, clean dry udder cloth, post-milking dip (0.5% povidone iodine).",No medication needed. Maintain clean bedding and nutrition.
COW-1877,Sita,Red Sindhi,3.5,6,182,14.7,14.6,0.4,4.64,4.45,4.51,4.52,4.64,0.19,83900,38.7,6.52,0,0,None,LOW,0,"Routine milking, clean dry udder cloth, post-milking dip (0.5% povidone iodine).",No medication needed. Maintain clean bedding and nutrition.
COW-1878,Kapila,Gir,7.1,2,100,15.8,15.4,2.3,4.55,4.52,4.57,4.7,4.7,0.18,78662,38.4,6.64,0,0,None,LOW,0,"Routine milking, clean dry udder cloth, post-milking dip (0.5% povidone iodine).",No medication needed. Maintain clean bedding and nutrition.
COW-1879,Kalyani,Red Sindhi,5.1,4,93,12.1,12.0,1.0,4.97,5.04,4.96,5.01,5.04,0.08,164244,38.6,6.51,0,0,None,LOW,0,"Routine milking, clean dry udder cloth, post-milking dip (0.5% povidone iodine).",No medication needed. Maintain clean bedding and nutrition.
COW-1880,Tulsi,Sahiwal,7.8,1,210,14.8,12.4,16.4,4.85,6.7,4.95,5.01,6.7,1.85,265386,39.1,6.72,1,1,RF,MEDIUM,8611,Subclinical warning in RF quarter. Apply ICAR herbal paste 3x daily for 5 days. Strip affected quarter completely.,ICAR Formulation: 250g Aloe Vera + 50g Pure Turmeric + 15g Edible Lime (Chuna) ground into paste.
COW-1881,Tulsi,Rathi,2.7,5,103,14.6,14.5,0.9,4.8,4.74,4.78,4.83,4.83,0.09,161279,38.7,6.69,0,0,None,LOW,0,"Routine milking, clean dry udder cloth, post-milking dip (0.5% povidone iodine).",No medication needed. Maintain clean bedding and nutrition.
COW-1882,Gauri,Sahiwal,3.5,2,34,15.3,15.3,0.0,4.75,4.68,4.64,4.67,4.75,0.11,154931,38.9,6.54,0,0,None,LOW,0,"Routine milking, clean dry udder cloth, post-milking dip (0.5% povidone iodine).",No medication needed. Maintain clean bedding and nutrition.
COW-1883,Kalyani,Tharparkar,2.7,4,103,11.0,9.9,10.1,6.94,4.99,4.81,5.04,6.94,2.13,210000,39.0,6.72,1,0,LF,MEDIUM,6211,Subclinical warning in LF quarter. Apply ICAR herbal paste 3x daily for 5 days. Strip affected quarter completely.,ICAR Formulation: 250g Aloe Vera + 50g Pure Turmeric + 15g Edible Lime (Chuna) ground into paste.
COW-1884,Yamuna,Tharparkar,7.3,1,260,13.9,11.8,15.4,5.03,5.01,5.13,7.09,7.09,2.08,293937,38.9,6.83,1,1,RH,MEDIUM,8348,Subclinical warning in RH quarter. Apply ICAR herbal paste 3x daily for 5 days. Strip affected quarter completely.,ICAR Formulation: 250g Aloe Vera + 50g Pure Turmeric + 15g Edible Lime (Chuna) ground into paste.
COW-1885,Nandini,Red Sindhi,6.2,3,69,14.7,5.2,64.8,8.24,7.77,7.72,8.29,8.29,0.57,1348905,40.3,7.44,2,2,Both Hind,HIGH,43637,Urgent: Acute clinical mastitis! Isolate animal immediately. Call government veterinary officer (1962). Administer prescribed veterinary therapy.,Immediate veterinary antibiotic injection + anti-inflammatory + frequent cold water fanning and stripping.
COW-1886,Yamuna,Red Sindhi,6.8,4,234,10.3,10.0,2.7,4.57,4.53,4.69,4.63,4.69,0.16,96668,38.4,6.53,0,0,None,LOW,0,"Routine milking, clean dry udder cloth, post-milking dip (0.5% povidone iodine).",No medication needed. Maintain clean bedding and nutrition.
COW-1887,Radha,Tharparkar,4.9,3,24,13.3,13.3,0.0,4.57,4.66,4.75,4.74,4.75,0.18,161513,38.6,6.65,0,0,None,LOW,0,"Routine milking, clean dry udder cloth, post-milking dip (0.5% povidone iodine).",No medication needed. Maintain clean bedding and nutrition.
COW-1888,Nandini,HF Cross,2.8,6,214,20.0,19.2,4.2,4.62,4.6,4.54,4.49,4.62,0.13,188352,38.8,6.62,0,0,None,LOW,0,"Routine milking, clean dry udder cloth, post-milking dip (0.5% povidone iodine).",No medication needed. Maintain clean bedding and nutrition.
COW-1889,Kapila,HF Cross,6.8,6,280,22.6,22.0,2.6,4.56,4.73,4.76,4.79,4.79,0.23,72018,38.4,6.54,0,0,None,LOW,0,"Routine milking, clean dry udder cloth, post-milking dip (0.5% povidone iodine).",No medication needed. Maintain clean bedding and nutrition.
COW-1890,Kamdhenu,Tharparkar,6.1,6,52,12.0,9.6,20.0,4.77,5.05,6.99,4.96,6.99,2.22,246490,39.0,6.93,1,0,LH,MEDIUM,10125,Subclinical warning in LH quarter. Apply ICAR herbal paste 3x daily for 5 days. Strip affected quarter completely.,ICAR Formulation: 250g Aloe Vera + 50g Pure Turmeric + 15g Edible Lime (Chuna) ground into paste.
COW-1891,Meera,Rathi,4.3,3,275,13.2,11.4,13.3,6.87,4.97,4.87,4.96,6.87,2.0,368664,38.9,6.74,0,1,LF,MEDIUM,8018,Subclinical warning in LF quarter. Apply ICAR herbal paste 3x daily for 5 days. Strip affected quarter completely.,ICAR Formulation: 250g Aloe Vera + 50g Pure Turmeric + 15g Edible Lime (Chuna) ground into paste.
COW-1892,Ganga,HF Cross,4.5,1,220,19.7,16.1,18.5,4.83,6.26,4.88,4.72,6.26,1.54,260720,39.1,6.88,0,0,RF,MEDIUM,9227,Subclinical warning in RF quarter. Apply ICAR herbal paste 3x daily for 5 days. Strip affected quarter completely.,ICAR Formulation: 250g Aloe Vera + 50g Pure Turmeric + 15g Edible Lime (Chuna) ground into paste.
COW-1893,Radha,HF Cross,7.5,4,227,23.1,23.1,0.0,4.86,4.59,4.69,4.69,4.86,0.27,128634,38.4,6.46,0,0,None,LOW,0,"Routine milking, clean dry udder cloth, post-milking dip (0.5% povidone iodine).",No medication needed. Maintain clean bedding and nutrition.
COW-1894,Kapila,Sahiwal,5.7,6,267,15.3,13.1,14.1,4.69,4.93,4.97,6.59,6.59,1.9,453799,38.5,6.84,0,1,RH,MEDIUM,7057,Subclinical warning in RH quarter. Apply ICAR herbal paste 3x daily for 5 days. Strip affected quarter completely.,ICAR Formulation: 250g Aloe Vera + 50g Pure Turmeric + 15g Edible Lime (Chuna) ground into paste.
COW-1895,Radha,Red Sindhi,4.7,6,251,10.2,8.3,18.9,5.03,6.5,5.09,5.09,6.5,1.47,390521,38.5,6.83,0,1,RF,MEDIUM,10001,Subclinical warning in RF quarter. Apply ICAR herbal paste 3x daily for 5 days. Strip affected quarter completely.,ICAR Formulation: 250g Aloe Vera + 50g Pure Turmeric + 15g Edible Lime (Chuna) ground into paste.
COW-1896,Yamuna,Sahiwal,5.1,1,61,16.4,16.4,0.0,4.5,4.68,4.65,4.71,4.71,0.21,162827,38.5,6.7,0,0,None,LOW,0,"Routine milking, clean dry udder cloth, post-milking dip (0.5% povidone iodine).",No medication needed. Maintain clean bedding and nutrition.
COW-1897,Surabhi,Rathi,5.4,2,226,15.4,15.1,2.2,5.0,5.01,5.02,5.0,5.02,0.02,167055,38.5,6.63,0,0,None,LOW,0,"Routine milking, clean dry udder cloth, post-milking dip (0.5% povidone iodine).",No medication needed. Maintain clean bedding and nutrition.
COW-1898,Gauri,Murrah Buffalo,6.0,5,212,13.4,13.1,2.4,4.89,5.08,4.85,5.07,5.08,0.23,104339,38.5,6.47,0,0,None,LOW,0,"Routine milking, clean dry udder cloth, post-milking dip (0.5% povidone iodine).",No medication needed. Maintain clean bedding and nutrition.
COW-1899,Surabhi,Murrah Buffalo,2.5,3,249,15.9,14.0,11.7,6.71,5.03,4.86,4.93,6.71,1.85,340871,39.0,6.9,0,1,LF,MEDIUM,7531,Subclinical warning in LF quarter. Apply ICAR herbal paste 3x daily for 5 days. Strip affected quarter completely.,ICAR Formulation: 250g Aloe Vera + 50g Pure Turmeric + 15g Edible Lime (Chuna) ground into paste.
COW-1900,Lakshmi,Murrah Buffalo,6.8,2,253,16.1,4.9,69.8,8.22,8.08,8.02,8.2,8.22,0.2,1328666,40.3,7.12,2,1,LF,HIGH,50400,Urgent: Acute clinical mastitis! Isolate animal immediately. Call government veterinary officer (1962). Administer prescribed veterinary therapy.,Immediate veterinary antibiotic injection + anti-inflammatory + frequent cold water fanning and stripping.
COW-1901,Nandini,HF Cross,8.6,2,253,25.5,9.2,63.9,6.5,6.48,6.81,6.74,6.81,0.33,950722,40.7,7.47,2,2,LH,HIGH,43913,Urgent: Acute clinical mastitis! Isolate animal immediately. Call government veterinary officer (1962). Administer prescribed veterinary therapy.,Immediate veterinary antibiotic injection + anti-inflammatory + frequent cold water fanning and stripping.
COW-1902,Bhavani,Sahiwal,9.3,5,68,18.8,15.8,16.2,4.89,6.43,4.9,4.88,6.43,1.55,303332,38.8,6.75,1,1,RF,MEDIUM,7314,Subclinical warning in RF quarter. Apply ICAR herbal paste 3x daily for 5 days. Strip affected quarter completely.,ICAR Formulation: 250g Aloe Vera + 50g Pure Turmeric + 15g Edible Lime (Chuna) ground into paste.
COW-1903,Bhavani,Tharparkar,9.2,6,287,10.7,9.6,10.5,6.84,4.79,5.01,5.02,6.84,2.05,402092,39.0,6.98,1,1,LF,MEDIUM,6052,Subclinical warning in LF quarter. Apply ICAR herbal paste 3x daily for 5 days. Strip affected quarter completely.,ICAR Formulation: 250g Aloe Vera + 50g Pure Turmeric + 15g Edible Lime (Chuna) ground into paste.
COW-1904,Bhavani,Gir,3.2,3,69,18.3,17.8,2.5,4.79,4.82,4.89,4.82,4.89,0.1,99258,38.4,6.59,0,0,None,LOW,0,"Routine milking, clean dry udder cloth, post-milking dip (0.5% povidone iodine).",No medication needed. Maintain clean bedding and nutrition.
COW-1905,Nandini,HF Cross,7.4,4,263,24.0,19.4,19.1,4.83,4.93,6.64,4.87,6.64,1.81,304903,38.6,6.89,0,1,LH,MEDIUM,8238,Subclinical warning in LH quarter. Apply ICAR herbal paste 3x daily for 5 days. Strip affected quarter completely.,ICAR Formulation: 250g Aloe Vera + 50g Pure Turmeric + 15g Edible Lime (Chuna) ground into paste.
COW-1906,Meera,Murrah Buffalo,6.4,6,161,13.8,11.9,13.5,4.92,4.88,6.28,5.0,6.28,1.4,370479,38.6,6.93,1,1,LH,MEDIUM,7529,Subclinical warning in LH quarter. Apply ICAR herbal paste 3x daily for 5 days. Strip affected quarter completely.,ICAR Formulation: 250g Aloe Vera + 50g Pure Turmeric + 15g Edible Lime (Chuna) ground into paste.
COW-1907,Meera,Gir,8.5,5,167,14.9,14.6,2.3,4.72,4.83,4.72,4.71,4.83,0.12,170956,38.5,6.58,0,0,None,LOW,0,"Routine milking, clean dry udder cloth, post-milking dip (0.5% povidone iodine).",No medication needed. Maintain clean bedding and nutrition.
COW-1908,Devi,Sahiwal,9.3,6,91,17.5,17.0,2.8,4.78,4.94,4.86,4.93,4.94,0.16,99840,38.5,6.45,0,0,None,LOW,0,"Routine milking, clean dry udder cloth, post-milking dip (0.5% povidone iodine).",No medication needed. Maintain clean bedding and nutrition.
COW-1909,Kapila,Sahiwal,5.9,4,19,18.0,17.8,1.2,4.55,4.53,4.67,4.7,4.7,0.17,75347,38.8,6.56,0,0,None,LOW,0,"Routine milking, clean dry udder cloth, post-milking dip (0.5% povidone iodine).",No medication needed. Maintain clean bedding and nutrition.
COW-1910,Kamdhenu,HF Cross,3.9,4,247,22.6,18.5,18.0,6.52,5.2,5.13,5.04,6.52,1.48,276058,38.7,6.93,1,0,LF,MEDIUM,9749,Subclinical warning in LF quarter. Apply ICAR herbal paste 3x daily for 5 days. Strip affected quarter completely.,ICAR Formulation: 250g Aloe Vera + 50g Pure Turmeric + 15g Edible Lime (Chuna) ground into paste.
COW-1911,Nandini,Rathi,3.0,5,285,15.1,15.1,0.0,4.64,4.53,4.55,4.47,4.64,0.17,50000,38.8,6.6,0,0,None,LOW,0,"Routine milking, clean dry udder cloth, post-milking dip (0.5% povidone iodine).",No medication needed. Maintain clean bedding and nutrition.
COW-1912,Bhavani,HF Cross,3.8,6,137,19.8,17.7,10.8,4.75,6.75,4.6,4.63,6.75,2.15,244728,39.2,6.74,0,1,RF,MEDIUM,5404,Subclinical warning in RF quarter. Apply ICAR herbal paste 3x daily for 5 days. Strip affected quarter completely.,ICAR Formulation: 250g Aloe Vera + 50g Pure Turmeric + 15g Edible Lime (Chuna) ground into paste.
COW-1913,Meera,Sahiwal,4.2,5,256,16.8,16.8,0.1,4.91,5.01,4.88,4.85,5.01,0.16,89632,38.7,6.6,0,0,None,LOW,0,"Routine milking, clean dry udder cloth, post-milking dip (0.5% povidone iodine).",No medication needed. Maintain clean bedding and nutrition.
COW-1914,Kamdhenu,Tharparkar,3.9,5,122,13.6,13.2,3.1,4.48,4.63,4.57,4.49,4.63,0.15,137581,38.3,6.65,0,0,None,LOW,0,"Routine milking, clean dry udder cloth, post-milking dip (0.5% povidone iodine).",No medication needed. Maintain clean bedding and nutrition.
COW-1915,Gauri,Sahiwal,6.6,6,245,20.0,19.7,1.5,4.68,4.78,4.69,4.74,4.78,0.1,148620,38.6,6.69,0,0,None,LOW,0,"Routine milking, clean dry udder cloth, post-milking dip (0.5% povidone iodine).",No medication needed. Maintain clean bedding and nutrition.
COW-1916,Radha,HF Cross,4.6,5,139,20.7,17.4,16.1,4.9,5.09,7.11,4.86,7.11,2.25,237268,38.9,6.99,1,0,LH,MEDIUM,7501,Subclinical warning in LH quarter. Apply ICAR herbal paste 3x daily for 5 days. Strip affected quarter completely.,ICAR Formulation: 250g Aloe Vera + 50g Pure Turmeric + 15g Edible Lime (Chuna) ground into paste.
COW-1917,Kamdhenu,Red Sindhi,5.5,3,60,15.6,15.4,1.4,4.89,4.79,4.97,4.96,4.97,0.18,94483,38.4,6.6,0,0,None,LOW,0,"Routine milking, clean dry udder cloth, post-milking dip (0.5% povidone iodine).",No medication needed. Maintain clean bedding and nutrition.
COW-1918,Meera,Murrah Buffalo,6.0,3,283,14.8,12.2,17.3,4.88,7.04,5.07,5.07,7.04,2.16,251238,39.1,7.0,0,1,RF,MEDIUM,9514,Subclinical warning in RF quarter. Apply ICAR herbal paste 3x daily for 5 days. Strip affected quarter completely.,ICAR Formulation: 250g Aloe Vera + 50g Pure Turmeric + 15g Edible Lime (Chuna) ground into paste.
COW-1919,Yamuna,Tharparkar,7.1,4,149,11.4,11.2,1.9,5.16,5.02,5.0,5.13,5.16,0.16,136864,38.3,6.49,0,0,None,LOW,0,"Routine milking, clean dry udder cloth, post-milking dip (0.5% povidone iodine).",No medication needed. Maintain clean bedding and nutrition.
COW-1920,Kalyani,HF Cross,4.7,3,229,22.5,18.2,19.2,7.26,5.22,5.04,5.17,7.26,2.22,397271,38.9,6.82,0,0,LF,MEDIUM,8647,Subclinical warning in LF quarter. Apply ICAR herbal paste 3x daily for 5 days. Strip affected quarter completely.,ICAR Formulation: 250g Aloe Vera + 50g Pure Turmeric + 15g Edible Lime (Chuna) ground into paste.
COW-1921,Gauri,HF Cross,4.3,3,24,20.6,18.4,10.9,5.05,5.07,6.45,4.96,6.45,1.49,278750,38.5,6.89,0,1,LH,MEDIUM,6795,Subclinical warning in LH quarter. Apply ICAR herbal paste 3x daily for 5 days. Strip affected quarter completely.,ICAR Formulation: 250g Aloe Vera + 50g Pure Turmeric + 15g Edible Lime (Chuna) ground into paste.
COW-1922,Kapila,HF Cross,6.7,1,211,23.5,11.3,52.0,7.29,7.05,6.74,6.73,7.29,0.56,1519820,39.6,7.49,2,2,RH,HIGH,41178,Urgent: Acute clinical mastitis! Isolate animal immediately. Call government veterinary officer (1962). Administer prescribed veterinary therapy.,Immediate veterinary antibiotic injection + anti-inflammatory + frequent cold water fanning and stripping.
COW-1923,Devi,Murrah Buffalo,3.3,2,49,13.9,12.0,13.9,5.22,5.14,5.13,6.75,6.75,1.62,360184,39.1,6.72,1,1,RH,MEDIUM,7777,Subclinical warning in RH quarter. Apply ICAR herbal paste 3x daily for 5 days. Strip affected quarter completely.,ICAR Formulation: 250g Aloe Vera + 50g Pure Turmeric + 15g Edible Lime (Chuna) ground into paste.
COW-1924,Lakshmi,Sahiwal,7.9,1,172,19.7,18.9,4.2,5.04,4.88,4.91,4.88,5.04,0.16,82196,38.5,6.61,0,0,None,LOW,0,"Routine milking, clean dry udder cloth, post-milking dip (0.5% povidone iodine).",No medication needed. Maintain clean bedding and nutrition.
COW-1925,Nandini,Murrah Buffalo,3.9,6,144,13.5,12.1,10.7,6.8,4.75,4.86,4.86,6.8,2.05,369425,38.7,6.74,1,0,LF,MEDIUM,6403,Subclinical warning in LF quarter. Apply ICAR herbal paste 3x daily for 5 days. Strip affected quarter completely.,ICAR Formulation: 250g Aloe Vera + 50g Pure Turmeric + 15g Edible Lime (Chuna) ground into paste.
COW-1926,Surabhi,Gir,9.2,3,287,17.0,16.8,1.1,4.95,4.9,5.02,4.96,5.02,0.12,173050,38.3,6.68,0,0,None,LOW,0,"Routine milking, clean dry udder cloth, post-milking dip (0.5% povidone iodine).",No medication needed. Maintain clean bedding and nutrition.
COW-1927,Yamuna,Sahiwal,8.1,1,251,17.7,6.0,65.9,7.99,7.9,8.01,8.26,8.26,0.36,1756703,40.5,7.23,2,2,LF,HIGH,42146,Urgent: Acute clinical mastitis! Isolate animal immediately. Call government veterinary officer (1962). Administer prescribed veterinary therapy.,Immediate veterinary antibiotic injection + anti-inflammatory + frequent cold water fanning and stripping.
COW-1928,Ganga,HF Cross,6.5,4,282,24.2,20.8,13.9,5.12,5.08,5.18,6.35,6.35,1.27,283642,38.7,6.85,0,1,RH,MEDIUM,8117,Subclinical warning in RH quarter. Apply ICAR herbal paste 3x daily for 5 days. Strip affected quarter completely.,ICAR Formulation: 250g Aloe Vera + 50g Pure Turmeric + 15g Edible Lime (Chuna) ground into paste.
COW-1929,Meera,Rathi,7.2,3,284,12.7,11.3,11.2,5.21,5.17,6.66,5.04,6.66,1.62,325400,38.7,6.81,0,0,LH,MEDIUM,6526,Subclinical warning in LH quarter. Apply ICAR herbal paste 3x daily for 5 days. Strip affected quarter completely.,ICAR Formulation: 250g Aloe Vera + 50g Pure Turmeric + 15g Edible Lime (Chuna) ground into paste.
COW-1930,Nandini,Gir,4.8,3,129,17.9,17.9,0.0,4.75,4.52,4.72,4.68,4.75,0.23,132750,38.2,6.61,0,0,None,LOW,0,"Routine milking, clean dry udder cloth, post-milking dip (0.5% povidone iodine).",No medication needed. Maintain clean bedding and nutrition.
COW-1931,Lakshmi,Sahiwal,8.6,4,75,19.0,19.0,0.0,4.84,4.84,4.73,4.75,4.84,0.11,89633,38.2,6.47,0,0,None,LOW,0,"Routine milking, clean dry udder cloth, post-milking dip (0.5% povidone iodine).",No medication needed. Maintain clean bedding and nutrition.
COW-1932,Surabhi,Sahiwal,3.9,4,75,14.6,14.3,1.8,5.12,4.93,5.12,4.93,5.12,0.19,105184,38.9,6.55,0,0,None,LOW,0,"Routine milking, clean dry udder cloth, post-milking dip (0.5% povidone iodine).",No medication needed. Maintain clean bedding and nutrition.
COW-1933,Kapila,HF Cross,6.7,6,174,21.3,21.3,0.0,4.56,4.55,4.56,4.69,4.69,0.14,144016,38.5,6.58,0,0,None,LOW,0,"Routine milking, clean dry udder cloth, post-milking dip (0.5% povidone iodine).",No medication needed. Maintain clean bedding and nutrition.
COW-1934,Lakshmi,Gir,5.2,4,216,19.8,19.8,0.0,4.66,4.59,4.85,4.76,4.85,0.26,180782,38.9,6.48,0,0,None,LOW,0,"Routine milking, clean dry udder cloth, post-milking dip (0.5% povidone iodine).",No medication needed. Maintain clean bedding and nutrition.
COW-1935,Meera,HF Cross,3.1,6,211,25.0,24.9,0.4,5.15,5.2,4.94,5.18,5.2,0.26,120206,38.3,6.61,0,0,None,LOW,0,"Routine milking, clean dry udder cloth, post-milking dip (0.5% povidone iodine).",No medication needed. Maintain clean bedding and nutrition.
COW-1936,Ganga,Rathi,2.6,5,91,10.8,10.5,3.0,4.55,4.44,4.6,4.46,4.6,0.16,195000,38.7,6.59,0,0,None,LOW,0,"Routine milking, clean dry udder cloth, post-milking dip (0.5% povidone iodine).",No medication needed. Maintain clean bedding and nutrition.
COW-1937,Sita,Tharparkar,8.3,4,100,11.0,10.8,1.6,4.68,4.64,4.55,4.72,4.72,0.17,168706,38.4,6.53,0,0,None,LOW,0,"Routine milking, clean dry udder cloth, post-milking dip (0.5% povidone iodine).",No medication needed. Maintain clean bedding and nutrition.
COW-1938,Bhavani,Sahiwal,2.7,2,168,16.4,16.4,0.3,5.04,4.86,4.86,4.86,5.04,0.18,160157,38.5,6.49,0,0,None,LOW,0,"Routine milking, clean dry udder cloth, post-milking dip (0.5% povidone iodine).",No medication needed. Maintain clean bedding and nutrition.
COW-1939,Kapila,Gir,7.6,2,220,14.3,14.3,0.0,4.87,4.76,4.71,4.98,4.98,0.27,127410,38.5,6.7,0,0,None,LOW,0,"Routine milking, clean dry udder cloth, post-milking dip (0.5% povidone iodine).",No medication needed. Maintain clean bedding and nutrition.
COW-1940,Kamdhenu,Tharparkar,9.4,1,255,12.8,12.7,0.9,5.02,5.15,5.13,4.89,5.15,0.26,147695,38.8,6.7,0,0,None,LOW,0,"Routine milking, clean dry udder cloth, post-milking dip (0.5% povidone iodine).",No medication needed. Maintain clean bedding and nutrition.
COW-1941,Kapila,Tharparkar,8.8,3,77,11.9,11.7,1.4,5.12,4.95,5.07,5.17,5.17,0.22,147200,38.6,6.59,0,0,None,LOW,0,"Routine milking, clean dry udder cloth, post-milking dip (0.5% povidone iodine).",No medication needed. Maintain clean bedding and nutrition.
COW-1942,Sita,Sahiwal,3.4,5,78,18.8,18.5,1.7,4.97,4.96,4.83,4.93,4.97,0.14,145259,38.2,6.62,0,0,None,LOW,0,"Routine milking, clean dry udder cloth, post-milking dip (0.5% povidone iodine).",No medication needed. Maintain clean bedding and nutrition.
COW-1943,Meera,Sahiwal,4.3,6,166,16.0,7.8,51.5,7.69,7.97,7.54,7.92,7.97,0.43,1122133,41.0,7.15,2,2,Both Front,HIGH,36129,Urgent: Acute clinical mastitis! Isolate animal immediately. Call government veterinary officer (1962). Administer prescribed veterinary therapy.,Immediate veterinary antibiotic injection + anti-inflammatory + frequent cold water fanning and stripping.
COW-1944,Sita,HF Cross,9.0,1,209,23.1,19.5,15.8,4.75,5.92,4.63,4.68,5.92,1.29,291784,39.3,6.75,1,0,RF,MEDIUM,8317,Subclinical warning in RF quarter. Apply ICAR herbal paste 3x daily for 5 days. Strip affected quarter completely.,ICAR Formulation: 250g Aloe Vera + 50g Pure Turmeric + 15g Edible Lime (Chuna) ground into paste.
COW-1945,Kalyani,Red Sindhi,9.3,4,243,16.0,15.7,1.8,4.64,4.73,4.7,4.66,4.73,0.09,110745,38.5,6.63,0,0,None,LOW,0,"Routine milking, clean dry udder cloth, post-milking dip (0.5% povidone iodine).",No medication needed. Maintain clean bedding and nutrition.
COW-1946,Nandini,Murrah Buffalo,9.5,2,142,14.0,4.6,67.4,7.17,7.63,7.57,7.27,7.63,0.46,747581,40.0,7.16,2,2,Both Hind,HIGH,42116,Urgent: Acute clinical mastitis! Isolate animal immediately. Call government veterinary officer (1962). Administer prescribed veterinary therapy.,Immediate veterinary antibiotic injection + anti-inflammatory + frequent cold water fanning and stripping.
COW-1947,Yamuna,Sahiwal,3.2,4,68,14.7,12.3,16.1,5.08,7.2,5.28,5.01,7.2,2.19,314594,38.9,6.85,1,0,RF,MEDIUM,7425,Subclinical warning in RF quarter. Apply ICAR herbal paste 3x daily for 5 days. Strip affected quarter completely.,ICAR Formulation: 250g Aloe Vera + 50g Pure Turmeric + 15g Edible Lime (Chuna) ground into paste.
COW-1948,Kalyani,HF Cross,4.1,1,113,23.9,23.0,3.6,4.76,4.97,4.87,4.95,4.97,0.21,67839,38.7,6.6,0,0,None,LOW,0,"Routine milking, clean dry udder cloth, post-milking dip (0.5% povidone iodine).",No medication needed. Maintain clean bedding and nutrition.
COW-1949,Nandini,Rathi,4.1,5,97,12.2,11.8,3.5,4.64,4.63,4.7,4.67,4.7,0.07,145546,38.7,6.61,0,0,None,LOW,0,"Routine milking, clean dry udder cloth, post-milking dip (0.5% povidone iodine).",No medication needed. Maintain clean bedding and nutrition.
COW-1950,Ganga,Rathi,9.1,5,229,15.1,14.7,2.8,5.21,5.01,5.2,5.22,5.22,0.21,148278,38.5,6.7,0,0,None,LOW,0,"Routine milking, clean dry udder cloth, post-milking dip (0.5% povidone iodine).",No medication needed. Maintain clean bedding and nutrition.
COW-1951,Devi,Tharparkar,5.8,2,165,10.0,9.8,1.9,4.78,4.96,4.87,4.97,4.97,0.19,150081,38.2,6.5,0,0,None,LOW,0,"Routine milking, clean dry udder cloth, post-milking dip (0.5% povidone iodine).",No medication needed. Maintain clean bedding and nutrition.
COW-1952,Lakshmi,Red Sindhi,5.4,2,258,14.9,13.0,12.7,4.79,6.45,4.92,4.82,6.45,1.66,330186,38.6,6.83,1,0,RF,MEDIUM,7773,Subclinical warning in RF quarter. Apply ICAR herbal paste 3x daily for 5 days. Strip affected quarter completely.,ICAR Formulation: 250g Aloe Vera + 50g Pure Turmeric + 15g Edible Lime (Chuna) ground into paste.
COW-1953,Surabhi,Gir,7.6,5,89,15.2,15.0,1.3,4.61,4.71,4.67,4.67,4.71,0.1,185601,38.6,6.51,0,0,None,LOW,0,"Routine milking, clean dry udder cloth, post-milking dip (0.5% povidone iodine).",No medication needed. Maintain clean bedding and nutrition.
COW-1954,Bhavani,HF Cross,6.7,2,236,20.4,20.2,0.8,4.93,4.82,5.09,5.07,5.09,0.27,101826,38.4,6.56,0,0,None,LOW,0,"Routine milking, clean dry udder cloth, post-milking dip (0.5% povidone iodine).",No medication needed. Maintain clean bedding and nutrition.
COW-1955,Nandini,Murrah Buffalo,9.1,1,207,17.0,17.0,0.0,4.85,4.78,4.94,4.99,4.99,0.21,86070,38.5,6.55,0,0,None,LOW,0,"Routine milking, clean dry udder cloth, post-milking dip (0.5% povidone iodine).",No medication needed. Maintain clean bedding and nutrition.
COW-1956,Kapila,Red Sindhi,4.5,5,64,10.5,9.3,11.3,4.93,4.82,6.08,4.8,6.08,1.28,463708,39.1,6.79,1,1,LH,MEDIUM,7307,Subclinical warning in LH quarter. Apply ICAR herbal paste 3x daily for 5 days. Strip affected quarter completely.,ICAR Formulation: 250g Aloe Vera + 50g Pure Turmeric + 15g Edible Lime (Chuna) ground into paste.
COW-1957,Radha,HF Cross,6.1,4,140,25.9,24.8,4.3,4.65,4.48,4.56,4.59,4.65,0.17,130658,38.3,6.68,0,0,None,LOW,0,"Routine milking, clean dry udder cloth, post-milking dip (0.5% povidone iodine).",No medication needed. Maintain clean bedding and nutrition.
COW-1958,Gauri,Murrah Buffalo,3.2,6,261,15.4,12.7,17.7,5.11,5.05,4.87,7.04,7.04,2.17,330968,39.1,6.83,0,0,RH,MEDIUM,7935,Subclinical warning in RH quarter. Apply ICAR herbal paste 3x daily for 5 days. Strip affected quarter completely.,ICAR Formulation: 250g Aloe Vera + 50g Pure Turmeric + 15g Edible Lime (Chuna) ground into paste.
COW-1959,Bhavani,Sahiwal,5.0,6,227,18.9,15.2,19.8,7.01,4.98,4.9,4.88,7.01,2.13,226429,38.7,6.83,1,0,LF,MEDIUM,8872,Subclinical warning in LF quarter. Apply ICAR herbal paste 3x daily for 5 days. Strip affected quarter completely.,ICAR Formulation: 250g Aloe Vera + 50g Pure Turmeric + 15g Edible Lime (Chuna) ground into paste.
COW-1960,Sita,Sahiwal,2.7,3,62,15.8,15.6,1.4,4.5,4.63,4.47,4.57,4.63,0.16,114090,38.5,6.57,0,0,None,LOW,0,"Routine milking, clean dry udder cloth, post-milking dip (0.5% povidone iodine).",No medication needed. Maintain clean bedding and nutrition.
COW-1961,Nandini,Sahiwal,4.4,1,178,16.7,5.7,65.9,7.83,8.07,8.26,8.13,8.26,0.43,1218290,39.8,7.14,2,2,LH,HIGH,43768,Urgent: Acute clinical mastitis! Isolate animal immediately. Call government veterinary officer (1962). Administer prescribed veterinary therapy.,Immediate veterinary antibiotic injection + anti-inflammatory + frequent cold water fanning and stripping.
COW-1962,Kalyani,Tharparkar,8.5,3,192,13.7,11.3,17.7,4.8,6.68,4.74,4.83,6.68,1.94,230079,39.0,6.72,1,0,RF,MEDIUM,8237,Subclinical warning in RF quarter. Apply ICAR herbal paste 3x daily for 5 days. Strip affected quarter completely.,ICAR Formulation: 250g Aloe Vera + 50g Pure Turmeric + 15g Edible Lime (Chuna) ground into paste.
COW-1963,Kalyani,HF Cross,5.9,3,236,25.2,20.4,19.1,4.74,6.62,4.98,4.92,6.62,1.88,400751,39.1,6.8,0,1,RF,MEDIUM,9451,Subclinical warning in RF quarter. Apply ICAR herbal paste 3x daily for 5 days. Strip affected quarter completely.,ICAR Formulation: 250g Aloe Vera + 50g Pure Turmeric + 15g Edible Lime (Chuna) ground into paste.
COW-1964,Tulsi,Gir,3.9,1,219,19.1,19.1,0.0,4.66,4.59,4.67,4.81,4.81,0.22,50000,38.4,6.58,0,0,None,LOW,0,"Routine milking, clean dry udder cloth, post-milking dip (0.5% povidone iodine).",No medication needed. Maintain clean bedding and nutrition.
COW-1965,Tulsi,Red Sindhi,8.6,3,54,11.9,11.9,0.1,4.92,4.89,5.14,4.85,5.14,0.29,111967,38.8,6.62,0,0,None,LOW,0,"Routine milking, clean dry udder cloth, post-milking dip (0.5% povidone iodine).",No medication needed. Maintain clean bedding and nutrition.
COW-1966,Meera,Red Sindhi,7.4,2,137,15.3,15.0,2.2,4.88,4.93,5.13,5.09,5.13,0.25,74084,38.4,6.57,0,0,None,LOW,0,"Routine milking, clean dry udder cloth, post-milking dip (0.5% povidone iodine).",No medication needed. Maintain clean bedding and nutrition.
COW-1967,Kapila,Red Sindhi,5.6,5,110,12.5,10.1,19.6,5.13,5.16,5.09,7.2,7.2,2.11,282527,38.9,6.97,1,1,RH,MEDIUM,9118,Subclinical warning in RH quarter. Apply ICAR herbal paste 3x daily for 5 days. Strip affected quarter completely.,ICAR Formulation: 250g Aloe Vera + 50g Pure Turmeric + 15g Edible Lime (Chuna) ground into paste.
COW-1968,Nandini,Sahiwal,4.7,3,51,19.7,19.5,1.0,5.16,4.94,5.03,4.9,5.16,0.26,158542,38.5,6.57,0,0,None,LOW,0,"Routine milking, clean dry udder cloth, post-milking dip (0.5% povidone iodine).",No medication needed. Maintain clean bedding and nutrition.
COW-1969,Devi,Red Sindhi,9.4,6,255,13.2,13.0,1.6,4.91,4.95,5.06,5.14,5.14,0.23,171322,38.4,6.58,0,0,None,LOW,0,"Routine milking, clean dry udder cloth, post-milking dip (0.5% povidone iodine).",No medication needed. Maintain clean bedding and nutrition.
COW-1970,Kalyani,Sahiwal,5.8,5,39,16.8,16.6,1.4,4.72,5.0,4.71,4.84,5.0,0.29,112437,38.2,6.6,0,0,None,LOW,0,"Routine milking, clean dry udder cloth, post-milking dip (0.5% povidone iodine).",No medication needed. Maintain clean bedding and nutrition.
COW-1971,Gauri,Gir,8.8,4,87,14.4,14.4,0.2,5.01,5.0,5.19,4.93,5.19,0.26,147508,38.4,6.65,0,0,None,LOW,0,"Routine milking, clean dry udder cloth, post-milking dip (0.5% povidone iodine).",No medication needed. Maintain clean bedding and nutrition.
COW-1972,Sita,Tharparkar,5.5,2,214,11.3,11.1,2.2,4.88,4.77,4.84,4.94,4.94,0.17,189921,38.2,6.61,0,0,None,LOW,0,"Routine milking, clean dry udder cloth, post-milking dip (0.5% povidone iodine).",No medication needed. Maintain clean bedding and nutrition.
COW-1973,Surabhi,Sahiwal,7.9,6,173,19.2,8.0,58.5,7.84,7.7,8.21,7.99,8.21,0.51,921555,40.4,7.44,2,1,LF,HIGH,40438,Urgent: Acute clinical mastitis! Isolate animal immediately. Call government veterinary officer (1962). Administer prescribed veterinary therapy.,Immediate veterinary antibiotic injection + anti-inflammatory + frequent cold water fanning and stripping.
COW-1974,Meera,Rathi,7.9,2,104,10.2,4.7,53.6,6.49,7.01,6.78,7.01,7.01,0.52,600000,40.4,7.05,2,2,Both Front,HIGH,41047,Urgent: Acute clinical mastitis! Isolate animal immediately. Call government veterinary officer (1962). Administer prescribed veterinary therapy.,Immediate veterinary antibiotic injection + anti-inflammatory + frequent cold water fanning and stripping.
COW-1975,Tulsi,Tharparkar,3.5,3,105,10.6,10.6,0.0,5.04,4.92,4.83,4.89,5.04,0.21,96201,38.8,6.55,0,0,None,LOW,0,"Routine milking, clean dry udder cloth, post-milking dip (0.5% povidone iodine).",No medication needed. Maintain clean bedding and nutrition.
COW-1976,Meera,Murrah Buffalo,9.4,6,53,14.0,11.0,21.6,4.74,4.85,6.08,4.67,6.08,1.41,306144,39.3,6.72,0,0,LH,MEDIUM,9729,Subclinical warning in LH quarter. Apply ICAR herbal paste 3x daily for 5 days. Strip affected quarter completely.,ICAR Formulation: 250g Aloe Vera + 50g Pure Turmeric + 15g Edible Lime (Chuna) ground into paste.
COW-1977,Surabhi,Murrah Buffalo,2.7,5,203,17.2,6.2,63.9,7.77,7.79,8.06,7.53,8.06,0.53,832041,40.8,7.53,2,1,RF,HIGH,49775,Urgent: Acute clinical mastitis! Isolate animal immediately. Call government veterinary officer (1962). Administer prescribed veterinary therapy.,Immediate veterinary antibiotic injection + anti-inflammatory + frequent cold water fanning and stripping.
COW-1978,Nandini,Rathi,3.7,4,102,13.0,11.2,13.7,4.58,4.73,4.85,6.72,6.72,2.14,312759,38.5,6.99,1,0,RH,MEDIUM,7009,Subclinical warning in RH quarter. Apply ICAR herbal paste 3x daily for 5 days. Strip affected quarter completely.,ICAR Formulation: 250g Aloe Vera + 50g Pure Turmeric + 15g Edible Lime (Chuna) ground into paste.
COW-1979,Gauri,Sahiwal,6.6,2,63,17.0,14.2,16.7,5.3,5.18,6.49,5.15,6.49,1.34,431610,39.0,6.76,1,0,LH,MEDIUM,8093,Subclinical warning in LH quarter. Apply ICAR herbal paste 3x daily for 5 days. Strip affected quarter completely.,ICAR Formulation: 250g Aloe Vera + 50g Pure Turmeric + 15g Edible Lime (Chuna) ground into paste.
COW-1980,Ganga,Sahiwal,9.2,4,108,18.8,18.1,3.7,4.68,4.53,4.64,4.58,4.68,0.15,128283,38.5,6.6,0,0,None,LOW,0,"Routine milking, clean dry udder cloth, post-milking dip (0.5% povidone iodine).",No medication needed. Maintain clean bedding and nutrition.
COW-1981,Bhavani,Red Sindhi,6.6,5,58,14.0,13.7,2.0,4.84,4.83,4.78,4.83,4.84,0.06,160779,38.3,6.66,0,0,None,LOW,0,"Routine milking, clean dry udder cloth, post-milking dip (0.5% povidone iodine).",No medication needed. Maintain clean bedding and nutrition.
COW-1982,Meera,Murrah Buffalo,4.7,4,113,13.8,11.9,13.7,4.79,4.77,4.8,6.73,6.73,1.96,368094,39.2,6.73,1,0,RH,MEDIUM,7375,Subclinical warning in RH quarter. Apply ICAR herbal paste 3x daily for 5 days. Strip affected quarter completely.,ICAR Formulation: 250g Aloe Vera + 50g Pure Turmeric + 15g Edible Lime (Chuna) ground into paste.
COW-1983,Kalyani,Gir,3.8,1,169,19.4,15.2,21.6,5.09,6.41,4.88,4.96,6.41,1.53,317492,38.7,6.72,0,1,RF,MEDIUM,10572,Subclinical warning in RF quarter. Apply ICAR herbal paste 3x daily for 5 days. Strip affected quarter completely.,ICAR Formulation: 250g Aloe Vera + 50g Pure Turmeric + 15g Edible Lime (Chuna) ground into paste.
COW-1984,Yamuna,Rathi,8.4,5,201,14.1,13.9,1.5,4.62,4.53,4.55,4.57,4.62,0.09,142134,38.9,6.47,0,0,None,LOW,0,"Routine milking, clean dry udder cloth, post-milking dip (0.5% povidone iodine).",No medication needed. Maintain clean bedding and nutrition.
COW-1985,Tulsi,Sahiwal,6.0,5,19,14.3,14.3,0.0,4.93,4.98,5.16,5.09,5.16,0.23,152419,38.5,6.57,0,0,None,LOW,0,"Routine milking, clean dry udder cloth, post-milking dip (0.5% povidone iodine).",No medication needed. Maintain clean bedding and nutrition.
COW-1986,Devi,Red Sindhi,4.8,2,211,15.0,14.5,3.3,4.87,4.9,4.93,5.05,5.05,0.18,138147,38.3,6.45,0,0,None,LOW,0,"Routine milking, clean dry udder cloth, post-milking dip (0.5% povidone iodine).",No medication needed. Maintain clean bedding and nutrition.
COW-1987,Devi,Tharparkar,7.3,6,170,11.2,3.4,69.5,8.27,8.03,8.52,8.25,8.52,0.49,1535435,40.2,7.28,2,1,Both Front,HIGH,50748,Urgent: Acute clinical mastitis! Isolate animal immediately. Call government veterinary officer (1962). Administer prescribed veterinary therapy.,Immediate veterinary antibiotic injection + anti-inflammatory + frequent cold water fanning and stripping.
COW-1988,Radha,Rathi,2.6,6,214,10.3,9.0,12.2,4.95,6.72,4.92,5.15,6.72,1.8,395202,38.9,6.89,1,0,RF,MEDIUM,7702,Subclinical warning in RF quarter. Apply ICAR herbal paste 3x daily for 5 days. Strip affected quarter completely.,ICAR Formulation: 250g Aloe Vera + 50g Pure Turmeric + 15g Edible Lime (Chuna) ground into paste.
COW-1989,Tulsi,Murrah Buffalo,9.2,6,215,13.7,13.5,1.8,4.94,5.09,4.98,5.13,5.13,0.19,119588,38.8,6.6,0,0,None,LOW,0,"Routine milking, clean dry udder cloth, post-milking dip (0.5% povidone iodine).",No medication needed. Maintain clean bedding and nutrition.
COW-1990,Meera,Gir,6.4,4,114,14.8,5.3,64.3,7.22,7.18,7.39,7.21,7.39,0.21,755478,40.3,7.13,2,1,RH,HIGH,44110,Urgent: Acute clinical mastitis! Isolate animal immediately. Call government veterinary officer (1962). Administer prescribed veterinary therapy.,Immediate veterinary antibiotic injection + anti-inflammatory + frequent cold water fanning and stripping.
COW-1991,Surabhi,Rathi,5.1,6,85,12.7,11.0,13.0,5.15,7.14,4.94,4.98,7.14,2.2,275320,38.6,6.73,0,1,RF,MEDIUM,6996,Subclinical warning in RF quarter. Apply ICAR herbal paste 3x daily for 5 days. Strip affected quarter completely.,ICAR Formulation: 250g Aloe Vera + 50g Pure Turmeric + 15g Edible Lime (Chuna) ground into paste.
COW-1992,Meera,HF Cross,2.9,4,90,25.6,25.6,0.0,4.67,4.59,4.7,4.49,4.7,0.21,195000,38.8,6.7,0,0,None,LOW,0,"Routine milking, clean dry udder cloth, post-milking dip (0.5% povidone iodine).",No medication needed. Maintain clean bedding and nutrition.
COW-1993,Kapila,Gir,8.4,5,282,15.7,15.7,0.1,4.77,4.71,4.7,4.83,4.83,0.13,132493,38.2,6.54,0,0,None,LOW,0,"Routine milking, clean dry udder cloth, post-milking dip (0.5% povidone iodine).",No medication needed. Maintain clean bedding and nutrition.
COW-1994,Lakshmi,Rathi,7.5,6,176,12.2,11.9,2.4,4.48,4.53,4.58,4.66,4.66,0.18,173385,38.4,6.64,0,0,None,LOW,0,"Routine milking, clean dry udder cloth, post-milking dip (0.5% povidone iodine).",No medication needed. Maintain clean bedding and nutrition.
COW-1995,Bhavani,Rathi,3.3,2,30,13.4,13.0,3.2,5.01,5.02,4.93,4.82,5.02,0.2,195000,38.2,6.66,0,0,None,LOW,0,"Routine milking, clean dry udder cloth, post-milking dip (0.5% povidone iodine).",No medication needed. Maintain clean bedding and nutrition.
COW-1996,Sita,Tharparkar,5.6,6,133,14.1,12.3,12.7,5.23,5.18,7.27,5.18,7.27,2.09,251863,39.1,6.85,1,0,LH,MEDIUM,7917,Subclinical warning in LH quarter. Apply ICAR herbal paste 3x daily for 5 days. Strip affected quarter completely.,ICAR Formulation: 250g Aloe Vera + 50g Pure Turmeric + 15g Edible Lime (Chuna) ground into paste.
COW-1997,Surabhi,Murrah Buffalo,8.7,3,22,14.6,13.9,4.6,4.5,4.64,4.63,4.67,4.67,0.17,122038,38.3,6.54,0,0,None,LOW,0,"Routine milking, clean dry udder cloth, post-milking dip (0.5% povidone iodine).",No medication needed. Maintain clean bedding and nutrition.
COW-1998,Ganga,Red Sindhi,6.9,2,219,12.5,12.5,0.3,4.92,4.91,4.9,4.89,4.92,0.03,130023,38.7,6.53,0,0,None,LOW,0,"Routine milking, clean dry udder cloth, post-milking dip (0.5% povidone iodine).",No medication needed. Maintain clean bedding and nutrition.
COW-1999,Surabhi,Sahiwal,7.6,2,137,15.3,15.1,1.6,4.73,4.66,4.65,4.74,4.74,0.09,167869,38.2,6.56,0,0,None,LOW,0,"Routine milking, clean dry udder cloth, post-milking dip (0.5% povidone iodine).",No medication needed. Maintain clean bedding and nutrition.
COW-2000,Yamuna,Red Sindhi,7.8,4,203,13.9,13.6,2.5,4.47,4.63,4.52,4.68,4.68,0.21,133898,38.5,6.6,0,0,None,LOW,0,"Routine milking, clean dry udder cloth, post-milking dip (0.5% povidone iodine).",No medication needed. Maintain clean bedding and nutrition.
COW-2001,Bhavani,Red Sindhi,6.9,1,114,11.3,10.9,3.3,4.56,4.6,4.5,4.58,4.6,0.1,155712,38.3,6.56,0,0,None,LOW,0,"Routine milking, clean dry udder cloth, post-milking dip (0.5% povidone iodine).",No medication needed. Maintain clean bedding and nutrition.
COW-2002,Tulsi,Sahiwal,5.2,6,100,15.6,12.7,18.9,5.04,6.47,4.92,4.97,6.47,1.55,382625,38.5,6.85,1,1,RF,MEDIUM,9365,Subclinical warning in RF quarter. Apply ICAR herbal paste 3x daily for 5 days. Strip affected quarter completely.,ICAR Formulation: 250g Aloe Vera + 50g Pure Turmeric + 15g Edible Lime (Chuna) ground into paste.
COW-2003,Devi,Red Sindhi,6.8,6,30,14.1,12.1,14.3,6.84,4.82,4.66,4.59,6.84,2.25,210000,38.8,6.97,0,0,LF,MEDIUM,7134,Subclinical warning in LF quarter. Apply ICAR herbal paste 3x daily for 5 days. Strip affected quarter completely.,ICAR Formulation: 250g Aloe Vera + 50g Pure Turmeric + 15g Edible Lime (Chuna) ground into paste.
COW-2004,Kalyani,Gir,5.0,3,240,16.9,13.4,20.9,4.94,4.75,6.17,4.75,6.17,1.42,253647,38.6,6.88,1,0,LH,MEDIUM,9965,Subclinical warning in LH quarter. Apply ICAR herbal paste 3x daily for 5 days. Strip affected quarter completely.,ICAR Formulation: 250g Aloe Vera + 50g Pure Turmeric + 15g Edible Lime (Chuna) ground into paste.
COW-2005,Yamuna,HF Cross,5.8,3,139,25.8,20.8,19.2,5.03,6.83,5.27,5.15,6.83,1.8,212003,38.6,6.87,1,1,RF,MEDIUM,9417,Subclinical warning in RF quarter. Apply ICAR herbal paste 3x daily for 5 days. Strip affected quarter completely.,ICAR Formulation: 250g Aloe Vera + 50g Pure Turmeric + 15g Edible Lime (Chuna) ground into paste.
COW-2006,Sita,Sahiwal,5.6,1,263,19.7,19.3,2.1,5.18,5.15,4.9,4.92,5.18,0.28,107799,38.5,6.62,0,0,None,LOW,0,"Routine milking, clean dry udder cloth, post-milking dip (0.5% povidone iodine).",No medication needed. Maintain clean bedding and nutrition.
COW-2007,Radha,HF Cross,5.3,2,68,25.9,20.8,19.6,5.13,6.98,5.32,5.06,6.98,1.92,338677,38.7,6.85,0,1,RF,MEDIUM,8706,Subclinical warning in RF quarter. Apply ICAR herbal paste 3x daily for 5 days. Strip affected quarter completely.,ICAR Formulation: 250g Aloe Vera + 50g Pure Turmeric + 15g Edible Lime (Chuna) ground into paste.
COW-2008,Nandini,Red Sindhi,4.3,5,155,15.9,7.0,55.7,7.72,7.21,7.32,7.36,7.72,0.51,1156693,40.4,7.18,2,2,LF,HIGH,41379,Urgent: Acute clinical mastitis! Isolate animal immediately. Call government veterinary officer (1962). Administer prescribed veterinary therapy.,Immediate veterinary antibiotic injection + anti-inflammatory + frequent cold water fanning and stripping.
COW-2009,Lakshmi,Murrah Buffalo,7.7,6,246,16.0,16.0,0.3,4.63,4.65,4.37,4.54,4.65,0.28,123610,38.3,6.58,0,0,None,LOW,0,"Routine milking, clean dry udder cloth, post-milking dip (0.5% povidone iodine).",No medication needed. Maintain clean bedding and nutrition.
COW-2010,Radha,Tharparkar,3.9,4,206,12.3,10.6,14.1,5.0,5.14,6.66,5.13,6.66,1.66,242016,38.9,6.84,1,1,LH,MEDIUM,7566,Subclinical warning in LH quarter. Apply ICAR herbal paste 3x daily for 5 days. Strip affected quarter completely.,ICAR Formulation: 250g Aloe Vera + 50g Pure Turmeric + 15g Edible Lime (Chuna) ground into paste.
COW-2011,Meera,Tharparkar,4.5,1,242,15.5,15.1,2.3,4.85,4.9,4.78,4.99,4.99,0.21,157400,38.4,6.6,0,0,None,LOW,0,"Routine milking, clean dry udder cloth, post-milking dip (0.5% povidone iodine).",No medication needed. Maintain clean bedding and nutrition.
COW-2012,Bhavani,Red Sindhi,3.2,1,102,12.2,12.0,2.0,5.06,5.09,4.83,4.83,5.09,0.26,145567,38.3,6.59,0,0,None,LOW,0,"Routine milking, clean dry udder cloth, post-milking dip (0.5% povidone iodine).",No medication needed. Maintain clean bedding and nutrition.
COW-2013,Bhavani,Murrah Buffalo,8.6,5,48,12.9,10.2,21.0,4.96,5.06,5.05,6.35,6.35,1.39,320502,38.5,6.83,0,0,RH,MEDIUM,9037,Subclinical warning in RH quarter. Apply ICAR herbal paste 3x daily for 5 days. Strip affected quarter completely.,ICAR Formulation: 250g Aloe Vera + 50g Pure Turmeric + 15g Edible Lime (Chuna) ground into paste.
COW-2014,Tulsi,Gir,2.5,6,131,15.3,13.4,12.2,4.87,4.85,4.77,6.67,6.67,1.9,474877,38.7,6.76,1,0,RH,MEDIUM,6676,Subclinical warning in RH quarter. Apply ICAR herbal paste 3x daily for 5 days. Strip affected quarter completely.,ICAR Formulation: 250g Aloe Vera + 50g Pure Turmeric + 15g Edible Lime (Chuna) ground into paste.
COW-2015,Ganga,Rathi,2.5,2,113,11.6,5.7,51.2,8.57,8.57,8.19,8.26,8.57,0.38,1330671,40.3,7.43,2,1,Both Hind,HIGH,36261,Urgent: Acute clinical mastitis! Isolate animal immediately. Call government veterinary officer (1962). Administer prescribed veterinary therapy.,Immediate veterinary antibiotic injection + anti-inflammatory + frequent cold water fanning and stripping.
COW-2016,Surabhi,HF Cross,8.4,3,223,22.1,21.8,1.3,4.85,4.83,4.77,4.8,4.85,0.08,85974,38.6,6.62,0,0,None,LOW,0,"Routine milking, clean dry udder cloth, post-milking dip (0.5% povidone iodine).",No medication needed. Maintain clean bedding and nutrition.
COW-2017,Gauri,Murrah Buffalo,4.5,2,45,12.4,12.4,0.0,4.91,5.12,5.02,5.09,5.12,0.21,141854,38.7,6.63,0,0,None,LOW,0,"Routine milking, clean dry udder cloth, post-milking dip (0.5% povidone iodine).",No medication needed. Maintain clean bedding and nutrition.
COW-2018,Devi,HF Cross,5.6,6,57,20.5,17.6,14.3,5.08,5.19,6.57,5.12,6.57,1.49,377411,38.8,6.83,1,1,LH,MEDIUM,7528,Subclinical warning in LH quarter. Apply ICAR herbal paste 3x daily for 5 days. Strip affected quarter completely.,ICAR Formulation: 250g Aloe Vera + 50g Pure Turmeric + 15g Edible Lime (Chuna) ground into paste.
COW-2019,Radha,Red Sindhi,5.9,5,109,11.4,11.2,1.4,4.89,5.03,4.86,5.0,5.03,0.17,132561,38.5,6.65,0,0,None,LOW,0,"Routine milking, clean dry udder cloth, post-milking dip (0.5% povidone iodine).",No medication needed. Maintain clean bedding and nutrition.
COW-2020,Surabhi,Tharparkar,8.6,4,243,10.9,9.3,14.8,4.77,4.8,4.85,6.74,6.74,1.97,241631,38.7,6.83,0,1,RH,MEDIUM,8300,Subclinical warning in RH quarter. Apply ICAR herbal paste 3x daily for 5 days. Strip affected quarter completely.,ICAR Formulation: 250g Aloe Vera + 50g Pure Turmeric + 15g Edible Lime (Chuna) ground into paste.
COW-2021,Kalyani,HF Cross,8.8,2,106,19.7,18.7,5.2,4.71,4.69,4.78,4.68,4.78,0.1,173022,38.6,6.53,0,0,None,LOW,0,"Routine milking, clean dry udder cloth, post-milking dip (0.5% povidone iodine).",No medication needed. Maintain clean bedding and nutrition.
COW-2022,Kalyani,Red Sindhi,6.3,2,109,12.9,10.1,21.4,5.02,4.91,4.97,6.22,6.22,1.31,338534,39.1,6.81,1,1,RH,MEDIUM,9279,Subclinical warning in RH quarter. Apply ICAR herbal paste 3x daily for 5 days. Strip affected quarter completely.,ICAR Formulation: 250g Aloe Vera + 50g Pure Turmeric + 15g Edible Lime (Chuna) ground into paste.
COW-2023,Meera,Rathi,9.1,2,225,12.9,7.2,44.5,6.9,6.93,6.77,6.59,6.93,0.34,1386675,40.5,7.43,2,2,Both Front,HIGH,35838,Urgent: Acute clinical mastitis! Isolate animal immediately. Call government veterinary officer (1962). Administer prescribed veterinary therapy.,Immediate veterinary antibiotic injection + anti-inflammatory + frequent cold water fanning and stripping.
COW-2024,Tulsi,Murrah Buffalo,8.1,2,201,15.4,15.3,0.6,4.47,4.43,4.64,4.57,4.64,0.21,167007,38.7,6.56,0,0,None,LOW,0,"Routine milking, clean dry udder cloth, post-milking dip (0.5% povidone iodine).",No medication needed. Maintain clean bedding and nutrition.
COW-2025,Devi,Red Sindhi,8.8,6,255,14.7,14.2,3.1,4.8,4.75,4.73,4.79,4.8,0.07,141641,38.7,6.57,0,0,None,LOW,0,"Routine milking, clean dry udder cloth, post-milking dip (0.5% povidone iodine).",No medication needed. Maintain clean bedding and nutrition.
COW-2026,Gauri,Rathi,9.3,2,133,14.9,14.7,1.3,4.96,4.78,4.95,4.8,4.96,0.18,180841,38.3,6.53,0,0,None,LOW,0,"Routine milking, clean dry udder cloth, post-milking dip (0.5% povidone iodine).",No medication needed. Maintain clean bedding and nutrition.
COW-2027,Ganga,Rathi,4.8,5,263,12.8,7.0,45.0,7.0,7.2,7.21,6.9,7.21,0.31,1307664,40.0,7.45,2,1,Both Front,HIGH,38261,Urgent: Acute clinical mastitis! Isolate animal immediately. Call government veterinary officer (1962). Administer prescribed veterinary therapy.,Immediate veterinary antibiotic injection + anti-inflammatory + frequent cold water fanning and stripping.
COW-2028,Meera,Sahiwal,6.9,3,194,18.9,18.9,0.0,4.52,4.53,4.73,4.62,4.73,0.21,144842,38.5,6.49,0,0,None,LOW,0,"Routine milking, clean dry udder cloth, post-milking dip (0.5% povidone iodine).",No medication needed. Maintain clean bedding and nutrition.
COW-2029,Yamuna,Sahiwal,8.3,6,108,19.7,19.4,1.3,4.64,4.64,4.48,4.66,4.66,0.18,139835,38.2,6.64,0,0,None,LOW,0,"Routine milking, clean dry udder cloth, post-milking dip (0.5% povidone iodine).",No medication needed. Maintain clean bedding and nutrition.
COW-2030,Radha,Sahiwal,8.0,4,17,15.8,15.6,1.3,4.54,4.72,4.65,4.64,4.72,0.18,195000,38.9,6.57,0,0,None,LOW,0,"Routine milking, clean dry udder cloth, post-milking dip (0.5% povidone iodine).",No medication needed. Maintain clean bedding and nutrition.
COW-2031,Bhavani,Sahiwal,5.6,4,92,17.6,15.2,13.9,6.95,5.08,5.2,5.1,6.95,1.87,389690,39.2,6.72,0,0,LF,MEDIUM,6472,Subclinical warning in LF quarter. Apply ICAR herbal paste 3x daily for 5 days. Strip affected quarter completely.,ICAR Formulation: 250g Aloe Vera + 50g Pure Turmeric + 15g Edible Lime (Chuna) ground into paste.
COW-2032,Kalyani,Murrah Buffalo,6.4,3,84,13.9,12.0,13.4,6.25,4.98,4.96,5.12,6.25,1.29,210000,38.6,6.87,0,0,LF,MEDIUM,7670,Subclinical warning in LF quarter. Apply ICAR herbal paste 3x daily for 5 days. Strip affected quarter completely.,ICAR Formulation: 250g Aloe Vera + 50g Pure Turmeric + 15g Edible Lime (Chuna) ground into paste.
COW-2033,Tulsi,HF Cross,3.4,1,46,19.1,19.1,0.0,4.66,4.48,4.56,4.56,4.66,0.18,147390,38.7,6.51,0,0,None,LOW,0,"Routine milking, clean dry udder cloth, post-milking dip (0.5% povidone iodine).",No medication needed. Maintain clean bedding and nutrition.
COW-2034,Kamdhenu,Tharparkar,4.9,1,264,12.4,12.2,1.7,4.84,4.81,4.76,4.63,4.84,0.21,160030,38.3,6.46,0,0,None,LOW,0,"Routine milking, clean dry udder cloth, post-milking dip (0.5% povidone iodine).",No medication needed. Maintain clean bedding and nutrition.
COW-2035,Meera,Tharparkar,3.6,3,128,11.4,10.1,11.8,6.16,4.64,4.59,4.64,6.16,1.57,375522,38.8,6.78,0,1,LF,MEDIUM,6291,Subclinical warning in LF quarter. Apply ICAR herbal paste 3x daily for 5 days. Strip affected quarter completely.,ICAR Formulation: 250g Aloe Vera + 50g Pure Turmeric + 15g Edible Lime (Chuna) ground into paste.
COW-2036,Surabhi,Red Sindhi,6.9,4,21,13.1,13.0,0.4,4.58,4.49,4.38,4.42,4.58,0.2,124422,38.4,6.5,0,0,None,LOW,0,"Routine milking, clean dry udder cloth, post-milking dip (0.5% povidone iodine).",No medication needed. Maintain clean bedding and nutrition.
COW-2037,Lakshmi,Sahiwal,4.1,4,15,16.1,16.1,0.0,5.03,5.13,5.0,4.92,5.13,0.21,148244,38.6,6.59,0,0,None,LOW,0,"Routine milking, clean dry udder cloth, post-milking dip (0.5% povidone iodine).",No medication needed. Maintain clean bedding and nutrition.
COW-2038,Lakshmi,HF Cross,7.7,3,148,22.5,21.7,3.6,4.51,4.63,4.55,4.54,4.63,0.12,123647,38.2,6.59,0,0,None,LOW,0,"Routine milking, clean dry udder cloth, post-milking dip (0.5% povidone iodine).",No medication needed. Maintain clean bedding and nutrition.
COW-2039,Radha,Tharparkar,3.3,3,243,10.2,8.3,19.1,4.69,4.77,4.68,6.21,6.21,1.53,216810,38.7,6.85,1,0,RH,MEDIUM,10000,Subclinical warning in RH quarter. Apply ICAR herbal paste 3x daily for 5 days. Strip affected quarter completely.,ICAR Formulation: 250g Aloe Vera + 50g Pure Turmeric + 15g Edible Lime (Chuna) ground into paste.
COW-2040,Sita,Red Sindhi,4.6,4,39,13.9,13.9,0.0,5.14,4.95,4.89,4.89,5.14,0.25,173849,38.4,6.54,0,0,None,LOW,0,"Routine milking, clean dry udder cloth, post-milking dip (0.5% povidone iodine).",No medication needed. Maintain clean bedding and nutrition.
COW-2041,Kalyani,Sahiwal,8.5,2,267,19.7,19.4,1.5,4.84,4.73,4.6,4.69,4.84,0.24,133620,38.9,6.6,0,0,None,LOW,0,"Routine milking, clean dry udder cloth, post-milking dip (0.5% povidone iodine).",No medication needed. Maintain clean bedding and nutrition.
COW-2042,Yamuna,Rathi,4.5,6,139,10.5,10.2,2.7,4.36,4.37,4.35,4.43,4.43,0.08,141272,38.5,6.53,0,0,None,LOW,0,"Routine milking, clean dry udder cloth, post-milking dip (0.5% povidone iodine).",No medication needed. Maintain clean bedding and nutrition.
COW-2043,Lakshmi,Murrah Buffalo,5.6,6,93,12.6,12.2,3.5,5.03,4.96,4.85,4.82,5.03,0.21,137901,38.5,6.52,0,0,None,LOW,0,"Routine milking, clean dry udder cloth, post-milking dip (0.5% povidone iodine).",No medication needed. Maintain clean bedding and nutrition.
COW-2044,Gauri,Gir,4.6,1,73,15.8,15.7,0.8,5.17,5.15,4.97,5.18,5.18,0.21,153264,38.4,6.64,0,0,None,LOW,0,"Routine milking, clean dry udder cloth, post-milking dip (0.5% povidone iodine).",No medication needed. Maintain clean bedding and nutrition.
COW-2045,Tulsi,HF Cross,8.0,4,101,18.1,17.7,2.2,4.75,4.66,4.66,4.57,4.75,0.18,102629,38.3,6.47,0,0,None,LOW,0,"Routine milking, clean dry udder cloth, post-milking dip (0.5% povidone iodine).",No medication needed. Maintain clean bedding and nutrition.
COW-2046,Tulsi,Rathi,5.9,6,90,11.3,11.1,1.4,4.59,4.71,4.72,4.63,4.72,0.13,65909,38.3,6.46,0,0,None,LOW,0,"Routine milking, clean dry udder cloth, post-milking dip (0.5% povidone iodine).",No medication needed. Maintain clean bedding and nutrition.
COW-2047,Lakshmi,Rathi,8.8,6,44,15.8,4.7,70.5,7.05,7.24,6.78,6.93,7.24,0.46,1147387,40.1,7.09,2,1,Both Front,HIGH,50589,Urgent: Acute clinical mastitis! Isolate animal immediately. Call government veterinary officer (1962). Administer prescribed veterinary therapy.,Immediate veterinary antibiotic injection + anti-inflammatory + frequent cold water fanning and stripping.
COW-2048,Bhavani,Gir,9.5,1,234,17.4,14.5,16.5,5.13,7.08,4.93,5.02,7.08,2.15,237943,38.9,6.78,1,1,RF,MEDIUM,8762,Subclinical warning in RF quarter. Apply ICAR herbal paste 3x daily for 5 days. Strip affected quarter completely.,ICAR Formulation: 250g Aloe Vera + 50g Pure Turmeric + 15g Edible Lime (Chuna) ground into paste.
COW-2049,Yamuna,Rathi,3.5,6,189,12.4,12.0,3.5,4.87,4.8,4.62,4.78,4.87,0.25,141072,38.3,6.59,0,0,None,LOW,0,"Routine milking, clean dry udder cloth, post-milking dip (0.5% povidone iodine).",No medication needed. Maintain clean bedding and nutrition.
COW-2050,Devi,Tharparkar,7.2,4,196,15.8,15.6,1.1,4.54,4.78,4.7,4.64,4.78,0.24,150515,38.4,6.6,0,0,None,LOW,0,"Routine milking, clean dry udder cloth, post-milking dip (0.5% povidone iodine).",No medication needed. Maintain clean bedding and nutrition.
COW-2051,Yamuna,Red Sindhi,7.3,1,187,13.0,5.2,60.1,6.7,6.87,6.94,7.0,7.0,0.3,1202758,40.1,7.23,2,1,Both Front,HIGH,44543,Urgent: Acute clinical mastitis! Isolate animal immediately. Call government veterinary officer (1962). Administer prescribed veterinary therapy.,Immediate veterinary antibiotic injection + anti-inflammatory + frequent cold water fanning and stripping.
COW-2052,Kamdhenu,Red Sindhi,5.4,1,268,13.3,13.3,0.0,4.77,4.86,4.98,4.92,4.98,0.21,137423,38.3,6.52,0,0,None,LOW,0,"Routine milking, clean dry udder cloth, post-milking dip (0.5% povidone iodine).",No medication needed. Maintain clean bedding and nutrition.
COW-2053,Gauri,HF Cross,8.0,4,71,20.6,16.8,18.3,4.94,5.02,6.92,5.0,6.92,1.98,210000,38.5,6.83,0,0,LH,MEDIUM,9216,Subclinical warning in LH quarter. Apply ICAR herbal paste 3x daily for 5 days. Strip affected quarter completely.,ICAR Formulation: 250g Aloe Vera + 50g Pure Turmeric + 15g Edible Lime (Chuna) ground into paste.
COW-2054,Gauri,Tharparkar,3.6,6,108,14.3,4.8,66.5,8.1,8.35,8.22,7.98,8.35,0.37,887524,40.4,7.26,2,2,Both Hind,HIGH,44678,Urgent: Acute clinical mastitis! Isolate animal immediately. Call government veterinary officer (1962). Administer prescribed veterinary therapy.,Immediate veterinary antibiotic injection + anti-inflammatory + frequent cold water fanning and stripping.
COW-2055,Yamuna,HF Cross,3.2,2,24,18.1,18.1,0.0,4.72,4.68,4.49,4.61,4.72,0.23,61102,38.6,6.63,0,0,None,LOW,0,"Routine milking, clean dry udder cloth, post-milking dip (0.5% povidone iodine).",No medication needed. Maintain clean bedding and nutrition.
COW-2056,Kamdhenu,Tharparkar,9.1,6,218,10.1,10.1,0.0,4.67,4.65,4.74,4.83,4.83,0.18,144706,38.3,6.59,0,0,None,LOW,0,"Routine milking, clean dry udder cloth, post-milking dip (0.5% povidone iodine).",No medication needed. Maintain clean bedding and nutrition.
COW-2057,Gauri,Rathi,6.7,6,263,15.9,15.8,0.9,4.64,4.7,4.8,4.79,4.8,0.16,67241,38.4,6.57,0,0,None,LOW,0,"Routine milking, clean dry udder cloth, post-milking dip (0.5% povidone iodine).",No medication needed. Maintain clean bedding and nutrition.
COW-2058,Bhavani,Gir,5.5,5,191,19.7,17.2,12.9,6.18,4.97,4.77,4.82,6.18,1.41,237117,38.7,6.84,0,1,LF,MEDIUM,6792,Subclinical warning in LF quarter. Apply ICAR herbal paste 3x daily for 5 days. Strip affected quarter completely.,ICAR Formulation: 250g Aloe Vera + 50g Pure Turmeric + 15g Edible Lime (Chuna) ground into paste.
COW-2059,Tulsi,Murrah Buffalo,4.2,4,29,13.9,13.4,3.3,4.91,4.96,4.8,4.98,4.98,0.18,128428,38.5,6.54,0,0,None,LOW,0,"Routine milking, clean dry udder cloth, post-milking dip (0.5% povidone iodine).",No medication needed. Maintain clean bedding and nutrition.
COW-2060,Sita,Red Sindhi,7.2,1,271,12.7,12.4,2.2,4.84,4.74,4.91,4.82,4.91,0.17,88833,38.6,6.65,0,0,None,LOW,0,"Routine milking, clean dry udder cloth, post-milking dip (0.5% povidone iodine).",No medication needed. Maintain clean bedding and nutrition.
COW-2061,Lakshmi,Murrah Buffalo,6.6,6,276,14.9,3.9,73.9,7.93,8.27,8.16,8.32,8.32,0.39,1129116,40.0,7.41,2,1,LH,HIGH,48212,Urgent: Acute clinical mastitis! Isolate animal immediately. Call government veterinary officer (1962). Administer prescribed veterinary therapy.,Immediate veterinary antibiotic injection + anti-inflammatory + frequent cold water fanning and stripping.
COW-2062,Kapila,Tharparkar,4.2,4,102,14.6,14.1,3.4,4.56,4.66,4.71,4.53,4.71,0.18,80195,38.3,6.56,0,0,None,LOW,0,"Routine milking, clean dry udder cloth, post-milking dip (0.5% povidone iodine).",No medication needed. Maintain clean bedding and nutrition.
COW-2063,Kapila,Red Sindhi,7.4,1,63,11.0,10.9,0.6,5.12,4.94,5.09,5.18,5.18,0.24,143291,38.3,6.56,0,0,None,LOW,0,"Routine milking, clean dry udder cloth, post-milking dip (0.5% povidone iodine).",No medication needed. Maintain clean bedding and nutrition.
COW-2064,Surabhi,Gir,7.5,6,200,17.8,17.1,3.9,4.72,4.8,4.76,4.65,4.8,0.15,105157,38.7,6.5,0,0,None,LOW,0,"Routine milking, clean dry udder cloth, post-milking dip (0.5% povidone iodine).",No medication needed. Maintain clean bedding and nutrition.
COW-2065,Radha,HF Cross,5.0,4,271,25.4,6.4,74.9,6.54,6.78,6.84,6.71,6.84,0.3,1489880,40.6,7.18,2,2,RF,HIGH,54581,Urgent: Acute clinical mastitis! Isolate animal immediately. Call government veterinary officer (1962). Administer prescribed veterinary therapy.,Immediate veterinary antibiotic injection + anti-inflammatory + frequent cold water fanning and stripping.
COW-2066,Radha,Tharparkar,3.0,6,106,13.5,13.2,2.2,4.43,4.46,4.6,4.49,4.6,0.17,124752,38.2,6.55,0,0,None,LOW,0,"Routine milking, clean dry udder cloth, post-milking dip (0.5% povidone iodine).",No medication needed. Maintain clean bedding and nutrition.
COW-2067,Nandini,Gir,6.1,1,69,17.1,16.9,1.3,4.76,4.91,4.76,4.74,4.91,0.17,175362,38.3,6.56,0,0,None,LOW,0,"Routine milking, clean dry udder cloth, post-milking dip (0.5% povidone iodine).",No medication needed. Maintain clean bedding and nutrition.
COW-2068,Kapila,Red Sindhi,4.0,6,255,12.9,12.7,1.2,4.62,4.64,4.71,4.47,4.71,0.24,81147,38.6,6.54,0,0,None,LOW,0,"Routine milking, clean dry udder cloth, post-milking dip (0.5% povidone iodine).",No medication needed. Maintain clean bedding and nutrition.
COW-2069,Gauri,Sahiwal,8.5,2,46,16.9,8.8,47.9,7.48,7.78,7.84,7.55,7.84,0.36,1041817,39.9,7.25,2,2,LF,HIGH,38608,Urgent: Acute clinical mastitis! Isolate animal immediately. Call government veterinary officer (1962). Administer prescribed veterinary therapy.,Immediate veterinary antibiotic injection + anti-inflammatory + frequent cold water fanning and stripping.
COW-2070,Lakshmi,Red Sindhi,5.5,3,214,10.2,8.2,19.5,4.93,5.01,6.71,4.78,6.71,1.93,304907,38.7,6.76,1,0,LH,MEDIUM,8819,Subclinical warning in LH quarter. Apply ICAR herbal paste 3x daily for 5 days. Strip affected quarter completely.,ICAR Formulation: 250g Aloe Vera + 50g Pure Turmeric + 15g Edible Lime (Chuna) ground into paste.
COW-2071,Sita,Rathi,4.5,1,233,13.6,13.2,3.0,4.9,4.92,4.92,4.7,4.92,0.22,141183,38.8,6.59,0,0,None,LOW,0,"Routine milking, clean dry udder cloth, post-milking dip (0.5% povidone iodine).",No medication needed. Maintain clean bedding and nutrition.
COW-2072,Radha,Tharparkar,4.5,6,186,11.8,11.8,0.0,4.64,4.83,4.7,4.66,4.83,0.19,81342,38.5,6.51,0,0,None,LOW,0,"Routine milking, clean dry udder cloth, post-milking dip (0.5% povidone iodine).",No medication needed. Maintain clean bedding and nutrition.
COW-2073,Kalyani,Red Sindhi,7.3,6,82,12.8,12.6,1.9,4.75,4.8,4.83,4.72,4.83,0.11,104122,38.7,6.64,0,0,None,LOW,0,"Routine milking, clean dry udder cloth, post-milking dip (0.5% povidone iodine).",No medication needed. Maintain clean bedding and nutrition.
COW-2074,Radha,Murrah Buffalo,8.6,5,274,13.4,5.6,58.1,8.35,8.22,8.2,8.51,8.51,0.31,663554,40.1,7.3,2,2,LH,HIGH,41613,Urgent: Acute clinical mastitis! Isolate animal immediately. Call government veterinary officer (1962). Administer prescribed veterinary therapy.,Immediate veterinary antibiotic injection + anti-inflammatory + frequent cold water fanning and stripping.
COW-2075,Radha,Rathi,5.5,6,108,14.6,5.9,59.4,8.22,7.92,8.22,8.23,8.23,0.31,1261437,39.6,7.12,2,1,RF,HIGH,45280,Urgent: Acute clinical mastitis! Isolate animal immediately. Call government veterinary officer (1962). Administer prescribed veterinary therapy.,Immediate veterinary antibiotic injection + anti-inflammatory + frequent cold water fanning and stripping.
COW-2076,Sita,Rathi,3.7,6,161,13.8,13.6,1.3,5.07,4.88,5.02,4.97,5.07,0.19,127757,38.6,6.45,0,0,None,LOW,0,"Routine milking, clean dry udder cloth, post-milking dip (0.5% povidone iodine).",No medication needed. Maintain clean bedding and nutrition.
COW-2077,Meera,Tharparkar,5.9,3,247,13.2,12.9,2.4,4.79,5.0,4.96,5.01,5.01,0.22,135006,38.7,6.62,0,0,None,LOW,0,"Routine milking, clean dry udder cloth, post-milking dip (0.5% povidone iodine).",No medication needed. Maintain clean bedding and nutrition.
COW-2078,Lakshmi,Gir,3.8,3,265,16.7,6.3,62.0,8.15,8.09,8.0,8.43,8.43,0.43,920020,39.6,7.19,2,2,Both Hind,HIGH,48752,Urgent: Acute clinical mastitis! Isolate animal immediately. Call government veterinary officer (1962). Administer prescribed veterinary therapy.,Immediate veterinary antibiotic injection + anti-inflammatory + frequent cold water fanning and stripping.
COW-2079,Kamdhenu,Tharparkar,5.6,3,73,10.8,10.6,2.1,5.1,4.82,4.83,4.84,5.1,0.28,165057,38.8,6.62,0,0,None,LOW,0,"Routine milking, clean dry udder cloth, post-milking dip (0.5% povidone iodine).",No medication needed. Maintain clean bedding and nutrition.
COW-2080,Yamuna,Murrah Buffalo,3.4,1,228,13.2,6.8,48.4,6.39,6.91,6.75,6.49,6.91,0.52,1332873,40.0,7.23,2,1,Both Hind,HIGH,42090,Urgent: Acute clinical mastitis! Isolate animal immediately. Call government veterinary officer (1962). Administer prescribed veterinary therapy.,Immediate veterinary antibiotic injection + anti-inflammatory + frequent cold water fanning and stripping.
COW-2081,Sita,Red Sindhi,4.4,5,193,15.0,14.8,1.0,4.78,4.75,4.92,4.93,4.93,0.18,188417,38.3,6.68,0,0,None,LOW,0,"Routine milking, clean dry udder cloth, post-milking dip (0.5% povidone iodine).",No medication needed. Maintain clean bedding and nutrition.
COW-2082,Meera,Rathi,6.8,2,58,13.4,10.6,20.7,4.99,5.03,6.91,5.03,6.91,1.92,412780,38.5,6.87,0,1,LH,MEDIUM,8964,Subclinical warning in LH quarter. Apply ICAR herbal paste 3x daily for 5 days. Strip affected quarter completely.,ICAR Formulation: 250g Aloe Vera + 50g Pure Turmeric + 15g Edible Lime (Chuna) ground into paste.
COW-2083,Lakshmi,Sahiwal,7.2,4,209,16.7,16.2,3.0,4.98,4.99,4.9,5.12,5.12,0.22,104213,38.2,6.59,0,0,None,LOW,0,"Routine milking, clean dry udder cloth, post-milking dip (0.5% povidone iodine).",No medication needed. Maintain clean bedding and nutrition.
COW-2084,Kalyani,Rathi,7.8,1,289,14.6,14.4,1.4,4.88,5.02,4.86,4.76,5.02,0.26,100427,38.2,6.57,0,0,None,LOW,0,"Routine milking, clean dry udder cloth, post-milking dip (0.5% povidone iodine).",No medication needed. Maintain clean bedding and nutrition.
COW-2085,Yamuna,Rathi,5.2,4,117,12.2,9.7,20.8,4.76,4.7,4.74,6.7,6.7,2.0,358382,39.0,6.82,1,1,RH,MEDIUM,10747,Subclinical warning in RH quarter. Apply ICAR herbal paste 3x daily for 5 days. Strip affected quarter completely.,ICAR Formulation: 250g Aloe Vera + 50g Pure Turmeric + 15g Edible Lime (Chuna) ground into paste.
COW-2086,Lakshmi,HF Cross,9.0,2,45,21.6,18.3,15.2,4.94,4.84,4.97,6.61,6.61,1.77,449885,38.9,6.79,1,0,RH,MEDIUM,7371,Subclinical warning in RH quarter. Apply ICAR herbal paste 3x daily for 5 days. Strip affected quarter completely.,ICAR Formulation: 250g Aloe Vera + 50g Pure Turmeric + 15g Edible Lime (Chuna) ground into paste.
COW-2087,Nandini,Murrah Buffalo,5.8,2,124,17.1,15.2,11.1,5.27,7.24,5.2,5.0,7.24,2.24,210000,38.7,6.79,0,1,RF,MEDIUM,5547,Subclinical warning in RF quarter. Apply ICAR herbal paste 3x daily for 5 days. Strip affected quarter completely.,ICAR Formulation: 250g Aloe Vera + 50g Pure Turmeric + 15g Edible Lime (Chuna) ground into paste.
COW-2088,Yamuna,Murrah Buffalo,5.7,3,84,17.2,16.9,1.8,4.97,4.99,5.06,4.97,5.06,0.09,163610,38.6,6.51,0,0,None,LOW,0,"Routine milking, clean dry udder cloth, post-milking dip (0.5% povidone iodine).",No medication needed. Maintain clean bedding and nutrition.
COW-2089,Kamdhenu,Rathi,2.9,6,102,11.7,11.4,2.6,4.65,4.61,4.89,4.78,4.89,0.28,153503,38.8,6.63,0,0,None,LOW,0,"Routine milking, clean dry udder cloth, post-milking dip (0.5% povidone iodine).",No medication needed. Maintain clean bedding and nutrition.
COW-2090,Kamdhenu,Gir,7.9,3,103,17.2,13.9,19.2,4.96,5.19,7.12,4.91,7.12,2.21,324206,38.9,6.92,0,0,LH,MEDIUM,9026,Subclinical warning in LH quarter. Apply ICAR herbal paste 3x daily for 5 days. Strip affected quarter completely.,ICAR Formulation: 250g Aloe Vera + 50g Pure Turmeric + 15g Edible Lime (Chuna) ground into paste.
COW-2091,Ganga,Sahiwal,2.8,2,79,15.5,12.8,17.7,4.92,4.91,6.44,4.87,6.44,1.57,226705,38.7,6.76,0,0,LH,MEDIUM,8467,Subclinical warning in LH quarter. Apply ICAR herbal paste 3x daily for 5 days. Strip affected quarter completely.,ICAR Formulation: 250g Aloe Vera + 50g Pure Turmeric + 15g Edible Lime (Chuna) ground into paste.
COW-2092,Ganga,Gir,4.5,5,262,18.1,18.1,0.0,4.8,4.83,4.96,4.96,4.96,0.16,143270,38.7,6.54,0,0,None,LOW,0,"Routine milking, clean dry udder cloth, post-milking dip (0.5% povidone iodine).",No medication needed. Maintain clean bedding and nutrition.
COW-2093,Nandini,Red Sindhi,6.7,6,219,14.5,14.2,2.1,4.75,4.74,4.84,4.66,4.84,0.18,115572,38.7,6.61,0,0,None,LOW,0,"Routine milking, clean dry udder cloth, post-milking dip (0.5% povidone iodine).",No medication needed. Maintain clean bedding and nutrition.
COW-2094,Sita,Murrah Buffalo,8.4,1,223,14.3,14.3,0.2,4.51,4.59,4.43,4.6,4.6,0.17,120200,38.2,6.61,0,0,None,LOW,0,"Routine milking, clean dry udder cloth, post-milking dip (0.5% povidone iodine).",No medication needed. Maintain clean bedding and nutrition.
COW-2095,Bhavani,Sahiwal,5.6,5,83,17.9,17.8,0.6,4.5,4.56,4.63,4.64,4.64,0.14,195000,38.6,6.55,0,0,None,LOW,0,"Routine milking, clean dry udder cloth, post-milking dip (0.5% povidone iodine).",No medication needed. Maintain clean bedding and nutrition.
COW-2096,Kapila,HF Cross,5.8,2,249,19.0,8.3,56.3,8.63,8.65,8.27,8.13,8.65,0.52,1167469,40.1,7.42,2,2,RF,HIGH,43250,Urgent: Acute clinical mastitis! Isolate animal immediately. Call government veterinary officer (1962). Administer prescribed veterinary therapy.,Immediate veterinary antibiotic injection + anti-inflammatory + frequent cold water fanning and stripping.
COW-2097,Kamdhenu,Rathi,4.6,5,256,10.2,5.8,43.5,6.53,6.52,6.64,6.34,6.64,0.3,1265245,39.9,7.53,2,2,RH,HIGH,30731,Urgent: Acute clinical mastitis! Isolate animal immediately. Call government veterinary officer (1962). Administer prescribed veterinary therapy.,Immediate veterinary antibiotic injection + anti-inflammatory + frequent cold water fanning and stripping.
COW-2098,Lakshmi,Rathi,4.0,5,202,10.1,9.9,2.0,4.97,5.02,4.91,4.84,5.02,0.18,131725,38.7,6.54,0,0,None,LOW,0,"Routine milking, clean dry udder cloth, post-milking dip (0.5% povidone iodine).",No medication needed. Maintain clean bedding and nutrition.
COW-2099,Yamuna,Rathi,3.4,4,261,12.6,12.2,3.4,4.91,4.97,4.9,5.05,5.05,0.15,140888,38.2,6.7,0,0,None,LOW,0,"Routine milking, clean dry udder cloth, post-milking dip (0.5% povidone iodine).",No medication needed. Maintain clean bedding and nutrition.
COW-2100,Ganga,Red Sindhi,5.1,6,237,14.4,12.4,13.6,4.9,6.01,4.74,4.74,6.01,1.27,292196,38.5,6.85,0,0,RF,MEDIUM,7116,Subclinical warning in RF quarter. Apply ICAR herbal paste 3x daily for 5 days. Strip affected quarter completely.,ICAR Formulation: 250g Aloe Vera + 50g Pure Turmeric + 15g Edible Lime (Chuna) ground into paste.
COW-2101,Sita,Sahiwal,5.4,2,230,17.3,16.9,2.3,4.9,4.92,5.16,4.98,5.16,0.26,133034,38.6,6.59,0,0,None,LOW,0,"Routine milking, clean dry udder cloth, post-milking dip (0.5% povidone iodine).",No medication needed. Maintain clean bedding and nutrition.
COW-2102,Kapila,Red Sindhi,3.0,4,96,15.5,15.0,3.5,4.54,4.67,4.58,4.69,4.69,0.15,180655,38.6,6.52,0,0,None,LOW,0,"Routine milking, clean dry udder cloth, post-milking dip (0.5% povidone iodine).",No medication needed. Maintain clean bedding and nutrition.
COW-2103,Kalyani,Tharparkar,9.2,3,181,13.8,13.5,1.9,4.65,4.66,4.6,4.53,4.66,0.13,187421,38.9,6.51,0,0,None,LOW,0,"Routine milking, clean dry udder cloth, post-milking dip (0.5% povidone iodine).",No medication needed. Maintain clean bedding and nutrition.
COW-2104,Sita,Red Sindhi,8.8,2,23,12.6,12.0,4.4,5.0,5.21,5.21,4.93,5.21,0.28,57126,38.6,6.55,0,0,None,LOW,0,"Routine milking, clean dry udder cloth, post-milking dip (0.5% povidone iodine).",No medication needed. Maintain clean bedding and nutrition.
COW-2105,Sita,Murrah Buffalo,8.1,3,66,16.9,16.9,0.0,4.92,5.14,5.0,4.9,5.14,0.24,102888,38.2,6.55,0,0,None,LOW,0,"Routine milking, clean dry udder cloth, post-milking dip (0.5% povidone iodine).",No medication needed. Maintain clean bedding and nutrition.
COW-2106,Kamdhenu,HF Cross,6.3,3,223,23.9,23.9,0.0,4.57,4.6,4.69,4.83,4.83,0.26,156288,38.2,6.58,0,0,None,LOW,0,"Routine milking, clean dry udder cloth, post-milking dip (0.5% povidone iodine).",No medication needed. Maintain clean bedding and nutrition.
COW-2107,Kamdhenu,Red Sindhi,4.7,1,235,12.4,12.4,0.2,4.89,4.7,4.71,4.69,4.89,0.2,118789,38.8,6.6,0,0,None,LOW,0,"Routine milking, clean dry udder cloth, post-milking dip (0.5% povidone iodine).",No medication needed. Maintain clean bedding and nutrition.
COW-2108,Kapila,Tharparkar,9.0,4,121,12.4,11.0,11.2,4.91,4.77,6.87,4.85,6.87,2.1,317815,38.8,6.86,0,0,LH,MEDIUM,5727,Subclinical warning in LH quarter. Apply ICAR herbal paste 3x daily for 5 days. Strip affected quarter completely.,ICAR Formulation: 250g Aloe Vera + 50g Pure Turmeric + 15g Edible Lime (Chuna) ground into paste.
COW-2109,Yamuna,Tharparkar,5.9,1,89,16.0,15.9,0.6,4.5,4.75,4.57,4.66,4.75,0.25,82159,38.6,6.45,0,0,None,LOW,0,"Routine milking, clean dry udder cloth, post-milking dip (0.5% povidone iodine).",No medication needed. Maintain clean bedding and nutrition.
COW-2110,Kalyani,HF Cross,5.0,5,56,18.3,5.1,72.3,7.0,6.45,6.42,6.4,7.0,0.6,1029104,40.5,7.25,2,1,LH,HIGH,50553,Urgent: Acute clinical mastitis! Isolate animal immediately. Call government veterinary officer (1962). Administer prescribed veterinary therapy.,Immediate veterinary antibiotic injection + anti-inflammatory + frequent cold water fanning and stripping.
COW-2111,Kalyani,Tharparkar,3.3,5,161,13.7,13.5,1.4,4.93,4.87,5.03,4.93,5.03,0.16,80805,38.3,6.59,0,0,None,LOW,0,"Routine milking, clean dry udder cloth, post-milking dip (0.5% povidone iodine).",No medication needed. Maintain clean bedding and nutrition.
COW-2112,Gauri,Red Sindhi,7.4,1,266,13.6,11.7,13.7,7.05,4.8,4.89,4.88,7.05,2.25,279461,38.7,6.88,1,1,LF,MEDIUM,7947,Subclinical warning in LF quarter. Apply ICAR herbal paste 3x daily for 5 days. Strip affected quarter completely.,ICAR Formulation: 250g Aloe Vera + 50g Pure Turmeric + 15g Edible Lime (Chuna) ground into paste.
COW-2113,Devi,Sahiwal,8.1,3,179,15.3,15.3,0.0,4.78,4.79,5.03,4.82,5.03,0.25,111880,38.5,6.7,0,0,None,LOW,0,"Routine milking, clean dry udder cloth, post-milking dip (0.5% povidone iodine).",No medication needed. Maintain clean bedding and nutrition.
COW-2114,Kapila,Sahiwal,3.5,1,156,18.6,15.4,17.1,5.04,6.81,5.1,5.19,6.81,1.77,210000,39.0,6.77,0,1,RF,MEDIUM,8828,Subclinical warning in RF quarter. Apply ICAR herbal paste 3x daily for 5 days. Strip affected quarter completely.,ICAR Formulation: 250g Aloe Vera + 50g Pure Turmeric + 15g Edible Lime (Chuna) ground into paste.
COW-2115,Lakshmi,Murrah Buffalo,3.6,2,188,12.4,11.9,3.9,4.94,4.92,5.01,5.06,5.06,0.14,118861,38.3,6.56,0,0,None,LOW,0,"Routine milking, clean dry udder cloth, post-milking dip (0.5% povidone iodine).",No medication needed. Maintain clean bedding and nutrition.
COW-2116,Surabhi,Red Sindhi,7.5,3,242,10.8,10.8,0.0,5.06,5.02,5.2,5.1,5.2,0.18,158074,38.7,6.5,0,0,None,LOW,0,"Routine milking, clean dry udder cloth, post-milking dip (0.5% povidone iodine).",No medication needed. Maintain clean bedding and nutrition.
COW-2117,Tulsi,Sahiwal,2.6,2,140,16.5,16.1,2.3,4.99,5.21,5.02,5.12,5.21,0.22,50000,38.3,6.64,0,0,None,LOW,0,"Routine milking, clean dry udder cloth, post-milking dip (0.5% povidone iodine).",No medication needed. Maintain clean bedding and nutrition.
COW-2118,Radha,Sahiwal,7.5,4,31,18.6,16.3,12.5,5.06,4.95,6.8,5.2,6.8,1.85,304494,38.8,6.76,1,1,LH,MEDIUM,6962,Subclinical warning in LH quarter. Apply ICAR herbal paste 3x daily for 5 days. Strip affected quarter completely.,ICAR Formulation: 250g Aloe Vera + 50g Pure Turmeric + 15g Edible Lime (Chuna) ground into paste.
COW-2119,Surabhi,Rathi,9.5,5,112,12.6,7.4,41.6,7.54,7.44,7.43,7.56,7.56,0.13,1271665,40.5,7.05,2,2,LF,HIGH,29093,Urgent: Acute clinical mastitis! Isolate animal immediately. Call government veterinary officer (1962). Administer prescribed veterinary therapy.,Immediate veterinary antibiotic injection + anti-inflammatory + frequent cold water fanning and stripping.
COW-2120,Surabhi,Rathi,6.9,1,254,15.0,14.6,2.6,4.89,4.8,4.91,4.88,4.91,0.11,140487,38.7,6.56,0,0,None,LOW,0,"Routine milking, clean dry udder cloth, post-milking dip (0.5% povidone iodine).",No medication needed. Maintain clean bedding and nutrition.
COW-2121,Meera,Tharparkar,4.4,6,31,14.9,13.4,10.0,4.75,4.82,6.34,4.99,6.34,1.59,480000,38.8,6.85,0,0,LH,MEDIUM,6643,Subclinical warning in LH quarter. Apply ICAR herbal paste 3x daily for 5 days. Strip affected quarter completely.,ICAR Formulation: 250g Aloe Vera + 50g Pure Turmeric + 15g Edible Lime (Chuna) ground into paste.
COW-2122,Bhavani,Murrah Buffalo,6.2,5,225,12.1,3.1,74.6,8.17,7.97,8.15,7.82,8.17,0.35,941680,40.3,7.32,2,1,Both Front,HIGH,54050,Urgent: Acute clinical mastitis! Isolate animal immediately. Call government veterinary officer (1962). Administer prescribed veterinary therapy.,Immediate veterinary antibiotic injection + anti-inflammatory + frequent cold water fanning and stripping.
COW-2123,Gauri,Rathi,4.5,1,132,15.6,15.0,3.7,4.84,4.98,4.79,4.91,4.98,0.19,136819,38.3,6.59,0,0,None,LOW,0,"Routine milking, clean dry udder cloth, post-milking dip (0.5% povidone iodine).",No medication needed. Maintain clean bedding and nutrition.
COW-2124,Nandini,HF Cross,4.2,4,22,18.8,9.9,47.1,7.11,7.12,6.97,7.26,7.26,0.29,1357022,40.6,7.21,2,1,Both Front,HIGH,37471,Urgent: Acute clinical mastitis! Isolate animal immediately. Call government veterinary officer (1962). Administer prescribed veterinary therapy.,Immediate veterinary antibiotic injection + anti-inflammatory + frequent cold water fanning and stripping.
COW-2125,Kamdhenu,Red Sindhi,9.0,3,289,14.1,11.4,19.5,7.17,5.3,5.04,5.11,7.17,2.13,372493,38.9,6.74,1,0,LF,MEDIUM,8557,Subclinical warning in LF quarter. Apply ICAR herbal paste 3x daily for 5 days. Strip affected quarter completely.,ICAR Formulation: 250g Aloe Vera + 50g Pure Turmeric + 15g Edible Lime (Chuna) ground into paste.
COW-2126,Bhavani,Tharparkar,4.9,5,285,12.8,12.6,1.8,4.83,4.78,4.99,4.86,4.99,0.21,141148,38.3,6.54,0,0,None,LOW,0,"Routine milking, clean dry udder cloth, post-milking dip (0.5% povidone iodine).",No medication needed. Maintain clean bedding and nutrition.
COW-2127,Surabhi,Red Sindhi,3.8,3,21,15.5,12.1,21.9,6.59,5.15,5.2,5.25,6.59,1.44,340807,38.5,6.9,1,0,LF,MEDIUM,9861,Subclinical warning in LF quarter. Apply ICAR herbal paste 3x daily for 5 days. Strip affected quarter completely.,ICAR Formulation: 250g Aloe Vera + 50g Pure Turmeric + 15g Edible Lime (Chuna) ground into paste.
COW-2128,Kalyani,Tharparkar,8.0,4,65,14.8,11.6,21.9,4.71,4.85,4.89,6.07,6.07,1.36,360040,38.6,6.72,0,1,RH,MEDIUM,10306,Subclinical warning in RH quarter. Apply ICAR herbal paste 3x daily for 5 days. Strip affected quarter completely.,ICAR Formulation: 250g Aloe Vera + 50g Pure Turmeric + 15g Edible Lime (Chuna) ground into paste.
COW-2129,Bhavani,Tharparkar,5.2,6,200,11.2,11.1,1.0,4.62,4.73,4.92,4.9,4.92,0.3,124928,38.4,6.59,0,0,None,LOW,0,"Routine milking, clean dry udder cloth, post-milking dip (0.5% povidone iodine).",No medication needed. Maintain clean bedding and nutrition.
COW-2130,Gauri,Murrah Buffalo,5.4,1,173,17.2,16.8,2.5,5.03,5.02,4.89,4.9,5.03,0.14,59739,38.4,6.56,0,0,None,LOW,0,"Routine milking, clean dry udder cloth, post-milking dip (0.5% povidone iodine).",No medication needed. Maintain clean bedding and nutrition.
COW-2131,Kapila,Rathi,9.5,6,186,10.7,8.8,18.0,4.83,4.8,6.96,4.7,6.96,2.26,271126,39.2,6.72,0,1,LH,MEDIUM,9470,Subclinical warning in LH quarter. Apply ICAR herbal paste 3x daily for 5 days. Strip affected quarter completely.,ICAR Formulation: 250g Aloe Vera + 50g Pure Turmeric + 15g Edible Lime (Chuna) ground into paste.
COW-2132,Surabhi,Sahiwal,4.5,4,50,19.9,19.6,1.6,4.87,4.77,4.66,4.73,4.87,0.21,175890,38.5,6.63,0,0,None,LOW,0,"Routine milking, clean dry udder cloth, post-milking dip (0.5% povidone iodine).",No medication needed. Maintain clean bedding and nutrition.
COW-2133,Ganga,HF Cross,3.2,2,280,22.8,9.1,60.2,7.01,6.89,6.62,6.5,7.01,0.51,1598844,40.0,7.09,2,1,LH,HIGH,41893,Urgent: Acute clinical mastitis! Isolate animal immediately. Call government veterinary officer (1962). Administer prescribed veterinary therapy.,Immediate veterinary antibiotic injection + anti-inflammatory + frequent cold water fanning and stripping.
COW-2134,Lakshmi,Murrah Buffalo,4.7,5,289,17.5,16.9,3.4,5.06,5.04,4.94,5.05,5.06,0.12,179717,38.5,6.59,0,0,None,LOW,0,"Routine milking, clean dry udder cloth, post-milking dip (0.5% povidone iodine).",No medication needed. Maintain clean bedding and nutrition.
COW-2135,Gauri,Murrah Buffalo,3.2,4,32,13.9,5.5,60.6,7.68,7.55,7.56,8.09,8.09,0.54,838815,40.4,7.16,2,1,LF,HIGH,46114,Urgent: Acute clinical mastitis! Isolate animal immediately. Call government veterinary officer (1962). Administer prescribed veterinary therapy.,Immediate veterinary antibiotic injection + anti-inflammatory + frequent cold water fanning and stripping.
COW-2136,Lakshmi,Tharparkar,8.2,4,289,10.6,10.6,0.3,5.18,4.99,5.01,4.97,5.18,0.21,125374,38.5,6.49,0,0,None,LOW,0,"Routine milking, clean dry udder cloth, post-milking dip (0.5% povidone iodine).",No medication needed. Maintain clean bedding and nutrition.
COW-2137,Devi,Rathi,7.4,1,20,12.8,10.7,16.3,4.92,5.99,4.79,4.93,5.99,1.2,414575,39.0,6.81,1,0,RF,MEDIUM,8213,Subclinical warning in RF quarter. Apply ICAR herbal paste 3x daily for 5 days. Strip affected quarter completely.,ICAR Formulation: 250g Aloe Vera + 50g Pure Turmeric + 15g Edible Lime (Chuna) ground into paste.
COW-2138,Yamuna,Sahiwal,2.9,2,210,15.2,15.0,1.2,4.68,4.73,4.83,4.64,4.83,0.19,138509,38.4,6.66,0,0,None,LOW,0,"Routine milking, clean dry udder cloth, post-milking dip (0.5% povidone iodine).",No medication needed. Maintain clean bedding and nutrition.
COW-2139,Meera,Rathi,8.5,1,227,11.5,9.5,17.7,6.57,5.1,5.11,5.08,6.57,1.49,336228,39.1,6.76,0,0,LF,MEDIUM,7966,Subclinical warning in LF quarter. Apply ICAR herbal paste 3x daily for 5 days. Strip affected quarter completely.,ICAR Formulation: 250g Aloe Vera + 50g Pure Turmeric + 15g Edible Lime (Chuna) ground into paste.
COW-2140,Tulsi,Gir,4.1,2,35,18.4,15.0,18.4,5.12,6.49,5.03,5.1,6.49,1.46,429115,38.5,6.95,1,0,RF,MEDIUM,8639,Subclinical warning in RF quarter. Apply ICAR herbal paste 3x daily for 5 days. Strip affected quarter completely.,ICAR Formulation: 250g Aloe Vera + 50g Pure Turmeric + 15g Edible Lime (Chuna) ground into paste.
COW-2141,Meera,Tharparkar,3.5,6,75,15.2,15.1,0.8,4.79,4.8,4.73,4.66,4.8,0.14,116956,38.5,6.47,0,0,None,LOW,0,"Routine milking, clean dry udder cloth, post-milking dip (0.5% povidone iodine).",No medication needed. Maintain clean bedding and nutrition.
COW-2142,Gauri,Sahiwal,3.9,3,108,19.2,8.4,56.2,6.98,6.85,6.71,6.69,6.98,0.29,836067,40.0,7.23,2,1,Both Front,HIGH,37076,Urgent: Acute clinical mastitis! Isolate animal immediately. Call government veterinary officer (1962). Administer prescribed veterinary therapy.,Immediate veterinary antibiotic injection + anti-inflammatory + frequent cold water fanning and stripping.
COW-2143,Tulsi,Tharparkar,6.2,2,223,10.7,10.7,0.0,4.57,4.75,4.66,4.75,4.75,0.18,163522,38.5,6.6,0,0,None,LOW,0,"Routine milking, clean dry udder cloth, post-milking dip (0.5% povidone iodine).",No medication needed. Maintain clean bedding and nutrition.
COW-2144,Kamdhenu,Rathi,5.7,3,126,12.7,10.2,19.4,5.26,5.05,6.45,5.1,6.45,1.4,258347,39.2,6.76,1,1,LH,MEDIUM,8738,Subclinical warning in LH quarter. Apply ICAR herbal paste 3x daily for 5 days. Strip affected quarter completely.,ICAR Formulation: 250g Aloe Vera + 50g Pure Turmeric + 15g Edible Lime (Chuna) ground into paste.
COW-2145,Yamuna,Rathi,7.0,2,68,11.6,11.2,3.1,4.53,4.76,4.66,4.6,4.76,0.23,187967,38.5,6.58,0,0,None,LOW,0,"Routine milking, clean dry udder cloth, post-milking dip (0.5% povidone iodine).",No medication needed. Maintain clean bedding and nutrition.
COW-2146,Surabhi,Gir,2.9,1,135,19.4,19.1,1.4,4.78,4.78,4.75,4.67,4.78,0.11,174516,38.5,6.56,0,0,None,LOW,0,"Routine milking, clean dry udder cloth, post-milking dip (0.5% povidone iodine).",No medication needed. Maintain clean bedding and nutrition.
COW-2147,Devi,Rathi,9.0,6,266,15.9,15.5,2.4,5.02,5.13,5.09,5.1,5.13,0.11,141828,38.7,6.58,0,0,None,LOW,0,"Routine milking, clean dry udder cloth, post-milking dip (0.5% povidone iodine).",No medication needed. Maintain clean bedding and nutrition.
COW-2148,Lakshmi,Tharparkar,3.9,1,168,14.3,14.3,0.0,4.85,4.83,4.89,5.02,5.02,0.19,187342,38.6,6.6,0,0,None,LOW,0,"Routine milking, clean dry udder cloth, post-milking dip (0.5% povidone iodine).",No medication needed. Maintain clean bedding and nutrition.
COW-2149,Sita,Rathi,6.4,1,206,12.8,12.7,0.7,4.51,4.6,4.64,4.57,4.64,0.13,50000,38.6,6.57,0,0,None,LOW,0,"Routine milking, clean dry udder cloth, post-milking dip (0.5% povidone iodine).",No medication needed. Maintain clean bedding and nutrition.
COW-2150,Nandini,Tharparkar,4.1,5,20,14.1,13.9,1.6,4.96,5.15,4.95,5.01,5.15,0.2,138523,38.5,6.65,0,0,None,LOW,0,"Routine milking, clean dry udder cloth, post-milking dip (0.5% povidone iodine).",No medication needed. Maintain clean bedding and nutrition.
COW-2151,Tulsi,Gir,3.2,5,237,18.3,17.9,2.3,4.59,4.49,4.48,4.65,4.65,0.17,103857,38.7,6.57,0,0,None,LOW,0,"Routine milking, clean dry udder cloth, post-milking dip (0.5% povidone iodine).",No medication needed. Maintain clean bedding and nutrition.
COW-2152,Kamdhenu,Murrah Buffalo,7.0,4,119,12.6,4.2,66.6,6.92,6.91,6.76,6.82,6.92,0.16,1032906,39.9,7.26,2,1,Both Hind,HIGH,49098,Urgent: Acute clinical mastitis! Isolate animal immediately. Call government veterinary officer (1962). Administer prescribed veterinary therapy.,Immediate veterinary antibiotic injection + anti-inflammatory + frequent cold water fanning and stripping.
COW-2153,Tulsi,Murrah Buffalo,6.3,6,15,17.6,17.6,0.0,5.18,5.21,4.98,5.1,5.21,0.23,130449,38.6,6.56,0,0,None,LOW,0,"Routine milking, clean dry udder cloth, post-milking dip (0.5% povidone iodine).",No medication needed. Maintain clean bedding and nutrition.
COW-2154,Meera,Rathi,4.4,4,190,15.6,13.7,11.9,4.59,6.09,4.57,4.65,6.09,1.52,289705,39.0,6.8,0,0,RF,MEDIUM,6066,Subclinical warning in RF quarter. Apply ICAR herbal paste 3x daily for 5 days. Strip affected quarter completely.,ICAR Formulation: 250g Aloe Vera + 50g Pure Turmeric + 15g Edible Lime (Chuna) ground into paste.
COW-2155,Kalyani,Sahiwal,3.9,3,247,14.4,14.4,0.0,4.73,4.94,4.94,4.83,4.94,0.21,121376,38.7,6.54,0,0,None,LOW,0,"Routine milking, clean dry udder cloth, post-milking dip (0.5% povidone iodine).",No medication needed. Maintain clean bedding and nutrition.
COW-2156,Bhavani,Red Sindhi,4.6,6,233,10.9,10.8,1.2,5.03,4.89,5.0,5.05,5.05,0.16,124377,38.4,6.52,0,0,None,LOW,0,"Routine milking, clean dry udder cloth, post-milking dip (0.5% povidone iodine).",No medication needed. Maintain clean bedding and nutrition.
COW-2157,Gauri,Red Sindhi,8.8,1,55,14.6,14.0,4.2,4.47,4.51,4.69,4.52,4.69,0.22,147202,38.5,6.6,0,0,None,LOW,0,"Routine milking, clean dry udder cloth, post-milking dip (0.5% povidone iodine).",No medication needed. Maintain clean bedding and nutrition.
COW-2158,Yamuna,HF Cross,6.4,6,283,25.6,10.3,59.9,8.7,8.26,8.77,8.49,8.77,0.51,1079992,40.3,7.17,2,2,Both Hind,HIGH,44911,Urgent: Acute clinical mastitis! Isolate animal immediately. Call government veterinary officer (1962). Administer prescribed veterinary therapy.,Immediate veterinary antibiotic injection + anti-inflammatory + frequent cold water fanning and stripping.
COW-2159,Ganga,Rathi,8.4,4,154,11.9,9.6,19.6,6.58,4.88,4.79,4.68,6.58,1.9,260754,38.7,6.78,0,0,LF,MEDIUM,8830,Subclinical warning in LF quarter. Apply ICAR herbal paste 3x daily for 5 days. Strip affected quarter completely.,ICAR Formulation: 250g Aloe Vera + 50g Pure Turmeric + 15g Edible Lime (Chuna) ground into paste.
COW-2160,Tulsi,HF Cross,6.2,1,257,21.2,16.9,20.3,4.63,5.98,4.82,4.65,5.98,1.35,345163,39.3,6.76,0,0,RF,MEDIUM,9708,Subclinical warning in RF quarter. Apply ICAR herbal paste 3x daily for 5 days. Strip affected quarter completely.,ICAR Formulation: 250g Aloe Vera + 50g Pure Turmeric + 15g Edible Lime (Chuna) ground into paste.
COW-2161,Yamuna,Gir,4.9,5,59,15.6,15.3,1.9,4.49,4.56,4.69,4.49,4.69,0.2,115418,38.5,6.6,0,0,None,LOW,0,"Routine milking, clean dry udder cloth, post-milking dip (0.5% povidone iodine).",No medication needed. Maintain clean bedding and nutrition.
COW-2162,Bhavani,Red Sindhi,4.0,6,57,13.1,10.2,21.9,6.79,4.79,4.99,4.9,6.79,2.0,409886,38.5,6.72,1,0,LF,MEDIUM,9232,Subclinical warning in LF quarter. Apply ICAR herbal paste 3x daily for 5 days. Strip affected quarter completely.,ICAR Formulation: 250g Aloe Vera + 50g Pure Turmeric + 15g Edible Lime (Chuna) ground into paste.
COW-2163,Bhavani,Gir,8.0,6,24,19.2,15.1,21.4,6.25,4.95,4.89,4.74,6.25,1.51,285288,39.1,6.72,0,1,LF,MEDIUM,10594,Subclinical warning in LF quarter. Apply ICAR herbal paste 3x daily for 5 days. Strip affected quarter completely.,ICAR Formulation: 250g Aloe Vera + 50g Pure Turmeric + 15g Edible Lime (Chuna) ground into paste.
COW-2164,Devi,Rathi,7.0,1,25,14.3,7.3,49.1,7.03,7.51,7.35,7.41,7.51,0.48,600000,40.4,7.29,2,1,LH,HIGH,41491,Urgent: Acute clinical mastitis! Isolate animal immediately. Call government veterinary officer (1962). Administer prescribed veterinary therapy.,Immediate veterinary antibiotic injection + anti-inflammatory + frequent cold water fanning and stripping.
COW-2165,Kalyani,Sahiwal,6.7,5,288,16.9,16.6,1.7,4.92,4.95,5.13,5.05,5.13,0.21,91842,38.3,6.52,0,0,None,LOW,0,"Routine milking, clean dry udder cloth, post-milking dip (0.5% povidone iodine).",No medication needed. Maintain clean bedding and nutrition.
COW-2166,Bhavani,Gir,4.7,4,32,17.0,17.0,0.2,4.39,4.58,4.64,4.49,4.64,0.25,108078,38.6,6.45,0,0,None,LOW,0,"Routine milking, clean dry udder cloth, post-milking dip (0.5% povidone iodine).",No medication needed. Maintain clean bedding and nutrition.
COW-2167,Gauri,Murrah Buffalo,3.1,6,276,13.7,13.3,2.7,4.61,4.7,4.82,4.73,4.82,0.21,90588,38.4,6.55,0,0,None,LOW,0,"Routine milking, clean dry udder cloth, post-milking dip (0.5% povidone iodine).",No medication needed. Maintain clean bedding and nutrition.
COW-2168,Nandini,Murrah Buffalo,7.1,3,170,16.9,14.0,17.2,5.08,4.93,5.06,6.51,6.51,1.58,210000,38.8,6.86,1,1,RH,MEDIUM,9130,Subclinical warning in RH quarter. Apply ICAR herbal paste 3x daily for 5 days. Strip affected quarter completely.,ICAR Formulation: 250g Aloe Vera + 50g Pure Turmeric + 15g Edible Lime (Chuna) ground into paste.
COW-2169,Lakshmi,Red Sindhi,6.9,6,281,11.1,11.1,0.0,4.52,4.55,4.63,4.76,4.76,0.24,194982,38.4,6.6,0,0,None,LOW,0,"Routine milking, clean dry udder cloth, post-milking dip (0.5% povidone iodine).",No medication needed. Maintain clean bedding and nutrition.
COW-2170,Kamdhenu,Rathi,8.9,6,14,11.6,10.2,12.3,4.97,6.89,4.9,4.88,6.89,2.01,210000,39.0,6.82,0,1,RF,MEDIUM,6353,Subclinical warning in RF quarter. Apply ICAR herbal paste 3x daily for 5 days. Strip affected quarter completely.,ICAR Formulation: 250g Aloe Vera + 50g Pure Turmeric + 15g Edible Lime (Chuna) ground into paste.
COW-2171,Meera,Sahiwal,7.2,2,216,17.7,16.9,4.3,4.62,4.65,4.67,4.57,4.67,0.1,171247,38.2,6.61,0,0,None,LOW,0,"Routine milking, clean dry udder cloth, post-milking dip (0.5% povidone iodine).",No medication needed. Maintain clean bedding and nutrition.
COW-2172,Ganga,Gir,4.2,4,78,16.2,14.0,13.5,4.75,4.89,4.68,6.83,6.83,2.15,349379,38.9,6.82,1,0,RH,MEDIUM,6951,Subclinical warning in RH quarter. Apply ICAR herbal paste 3x daily for 5 days. Strip affected quarter completely.,ICAR Formulation: 250g Aloe Vera + 50g Pure Turmeric + 15g Edible Lime (Chuna) ground into paste.
COW-2173,Bhavani,Murrah Buffalo,7.8,1,107,14.4,14.1,2.3,4.86,4.96,4.84,5.04,5.04,0.2,75019,38.8,6.54,0,0,None,LOW,0,"Routine milking, clean dry udder cloth, post-milking dip (0.5% povidone iodine).",No medication needed. Maintain clean bedding and nutrition.
COW-2174,Devi,HF Cross,2.7,1,252,21.0,20.8,1.0,4.61,4.69,4.76,4.67,4.76,0.15,75293,38.3,6.67,0,0,None,LOW,0,"Routine milking, clean dry udder cloth, post-milking dip (0.5% povidone iodine).",No medication needed. Maintain clean bedding and nutrition.
COW-2175,Devi,Gir,7.9,6,67,16.2,15.7,2.8,4.7,4.95,4.75,4.94,4.95,0.25,180864,38.5,6.47,0,0,None,LOW,0,"Routine milking, clean dry udder cloth, post-milking dip (0.5% povidone iodine).",No medication needed. Maintain clean bedding and nutrition.
COW-2176,Kapila,Rathi,8.3,1,186,10.2,8.9,12.3,7.22,5.11,5.11,5.34,7.22,2.11,278707,39.0,6.82,1,1,LF,MEDIUM,7614,Subclinical warning in LF quarter. Apply ICAR herbal paste 3x daily for 5 days. Strip affected quarter completely.,ICAR Formulation: 250g Aloe Vera + 50g Pure Turmeric + 15g Edible Lime (Chuna) ground into paste.
COW-2177,Tulsi,Gir,5.3,2,84,18.8,18.4,2.2,4.91,4.92,5.04,4.81,5.04,0.23,75990,38.5,6.7,0,0,None,LOW,0,"Routine milking, clean dry udder cloth, post-milking dip (0.5% povidone iodine).",No medication needed. Maintain clean bedding and nutrition.
COW-2178,Lakshmi,Rathi,9.3,2,58,13.8,13.6,1.8,4.6,4.58,4.55,4.74,4.74,0.19,127986,38.7,6.59,0,0,None,LOW,0,"Routine milking, clean dry udder cloth, post-milking dip (0.5% povidone iodine).",No medication needed. Maintain clean bedding and nutrition.
COW-2179,Kalyani,Gir,7.6,1,270,17.0,7.1,58.4,6.97,6.91,6.86,6.82,6.97,0.15,817931,40.3,7.41,2,1,RH,HIGH,37374,Urgent: Acute clinical mastitis! Isolate animal immediately. Call government veterinary officer (1962). Administer prescribed veterinary therapy.,Immediate veterinary antibiotic injection + anti-inflammatory + frequent cold water fanning and stripping.
COW-2180,Devi,Sahiwal,4.0,1,27,17.5,17.5,0.2,4.76,4.85,4.76,4.6,4.85,0.25,100737,38.8,6.57,0,0,None,LOW,0,"Routine milking, clean dry udder cloth, post-milking dip (0.5% povidone iodine).",No medication needed. Maintain clean bedding and nutrition.
COW-2181,Tulsi,Tharparkar,4.8,6,266,11.6,11.5,1.1,4.97,5.15,5.06,4.94,5.15,0.21,164917,38.4,6.63,0,0,None,LOW,0,"Routine milking, clean dry udder cloth, post-milking dip (0.5% povidone iodine).",No medication needed. Maintain clean bedding and nutrition.
COW-2182,Sita,HF Cross,4.0,3,189,19.1,19.1,0.0,4.56,4.57,4.69,4.77,4.77,0.21,127906,38.6,6.6,0,0,None,LOW,0,"Routine milking, clean dry udder cloth, post-milking dip (0.5% povidone iodine).",No medication needed. Maintain clean bedding and nutrition.
COW-2183,Radha,Gir,6.3,2,130,16.4,16.3,0.7,5.03,5.08,4.98,4.9,5.08,0.18,90756,38.7,6.57,0,0,None,LOW,0,"Routine milking, clean dry udder cloth, post-milking dip (0.5% povidone iodine).",No medication needed. Maintain clean bedding and nutrition.
COW-2184,Tulsi,Sahiwal,9.1,5,270,14.9,14.7,1.3,4.62,4.54,4.59,4.53,4.62,0.09,82449,38.3,6.46,0,0,None,LOW,0,"Routine milking, clean dry udder cloth, post-milking dip (0.5% povidone iodine).",No medication needed. Maintain clean bedding and nutrition.
COW-2185,Tulsi,Red Sindhi,7.6,2,278,13.2,6.1,53.8,8.24,8.33,8.06,8.15,8.33,0.27,990546,39.8,7.24,2,2,LF,HIGH,35659,Urgent: Acute clinical mastitis! Isolate animal immediately. Call government veterinary officer (1962). Administer prescribed veterinary therapy.,Immediate veterinary antibiotic injection + anti-inflammatory + frequent cold water fanning and stripping.
COW-2186,Yamuna,HF Cross,3.2,6,77,21.4,17.7,17.3,6.77,5.04,5.29,5.13,6.77,1.73,345477,39.3,6.72,0,1,LF,MEDIUM,7870,Subclinical warning in LF quarter. Apply ICAR herbal paste 3x daily for 5 days. Strip affected quarter completely.,ICAR Formulation: 250g Aloe Vera + 50g Pure Turmeric + 15g Edible Lime (Chuna) ground into paste.
COW-2187,Gauri,Tharparkar,3.0,6,120,10.6,10.4,1.8,4.75,4.59,4.73,4.63,4.75,0.16,170578,38.7,6.53,0,0,None,LOW,0,"Routine milking, clean dry udder cloth, post-milking dip (0.5% povidone iodine).",No medication needed. Maintain clean bedding and nutrition.
COW-2188,Ganga,Tharparkar,6.5,4,260,12.5,12.2,2.4,5.08,5.19,5.14,4.98,5.19,0.21,113982,38.5,6.67,0,0,None,LOW,0,"Routine milking, clean dry udder cloth, post-milking dip (0.5% povidone iodine).",No medication needed. Maintain clean bedding and nutrition.
COW-2189,Lakshmi,Gir,4.2,5,14,18.8,7.8,58.5,7.03,7.4,7.43,7.33,7.43,0.4,1378012,40.0,7.05,2,2,RF,HIGH,38005,Urgent: Acute clinical mastitis! Isolate animal immediately. Call government veterinary officer (1962). Administer prescribed veterinary therapy.,Immediate veterinary antibiotic injection + anti-inflammatory + frequent cold water fanning and stripping.
COW-2190,Meera,Sahiwal,7.0,5,75,14.3,12.8,10.8,4.9,5.14,5.05,6.83,6.83,1.93,305407,39.1,6.72,1,1,RH,MEDIUM,6455,Subclinical warning in RH quarter. Apply ICAR herbal paste 3x daily for 5 days. Strip affected quarter completely.,ICAR Formulation: 250g Aloe Vera + 50g Pure Turmeric + 15g Edible Lime (Chuna) ground into paste.
COW-2191,Ganga,Gir,7.5,4,142,17.5,17.4,0.3,5.02,4.99,4.99,5.03,5.03,0.04,93071,38.5,6.52,0,0,None,LOW,0,"Routine milking, clean dry udder cloth, post-milking dip (0.5% povidone iodine).",No medication needed. Maintain clean bedding and nutrition.
COW-2192,Sita,Red Sindhi,5.1,6,163,15.0,12.5,16.8,4.75,4.64,4.83,6.58,6.58,1.94,290348,38.5,6.74,0,1,RH,MEDIUM,8537,Subclinical warning in RH quarter. Apply ICAR herbal paste 3x daily for 5 days. Strip affected quarter completely.,ICAR Formulation: 250g Aloe Vera + 50g Pure Turmeric + 15g Edible Lime (Chuna) ground into paste.
COW-2193,Kamdhenu,Murrah Buffalo,2.6,5,170,15.4,12.4,19.4,5.29,6.6,5.28,5.27,6.6,1.33,369239,38.5,6.72,1,1,RF,MEDIUM,9444,Subclinical warning in RF quarter. Apply ICAR herbal paste 3x daily for 5 days. Strip affected quarter completely.,ICAR Formulation: 250g Aloe Vera + 50g Pure Turmeric + 15g Edible Lime (Chuna) ground into paste.
COW-2194,Yamuna,Gir,5.4,6,23,19.9,19.7,0.8,4.62,4.82,4.88,4.6,4.88,0.28,107949,38.6,6.57,0,0,None,LOW,0,"Routine milking, clean dry udder cloth, post-milking dip (0.5% povidone iodine).",No medication needed. Maintain clean bedding and nutrition.
COW-2195,Kapila,Sahiwal,7.7,3,128,17.1,16.7,2.1,4.93,4.86,4.83,5.04,5.04,0.21,131552,38.2,6.61,0,0,None,LOW,0,"Routine milking, clean dry udder cloth, post-milking dip (0.5% povidone iodine).",No medication needed. Maintain clean bedding and nutrition.
COW-2196,Ganga,HF Cross,8.8,1,157,24.6,11.8,51.9,8.05,8.06,8.39,8.34,8.39,0.34,1056742,40.6,7.08,2,1,RH,HIGH,40605,Urgent: Acute clinical mastitis! Isolate animal immediately. Call government veterinary officer (1962). Administer prescribed veterinary therapy.,Immediate veterinary antibiotic injection + anti-inflammatory + frequent cold water fanning and stripping.
COW-2197,Sita,Red Sindhi,5.0,6,87,12.6,12.4,1.5,4.93,4.93,4.94,4.84,4.94,0.1,169476,38.5,6.56,0,0,None,LOW,0,"Routine milking, clean dry udder cloth, post-milking dip (0.5% povidone iodine).",No medication needed. Maintain clean bedding and nutrition.
COW-2198,Kalyani,Sahiwal,2.6,4,230,14.6,11.7,20.1,5.18,6.4,5.03,5.21,6.4,1.37,312491,39.1,6.73,1,1,RF,MEDIUM,9643,Subclinical warning in RF quarter. Apply ICAR herbal paste 3x daily for 5 days. Strip affected quarter completely.,ICAR Formulation: 250g Aloe Vera + 50g Pure Turmeric + 15g Edible Lime (Chuna) ground into paste.
COW-2199,Ganga,Sahiwal,6.6,3,272,15.6,6.6,58.0,7.96,8.32,7.87,8.27,8.32,0.45,933118,40.6,7.16,2,2,LF,HIGH,43378,Urgent: Acute clinical mastitis! Isolate animal immediately. Call government veterinary officer (1962). Administer prescribed veterinary therapy.,Immediate veterinary antibiotic injection + anti-inflammatory + frequent cold water fanning and stripping.
COW-2200,Kamdhenu,Gir,3.3,4,269,15.2,14.8,2.5,4.65,4.71,4.71,4.47,4.71,0.24,161518,38.8,6.56,0,0,None,LOW,0,"Routine milking, clean dry udder cloth, post-milking dip (0.5% povidone iodine).",No medication needed. Maintain clean bedding and nutrition.
COW-2201,Kamdhenu,Tharparkar,6.2,5,154,10.5,8.3,20.5,6.85,5.11,5.21,5.24,6.85,1.74,239241,39.0,6.84,1,1,LF,MEDIUM,9959,Subclinical warning in LF quarter. Apply ICAR herbal paste 3x daily for 5 days. Strip affected quarter completely.,ICAR Formulation: 250g Aloe Vera + 50g Pure Turmeric + 15g Edible Lime (Chuna) ground into paste.
COW-2202,Ganga,Gir,7.6,2,155,15.6,8.6,44.9,7.25,7.18,7.51,7.35,7.51,0.33,1365563,39.9,7.05,2,2,RH,HIGH,37194,Urgent: Acute clinical mastitis! Isolate animal immediately. Call government veterinary officer (1962). Administer prescribed veterinary therapy.,Immediate veterinary antibiotic injection + anti-inflammatory + frequent cold water fanning and stripping.
COW-2203,Gauri,Sahiwal,6.7,3,21,17.3,16.8,2.9,5.09,5.12,5.15,5.15,5.15,0.06,147613,38.2,6.56,0,0,None,LOW,0,"Routine milking, clean dry udder cloth, post-milking dip (0.5% povidone iodine).",No medication needed. Maintain clean bedding and nutrition.
COW-2204,Ganga,Rathi,7.4,5,46,14.6,14.5,0.5,4.75,4.75,4.61,4.65,4.75,0.14,136716,38.9,6.64,0,0,None,LOW,0,"Routine milking, clean dry udder cloth, post-milking dip (0.5% povidone iodine).",No medication needed. Maintain clean bedding and nutrition.
COW-2205,Meera,Tharparkar,4.1,2,172,12.1,7.2,40.4,7.47,6.95,7.22,6.94,7.47,0.53,1209559,40.2,7.05,2,1,RF,HIGH,29865,Urgent: Acute clinical mastitis! Isolate animal immediately. Call government veterinary officer (1962). Administer prescribed veterinary therapy.,Immediate veterinary antibiotic injection + anti-inflammatory + frequent cold water fanning and stripping.
COW-2206,Kamdhenu,Rathi,3.6,4,69,11.3,11.1,1.6,5.14,4.94,4.99,5.01,5.14,0.2,97086,38.4,6.46,0,0,None,LOW,0,"Routine milking, clean dry udder cloth, post-milking dip (0.5% povidone iodine).",No medication needed. Maintain clean bedding and nutrition.
COW-2207,Nandini,Tharparkar,3.3,2,241,10.4,8.3,20.4,4.88,4.92,6.1,4.88,6.1,1.22,302564,38.5,6.85,1,0,LH,MEDIUM,10632,Subclinical warning in LH quarter. Apply ICAR herbal paste 3x daily for 5 days. Strip affected quarter completely.,ICAR Formulation: 250g Aloe Vera + 50g Pure Turmeric + 15g Edible Lime (Chuna) ground into paste.
COW-2208,Kalyani,Gir,5.5,3,39,15.4,15.0,2.4,4.53,4.64,4.53,4.54,4.64,0.11,155055,38.5,6.56,0,0,None,LOW,0,"Routine milking, clean dry udder cloth, post-milking dip (0.5% povidone iodine).",No medication needed. Maintain clean bedding and nutrition.
COW-2209,Kapila,HF Cross,8.0,6,274,19.4,19.0,1.9,4.41,4.39,4.51,4.6,4.6,0.21,153807,38.6,6.53,0,0,None,LOW,0,"Routine milking, clean dry udder cloth, post-milking dip (0.5% povidone iodine).",No medication needed. Maintain clean bedding and nutrition.
COW-2210,Yamuna,Red Sindhi,3.8,6,111,11.6,4.5,61.2,6.87,6.98,6.84,6.98,6.98,0.14,1618418,40.0,7.56,2,1,RH,HIGH,45579,Urgent: Acute clinical mastitis! Isolate animal immediately. Call government veterinary officer (1962). Administer prescribed veterinary therapy.,Immediate veterinary antibiotic injection + anti-inflammatory + frequent cold water fanning and stripping.
COW-2211,Kalyani,Red Sindhi,4.1,5,136,15.3,12.4,18.9,5.12,6.62,4.92,4.99,6.62,1.7,283205,38.8,6.77,1,1,RF,MEDIUM,8939,Subclinical warning in RF quarter. Apply ICAR herbal paste 3x daily for 5 days. Strip affected quarter completely.,ICAR Formulation: 250g Aloe Vera + 50g Pure Turmeric + 15g Edible Lime (Chuna) ground into paste.
COW-2212,Gauri,Gir,5.7,6,43,16.4,5.4,66.8,8.31,8.49,8.52,8.01,8.52,0.51,1278144,39.6,7.17,2,2,RF,HIGH,50257,Urgent: Acute clinical mastitis! Isolate animal immediately. Call government veterinary officer (1962). Administer prescribed veterinary therapy.,Immediate veterinary antibiotic injection + anti-inflammatory + frequent cold water fanning and stripping.
COW-2213,Ganga,Gir,7.1,2,104,15.3,14.9,2.5,4.78,4.87,5.02,4.86,5.02,0.24,91775,38.5,6.64,0,0,None,LOW,0,"Routine milking, clean dry udder cloth, post-milking dip (0.5% povidone iodine).",No medication needed. Maintain clean bedding and nutrition.
COW-2214,Bhavani,Murrah Buffalo,6.3,4,65,16.1,16.1,0.3,4.46,4.64,4.72,4.46,4.72,0.26,50000,38.9,6.6,0,0,None,LOW,0,"Routine milking, clean dry udder cloth, post-milking dip (0.5% povidone iodine).",No medication needed. Maintain clean bedding and nutrition.
COW-2215,Sita,Sahiwal,4.8,4,245,18.5,9.2,50.1,7.84,7.54,7.64,7.75,7.84,0.3,1254994,40.3,7.15,2,1,Both Hind,HIGH,35644,Urgent: Acute clinical mastitis! Isolate animal immediately. Call government veterinary officer (1962). Administer prescribed veterinary therapy.,Immediate veterinary antibiotic injection + anti-inflammatory + frequent cold water fanning and stripping.
COW-2216,Ganga,Gir,8.5,1,129,18.0,17.9,0.5,5.11,5.14,5.09,5.02,5.14,0.12,136927,38.4,6.56,0,0,None,LOW,0,"Routine milking, clean dry udder cloth, post-milking dip (0.5% povidone iodine).",No medication needed. Maintain clean bedding and nutrition.
COW-2217,Ganga,Murrah Buffalo,8.7,3,274,15.3,14.9,2.3,4.5,4.59,4.55,4.69,4.69,0.19,79856,38.5,6.62,0,0,None,LOW,0,"Routine milking, clean dry udder cloth, post-milking dip (0.5% povidone iodine).",No medication needed. Maintain clean bedding and nutrition.
COW-2218,Bhavani,Gir,7.4,4,58,16.1,15.6,2.8,5.01,5.0,4.95,5.12,5.12,0.17,158697,38.6,6.55,0,0,None,LOW,0,"Routine milking, clean dry udder cloth, post-milking dip (0.5% povidone iodine).",No medication needed. Maintain clean bedding and nutrition.
COW-2219,Gauri,Sahiwal,2.7,5,243,15.6,12.4,20.3,6.8,5.05,5.09,5.06,6.8,1.75,224973,38.6,6.74,1,1,LF,MEDIUM,10076,Subclinical warning in LF quarter. Apply ICAR herbal paste 3x daily for 5 days. Strip affected quarter completely.,ICAR Formulation: 250g Aloe Vera + 50g Pure Turmeric + 15g Edible Lime (Chuna) ground into paste.
COW-2220,Kalyani,Sahiwal,8.4,2,175,17.1,16.6,3.1,4.96,5.14,5.04,5.1,5.14,0.18,167801,38.7,6.61,0,0,None,LOW,0,"Routine milking, clean dry udder cloth, post-milking dip (0.5% povidone iodine).",No medication needed. Maintain clean bedding and nutrition.
COW-2221,Surabhi,HF Cross,3.8,6,133,20.9,17.7,15.5,6.56,5.11,5.0,5.1,6.56,1.56,258450,38.9,6.81,0,0,LF,MEDIUM,8303,Subclinical warning in LF quarter. Apply ICAR herbal paste 3x daily for 5 days. Strip affected quarter completely.,ICAR Formulation: 250g Aloe Vera + 50g Pure Turmeric + 15g Edible Lime (Chuna) ground into paste.
COW-2222,Kamdhenu,Sahiwal,4.5,5,102,18.7,18.3,2.3,4.65,4.85,4.69,4.75,4.85,0.2,159640,38.5,6.56,0,0,None,LOW,0,"Routine milking, clean dry udder cloth, post-milking dip (0.5% povidone iodine).",No medication needed. Maintain clean bedding and nutrition.
COW-2223,Meera,Sahiwal,5.0,5,162,15.1,15.1,0.0,5.13,5.14,5.18,5.16,5.18,0.05,160665,38.4,6.58,0,0,None,LOW,0,"Routine milking, clean dry udder cloth, post-milking dip (0.5% povidone iodine).",No medication needed. Maintain clean bedding and nutrition.
COW-2224,Kalyani,Red Sindhi,4.1,2,64,12.0,11.8,1.9,4.6,4.5,4.56,4.5,4.6,0.1,50000,38.5,6.62,0,0,None,LOW,0,"Routine milking, clean dry udder cloth, post-milking dip (0.5% povidone iodine).",No medication needed. Maintain clean bedding and nutrition.
COW-2225,Devi,Tharparkar,3.7,3,211,11.0,10.6,3.6,4.77,4.85,4.66,4.75,4.85,0.19,61765,38.4,6.45,0,0,None,LOW,0,"Routine milking, clean dry udder cloth, post-milking dip (0.5% povidone iodine).",No medication needed. Maintain clean bedding and nutrition.
COW-2226,Bhavani,HF Cross,5.1,2,270,18.8,16.2,13.9,5.02,4.88,6.93,4.85,6.93,2.08,243976,39.1,6.9,1,1,LH,MEDIUM,7948,Subclinical warning in LH quarter. Apply ICAR herbal paste 3x daily for 5 days. Strip affected quarter completely.,ICAR Formulation: 250g Aloe Vera + 50g Pure Turmeric + 15g Edible Lime (Chuna) ground into paste.
COW-2227,Gauri,Murrah Buffalo,8.3,2,15,13.2,10.9,17.2,7.25,5.24,5.01,5.24,7.25,2.24,256958,38.5,6.85,0,0,LF,MEDIUM,7927,Subclinical warning in LF quarter. Apply ICAR herbal paste 3x daily for 5 days. Strip affected quarter completely.,ICAR Formulation: 250g Aloe Vera + 50g Pure Turmeric + 15g Edible Lime (Chuna) ground into paste.
COW-2228,Yamuna,Red Sindhi,7.4,5,132,11.6,11.6,0.0,4.92,4.95,4.95,4.99,4.99,0.07,100448,38.5,6.55,0,0,None,LOW,0,"Routine milking, clean dry udder cloth, post-milking dip (0.5% povidone iodine).",No medication needed. Maintain clean bedding and nutrition.
COW-2229,Nandini,Red Sindhi,4.8,1,122,14.4,14.3,0.7,5.13,5.02,5.14,5.04,5.14,0.12,51933,38.5,6.55,0,0,None,LOW,0,"Routine milking, clean dry udder cloth, post-milking dip (0.5% povidone iodine).",No medication needed. Maintain clean bedding and nutrition.
COW-2230,Meera,Red Sindhi,5.5,3,35,10.1,8.7,14.2,5.09,6.28,5.18,5.14,6.28,1.19,368710,39.1,6.8,1,1,RF,MEDIUM,7730,Subclinical warning in RF quarter. Apply ICAR herbal paste 3x daily for 5 days. Strip affected quarter completely.,ICAR Formulation: 250g Aloe Vera + 50g Pure Turmeric + 15g Edible Lime (Chuna) ground into paste.
COW-2231,Yamuna,Gir,7.4,5,254,17.4,14.1,19.2,4.93,6.84,5.0,5.08,6.84,1.91,296158,38.9,6.72,1,0,RF,MEDIUM,10043,Subclinical warning in RF quarter. Apply ICAR herbal paste 3x daily for 5 days. Strip affected quarter completely.,ICAR Formulation: 250g Aloe Vera + 50g Pure Turmeric + 15g Edible Lime (Chuna) ground into paste.
COW-2232,Ganga,Murrah Buffalo,6.4,4,225,12.4,12.4,0.0,4.97,5.05,4.95,4.95,5.05,0.1,137810,38.6,6.62,0,0,None,LOW,0,"Routine milking, clean dry udder cloth, post-milking dip (0.5% povidone iodine).",No medication needed. Maintain clean bedding and nutrition.
COW-2233,Radha,Red Sindhi,3.7,4,184,13.1,3.9,70.3,7.14,7.2,7.01,6.98,7.2,0.22,933525,39.8,7.26,2,2,Both Front,HIGH,46062,Urgent: Acute clinical mastitis! Isolate animal immediately. Call government veterinary officer (1962). Administer prescribed veterinary therapy.,Immediate veterinary antibiotic injection + anti-inflammatory + frequent cold water fanning and stripping.
COW-2234,Yamuna,Sahiwal,4.6,5,72,19.8,17.1,13.7,5.05,5.32,5.04,6.55,6.55,1.51,353652,39.2,6.78,0,0,RH,MEDIUM,6443,Subclinical warning in RH quarter. Apply ICAR herbal paste 3x daily for 5 days. Strip affected quarter completely.,ICAR Formulation: 250g Aloe Vera + 50g Pure Turmeric + 15g Edible Lime (Chuna) ground into paste.
COW-2235,Meera,Sahiwal,7.0,1,178,19.2,18.5,3.4,4.46,4.36,4.41,4.54,4.54,0.18,112584,38.7,6.6,0,0,None,LOW,0,"Routine milking, clean dry udder cloth, post-milking dip (0.5% povidone iodine).",No medication needed. Maintain clean bedding and nutrition.
COW-2236,Yamuna,HF Cross,3.8,1,157,20.4,5.4,73.7,7.67,7.81,7.86,7.52,7.86,0.34,1301054,39.7,7.05,2,1,Both Hind,HIGH,51781,Urgent: Acute clinical mastitis! Isolate animal immediately. Call government veterinary officer (1962). Administer prescribed veterinary therapy.,Immediate veterinary antibiotic injection + anti-inflammatory + frequent cold water fanning and stripping.
COW-2237,Kapila,HF Cross,8.0,6,161,23.1,22.1,4.3,4.46,4.51,4.58,4.4,4.58,0.18,75697,38.6,6.65,0,0,None,LOW,0,"Routine milking, clean dry udder cloth, post-milking dip (0.5% povidone iodine).",No medication needed. Maintain clean bedding and nutrition.
COW-2238,Nandini,Murrah Buffalo,4.0,1,281,13.3,12.0,10.1,7.11,4.94,4.98,4.96,7.11,2.17,379017,39.1,6.77,1,0,LF,MEDIUM,5155,Subclinical warning in LF quarter. Apply ICAR herbal paste 3x daily for 5 days. Strip affected quarter completely.,ICAR Formulation: 250g Aloe Vera + 50g Pure Turmeric + 15g Edible Lime (Chuna) ground into paste.
COW-2239,Surabhi,HF Cross,2.6,1,278,20.0,19.7,1.7,4.66,4.59,4.45,4.5,4.66,0.21,89525,38.7,6.61,0,0,None,LOW,0,"Routine milking, clean dry udder cloth, post-milking dip (0.5% povidone iodine).",No medication needed. Maintain clean bedding and nutrition.
COW-2240,Kapila,Tharparkar,6.1,1,245,11.1,10.7,3.4,4.7,4.64,4.85,4.73,4.85,0.21,143558,38.6,6.66,0,0,None,LOW,0,"Routine milking, clean dry udder cloth, post-milking dip (0.5% povidone iodine).",No medication needed. Maintain clean bedding and nutrition.
COW-2241,Radha,Tharparkar,3.4,2,28,12.0,9.8,18.6,4.94,4.81,4.77,6.96,6.96,2.19,358095,39.0,6.86,0,1,RH,MEDIUM,8369,Subclinical warning in RH quarter. Apply ICAR herbal paste 3x daily for 5 days. Strip affected quarter completely.,ICAR Formulation: 250g Aloe Vera + 50g Pure Turmeric + 15g Edible Lime (Chuna) ground into paste.
COW-2242,Kamdhenu,Tharparkar,7.3,2,238,14.7,12.1,17.4,5.31,6.95,5.08,5.2,6.95,1.87,287718,39.0,6.72,1,0,RF,MEDIUM,9546,Subclinical warning in RF quarter. Apply ICAR herbal paste 3x daily for 5 days. Strip affected quarter completely.,ICAR Formulation: 250g Aloe Vera + 50g Pure Turmeric + 15g Edible Lime (Chuna) ground into paste.
COW-2243,Kamdhenu,HF Cross,5.5,3,50,23.1,23.1,0.2,4.75,4.73,4.88,4.89,4.89,0.16,166886,38.3,6.6,0,0,None,LOW,0,"Routine milking, clean dry udder cloth, post-milking dip (0.5% povidone iodine).",No medication needed. Maintain clean bedding and nutrition.
COW-2244,Meera,Red Sindhi,6.5,5,116,11.9,6.2,47.7,7.33,7.42,7.48,7.57,7.57,0.24,1393686,40.2,7.05,2,2,LH,HIGH,36598,Urgent: Acute clinical mastitis! Isolate animal immediately. Call government veterinary officer (1962). Administer prescribed veterinary therapy.,Immediate veterinary antibiotic injection + anti-inflammatory + frequent cold water fanning and stripping.
COW-2245,Meera,Gir,6.5,3,141,17.5,5.2,70.1,7.86,7.53,7.69,7.92,7.92,0.39,1347244,40.0,7.38,2,2,RH,HIGH,43094,Urgent: Acute clinical mastitis! Isolate animal immediately. Call government veterinary officer (1962). Administer prescribed veterinary therapy.,Immediate veterinary antibiotic injection + anti-inflammatory + frequent cold water fanning and stripping.
COW-2246,Ganga,Rathi,3.7,1,94,10.3,10.2,0.6,5.03,5.05,5.04,4.92,5.05,0.13,130046,38.6,6.52,0,0,None,LOW,0,"Routine milking, clean dry udder cloth, post-milking dip (0.5% povidone iodine).",No medication needed. Maintain clean bedding and nutrition.
COW-2247,Kapila,HF Cross,8.8,3,82,22.6,22.5,0.3,4.97,4.94,5.14,5.12,5.14,0.2,113947,38.7,6.68,0,0,None,LOW,0,"Routine milking, clean dry udder cloth, post-milking dip (0.5% povidone iodine).",No medication needed. Maintain clean bedding and nutrition.
COW-2248,Kamdhenu,Sahiwal,8.1,4,39,17.3,17.3,0.1,4.96,5.05,5.06,5.16,5.16,0.2,167689,38.2,6.51,0,0,None,LOW,0,"Routine milking, clean dry udder cloth, post-milking dip (0.5% povidone iodine).",No medication needed. Maintain clean bedding and nutrition.
COW-2249,Devi,Tharparkar,6.1,5,236,12.1,12.0,1.2,5.01,4.91,4.95,4.85,5.01,0.16,82662,38.2,6.6,0,0,None,LOW,0,"Routine milking, clean dry udder cloth, post-milking dip (0.5% povidone iodine).",No medication needed. Maintain clean bedding and nutrition.
COW-2250,Gauri,Rathi,5.3,1,32,11.2,10.9,2.5,4.81,4.72,4.78,4.79,4.81,0.09,143279,38.6,6.6,0,0,None,LOW,0,"Routine milking, clean dry udder cloth, post-milking dip (0.5% povidone iodine).",No medication needed. Maintain clean bedding and nutrition.
COW-2251,Sita,Murrah Buffalo,3.3,1,189,17.0,16.9,0.6,4.69,4.75,4.74,4.48,4.75,0.27,127566,38.3,6.64,0,0,None,LOW,0,"Routine milking, clean dry udder cloth, post-milking dip (0.5% povidone iodine).",No medication needed. Maintain clean bedding and nutrition.
COW-2252,Ganga,HF Cross,6.5,6,190,23.3,23.1,0.9,4.55,4.73,4.62,4.49,4.73,0.24,97254,38.5,6.53,0,0,None,LOW,0,"Routine milking, clean dry udder cloth, post-milking dip (0.5% povidone iodine).",No medication needed. Maintain clean bedding and nutrition.
COW-2253,Kalyani,Sahiwal,8.9,5,224,20.0,19.8,0.8,4.91,4.94,4.8,4.88,4.94,0.14,142041,38.6,6.53,0,0,None,LOW,0,"Routine milking, clean dry udder cloth, post-milking dip (0.5% povidone iodine).",No medication needed. Maintain clean bedding and nutrition.
COW-2254,Gauri,Sahiwal,7.6,1,118,14.9,4.9,67.0,8.37,8.57,8.2,8.19,8.57,0.38,1576016,40.4,7.56,2,1,Both Front,HIGH,43399,Urgent: Acute clinical mastitis! Isolate animal immediately. Call government veterinary officer (1962). Administer prescribed veterinary therapy.,Immediate veterinary antibiotic injection + anti-inflammatory + frequent cold water fanning and stripping.
COW-2255,Kamdhenu,Tharparkar,5.3,2,104,10.3,9.0,12.4,7.06,4.97,5.05,5.0,7.06,2.09,402608,39.1,6.72,0,0,LF,MEDIUM,6441,Subclinical warning in LF quarter. Apply ICAR herbal paste 3x daily for 5 days. Strip affected quarter completely.,ICAR Formulation: 250g Aloe Vera + 50g Pure Turmeric + 15g Edible Lime (Chuna) ground into paste.
COW-2256,Sita,Sahiwal,5.5,3,118,17.2,15.1,12.1,5.07,4.97,5.03,7.01,7.01,2.04,373470,38.8,6.78,0,1,RH,MEDIUM,5781,Subclinical warning in RH quarter. Apply ICAR herbal paste 3x daily for 5 days. Strip affected quarter completely.,ICAR Formulation: 250g Aloe Vera + 50g Pure Turmeric + 15g Edible Lime (Chuna) ground into paste.
COW-2257,Bhavani,Rathi,7.3,6,280,10.8,10.8,0.2,4.55,4.65,4.4,4.44,4.65,0.25,135880,38.7,6.61,0,0,None,LOW,0,"Routine milking, clean dry udder cloth, post-milking dip (0.5% povidone iodine).",No medication needed. Maintain clean bedding and nutrition.
COW-2258,Ganga,Gir,8.4,5,111,18.2,18.0,1.0,5.15,5.18,4.95,5.15,5.18,0.23,155986,38.4,6.59,0,0,None,LOW,0,"Routine milking, clean dry udder cloth, post-milking dip (0.5% povidone iodine).",No medication needed. Maintain clean bedding and nutrition.
COW-2259,Gauri,Gir,8.1,2,188,14.8,11.7,21.2,5.19,5.03,5.1,6.5,6.5,1.47,304679,39.0,6.74,1,1,RH,MEDIUM,9713,Subclinical warning in RH quarter. Apply ICAR herbal paste 3x daily for 5 days. Strip affected quarter completely.,ICAR Formulation: 250g Aloe Vera + 50g Pure Turmeric + 15g Edible Lime (Chuna) ground into paste.
COW-2260,Radha,Red Sindhi,9.0,2,25,11.6,11.4,2.1,4.84,4.84,4.94,4.81,4.94,0.13,195000,38.2,6.54,0,0,None,LOW,0,"Routine milking, clean dry udder cloth, post-milking dip (0.5% povidone iodine).",No medication needed. Maintain clean bedding and nutrition.
COW-2261,Kamdhenu,Murrah Buffalo,6.8,4,130,15.3,15.0,2.1,4.64,4.58,4.67,4.48,4.67,0.19,150450,38.5,6.58,0,0,None,LOW,0,"Routine milking, clean dry udder cloth, post-milking dip (0.5% povidone iodine).",No medication needed. Maintain clean bedding and nutrition.
COW-2262,Surabhi,Red Sindhi,6.6,4,128,10.8,3.3,69.0,8.04,7.71,7.66,8.02,8.04,0.38,1119125,40.8,7.38,2,1,Both Hind,HIGH,46134,Urgent: Acute clinical mastitis! Isolate animal immediately. Call government veterinary officer (1962). Administer prescribed veterinary therapy.,Immediate veterinary antibiotic injection + anti-inflammatory + frequent cold water fanning and stripping.
COW-2263,Tulsi,HF Cross,8.6,1,139,18.5,18.3,1.0,4.84,4.85,4.74,4.8,4.85,0.11,160548,38.3,6.58,0,0,None,LOW,0,"Routine milking, clean dry udder cloth, post-milking dip (0.5% povidone iodine).",No medication needed. Maintain clean bedding and nutrition.
COW-2264,Kapila,Murrah Buffalo,5.5,3,45,14.2,13.8,2.5,4.92,4.9,5.07,5.1,5.1,0.2,94803,38.6,6.55,0,0,None,LOW,0,"Routine milking, clean dry udder cloth, post-milking dip (0.5% povidone iodine).",No medication needed. Maintain clean bedding and nutrition.
COW-2265,Radha,Tharparkar,8.4,2,140,12.8,12.6,1.8,4.39,4.41,4.61,4.41,4.61,0.22,92543,38.8,6.53,0,0,None,LOW,0,"Routine milking, clean dry udder cloth, post-milking dip (0.5% povidone iodine).",No medication needed. Maintain clean bedding and nutrition.
COW-2266,Meera,Gir,8.1,6,223,17.3,17.3,0.0,4.82,4.62,4.64,4.74,4.82,0.2,157715,38.4,6.63,0,0,None,LOW,0,"Routine milking, clean dry udder cloth, post-milking dip (0.5% povidone iodine).",No medication needed. Maintain clean bedding and nutrition.
COW-2267,Yamuna,Gir,6.1,6,199,16.7,16.5,1.1,4.58,4.66,4.58,4.51,4.66,0.15,180824,38.5,6.54,0,0,None,LOW,0,"Routine milking, clean dry udder cloth, post-milking dip (0.5% povidone iodine).",No medication needed. Maintain clean bedding and nutrition.
COW-2268,Meera,Rathi,2.8,4,64,11.5,11.4,1.2,4.51,4.5,4.75,4.6,4.75,0.25,158312,38.4,6.54,0,0,None,LOW,0,"Routine milking, clean dry udder cloth, post-milking dip (0.5% povidone iodine).",No medication needed. Maintain clean bedding and nutrition.
COW-2269,Yamuna,Murrah Buffalo,5.9,2,217,13.0,10.6,18.4,6.36,4.66,4.82,4.76,6.36,1.7,237612,39.3,6.77,1,1,LF,MEDIUM,7999,Subclinical warning in LF quarter. Apply ICAR herbal paste 3x daily for 5 days. Strip affected quarter completely.,ICAR Formulation: 250g Aloe Vera + 50g Pure Turmeric + 15g Edible Lime (Chuna) ground into paste.
COW-2270,Meera,Gir,6.4,3,113,20.0,15.9,20.7,4.9,7.04,5.14,5.13,7.04,2.14,378213,38.9,6.74,1,0,RF,MEDIUM,8906,Subclinical warning in RF quarter. Apply ICAR herbal paste 3x daily for 5 days. Strip affected quarter completely.,ICAR Formulation: 250g Aloe Vera + 50g Pure Turmeric + 15g Edible Lime (Chuna) ground into paste.
COW-2271,Nandini,Rathi,2.9,2,82,14.2,13.7,3.3,4.66,4.49,4.5,4.46,4.66,0.2,129791,38.7,6.57,0,0,None,LOW,0,"Routine milking, clean dry udder cloth, post-milking dip (0.5% povidone iodine).",No medication needed. Maintain clean bedding and nutrition.
COW-2272,Nandini,HF Cross,6.6,1,71,18.4,18.4,0.0,4.79,4.83,4.76,4.95,4.95,0.19,165753,38.7,6.55,0,0,None,LOW,0,"Routine milking, clean dry udder cloth, post-milking dip (0.5% povidone iodine).",No medication needed. Maintain clean bedding and nutrition.
COW-2273,Sita,Sahiwal,6.3,5,46,18.9,18.9,0.0,4.98,4.98,4.94,4.86,4.98,0.12,108524,38.5,6.61,0,0,None,LOW,0,"Routine milking, clean dry udder cloth, post-milking dip (0.5% povidone iodine).",No medication needed. Maintain clean bedding and nutrition.
COW-2274,Gauri,HF Cross,3.0,2,33,20.0,16.5,17.3,6.7,5.2,5.2,5.23,6.7,1.5,319432,38.8,6.8,1,0,LF,MEDIUM,8882,Subclinical warning in LF quarter. Apply ICAR herbal paste 3x daily for 5 days. Strip affected quarter completely.,ICAR Formulation: 250g Aloe Vera + 50g Pure Turmeric + 15g Edible Lime (Chuna) ground into paste.
COW-2275,Kamdhenu,Sahiwal,5.7,4,73,18.9,18.7,1.2,4.77,4.81,4.8,4.71,4.81,0.1,175194,38.6,6.66,0,0,None,LOW,0,"Routine milking, clean dry udder cloth, post-milking dip (0.5% povidone iodine).",No medication needed. Maintain clean bedding and nutrition.
COW-2276,Meera,Tharparkar,4.5,1,260,12.9,12.9,0.0,4.54,4.59,4.54,4.71,4.71,0.17,162811,38.8,6.66,0,0,None,LOW,0,"Routine milking, clean dry udder cloth, post-milking dip (0.5% povidone iodine).",No medication needed. Maintain clean bedding and nutrition.
COW-2277,Yamuna,HF Cross,6.6,3,70,26.0,25.3,2.5,4.57,4.63,4.41,4.49,4.63,0.22,121121,38.4,6.61,0,0,None,LOW,0,"Routine milking, clean dry udder cloth, post-milking dip (0.5% povidone iodine).",No medication needed. Maintain clean bedding and nutrition.
COW-2278,Gauri,Sahiwal,2.7,4,38,17.1,14.0,17.9,4.73,6.58,4.8,4.8,6.58,1.85,261277,38.8,6.72,1,0,RF,MEDIUM,9505,Subclinical warning in RF quarter. Apply ICAR herbal paste 3x daily for 5 days. Strip affected quarter completely.,ICAR Formulation: 250g Aloe Vera + 50g Pure Turmeric + 15g Edible Lime (Chuna) ground into paste.
COW-2279,Devi,Rathi,9.1,1,132,12.2,10.2,16.0,5.27,5.03,5.13,7.19,7.19,2.16,420936,38.7,6.82,1,0,RH,MEDIUM,8769,Subclinical warning in RH quarter. Apply ICAR herbal paste 3x daily for 5 days. Strip affected quarter completely.,ICAR Formulation: 250g Aloe Vera + 50g Pure Turmeric + 15g Edible Lime (Chuna) ground into paste.
COW-2280,Kalyani,Red Sindhi,3.0,5,216,15.4,15.2,1.5,4.66,4.57,4.7,4.54,4.7,0.16,119162,38.7,6.45,0,0,None,LOW,0,"Routine milking, clean dry udder cloth, post-milking dip (0.5% povidone iodine).",No medication needed. Maintain clean bedding and nutrition.
COW-2281,Yamuna,HF Cross,9.0,5,237,25.8,25.7,0.2,5.07,4.93,4.92,5.07,5.07,0.15,126296,38.4,6.68,0,0,None,LOW,0,"Routine milking, clean dry udder cloth, post-milking dip (0.5% povidone iodine).",No medication needed. Maintain clean bedding and nutrition.
COW-2282,Surabhi,Tharparkar,4.7,6,59,15.0,14.9,0.5,4.63,4.55,4.58,4.69,4.69,0.14,157012,38.6,6.66,0,0,None,LOW,0,"Routine milking, clean dry udder cloth, post-milking dip (0.5% povidone iodine).",No medication needed. Maintain clean bedding and nutrition.
COW-2283,Gauri,Gir,9.0,5,267,18.0,18.0,0.0,5.0,4.95,5.1,4.87,5.1,0.23,104346,38.7,6.61,0,0,None,LOW,0,"Routine milking, clean dry udder cloth, post-milking dip (0.5% povidone iodine).",No medication needed. Maintain clean bedding and nutrition.
COW-2284,Tulsi,Red Sindhi,5.2,6,256,14.0,13.9,0.5,4.48,4.59,4.45,4.61,4.61,0.16,111124,38.6,6.63,0,0,None,LOW,0,"Routine milking, clean dry udder cloth, post-milking dip (0.5% povidone iodine).",No medication needed. Maintain clean bedding and nutrition.
COW-2285,Bhavani,Rathi,5.5,3,230,10.3,5.4,47.8,6.99,7.1,7.18,7.03,7.18,0.19,600000,40.4,7.07,2,2,Both Front,HIGH,37700,Urgent: Acute clinical mastitis! Isolate animal immediately. Call government veterinary officer (1962). Administer prescribed veterinary therapy.,Immediate veterinary antibiotic injection + anti-inflammatory + frequent cold water fanning and stripping.
COW-2286,Kamdhenu,Red Sindhi,9.0,5,215,11.1,9.2,17.3,4.99,5.08,5.02,6.52,6.52,1.53,210000,38.5,6.89,0,1,RH,MEDIUM,8482,Subclinical warning in RH quarter. Apply ICAR herbal paste 3x daily for 5 days. Strip affected quarter completely.,ICAR Formulation: 250g Aloe Vera + 50g Pure Turmeric + 15g Edible Lime (Chuna) ground into paste.
COW-2287,Yamuna,Murrah Buffalo,3.6,4,17,12.9,12.6,2.5,4.63,4.86,4.76,4.65,4.86,0.23,134501,38.5,6.66,0,0,None,LOW,0,"Routine milking, clean dry udder cloth, post-milking dip (0.5% povidone iodine).",No medication needed. Maintain clean bedding and nutrition.
COW-2288,Gauri,Tharparkar,4.4,5,76,10.0,4.5,55.3,6.97,7.15,6.87,6.76,7.15,0.39,1765705,39.6,7.24,2,2,RF,HIGH,42124,Urgent: Acute clinical mastitis! Isolate animal immediately. Call government veterinary officer (1962). Administer prescribed veterinary therapy.,Immediate veterinary antibiotic injection + anti-inflammatory + frequent cold water fanning and stripping.
COW-2289,Kapila,Sahiwal,9.4,5,239,17.6,17.2,2.4,4.61,4.39,4.39,4.66,4.66,0.27,73415,38.5,6.57,0,0,None,LOW,0,"Routine milking, clean dry udder cloth, post-milking dip (0.5% povidone iodine).",No medication needed. Maintain clean bedding and nutrition.
COW-2290,Kamdhenu,Rathi,8.8,6,139,12.1,9.6,20.7,5.31,7.12,5.08,5.11,7.12,2.04,323189,39.0,6.88,1,0,RF,MEDIUM,9254,Subclinical warning in RF quarter. Apply ICAR herbal paste 3x daily for 5 days. Strip affected quarter completely.,ICAR Formulation: 250g Aloe Vera + 50g Pure Turmeric + 15g Edible Lime (Chuna) ground into paste.
COW-2291,Lakshmi,Murrah Buffalo,4.7,5,60,14.4,11.9,17.4,6.62,5.29,5.23,5.15,6.62,1.47,470845,38.7,6.74,1,1,LF,MEDIUM,8921,Subclinical warning in LF quarter. Apply ICAR herbal paste 3x daily for 5 days. Strip affected quarter completely.,ICAR Formulation: 250g Aloe Vera + 50g Pure Turmeric + 15g Edible Lime (Chuna) ground into paste.
COW-2292,Lakshmi,Red Sindhi,3.9,3,152,10.2,10.1,1.1,4.61,4.82,4.74,4.86,4.86,0.25,138612,38.3,6.67,0,0,None,LOW,0,"Routine milking, clean dry udder cloth, post-milking dip (0.5% povidone iodine).",No medication needed. Maintain clean bedding and nutrition.
COW-2293,Tulsi,Gir,7.9,2,144,17.6,17.4,1.3,4.69,4.84,4.95,4.68,4.95,0.27,110204,38.4,6.62,0,0,None,LOW,0,"Routine milking, clean dry udder cloth, post-milking dip (0.5% povidone iodine).",No medication needed. Maintain clean bedding and nutrition.
COW-2294,Surabhi,Tharparkar,8.3,2,61,11.6,11.4,1.6,4.85,4.63,4.67,4.7,4.85,0.22,107541,38.8,6.53,0,0,None,LOW,0,"Routine milking, clean dry udder cloth, post-milking dip (0.5% povidone iodine).",No medication needed. Maintain clean bedding and nutrition.
COW-2295,Ganga,Tharparkar,6.9,3,228,13.7,13.7,0.0,4.91,5.13,4.95,5.02,5.13,0.22,152830,38.2,6.61,0,0,None,LOW,0,"Routine milking, clean dry udder cloth, post-milking dip (0.5% povidone iodine).",No medication needed. Maintain clean bedding and nutrition.
COW-2296,Kapila,Murrah Buffalo,9.0,4,171,16.1,6.2,61.5,7.04,7.07,7.28,6.95,7.28,0.33,1487973,39.8,7.35,2,1,LH,HIGH,39709,Urgent: Acute clinical mastitis! Isolate animal immediately. Call government veterinary officer (1962). Administer prescribed veterinary therapy.,Immediate veterinary antibiotic injection + anti-inflammatory + frequent cold water fanning and stripping.
COW-2297,Kalyani,HF Cross,8.0,3,138,23.6,23.3,1.2,4.87,4.79,4.79,4.97,4.97,0.18,168704,38.7,6.6,0,0,None,LOW,0,"Routine milking, clean dry udder cloth, post-milking dip (0.5% povidone iodine).",No medication needed. Maintain clean bedding and nutrition.
COW-2298,Lakshmi,Sahiwal,8.3,5,214,15.2,15.2,0.0,4.81,4.63,4.75,4.67,4.81,0.18,109825,38.8,6.54,0,0,None,LOW,0,"Routine milking, clean dry udder cloth, post-milking dip (0.5% povidone iodine).",No medication needed. Maintain clean bedding and nutrition.
COW-2299,Nandini,Rathi,2.9,4,15,10.3,10.3,0.0,4.83,4.78,4.9,4.91,4.91,0.13,153287,38.3,6.52,0,0,None,LOW,0,"Routine milking, clean dry udder cloth, post-milking dip (0.5% povidone iodine).",No medication needed. Maintain clean bedding and nutrition.
COW-2300,Ganga,Gir,4.6,4,204,18.1,17.6,2.9,5.15,5.08,5.02,5.01,5.15,0.14,113098,38.5,6.59,0,0,None,LOW,0,"Routine milking, clean dry udder cloth, post-milking dip (0.5% povidone iodine).",No medication needed. Maintain clean bedding and nutrition.
COW-2301,Nandini,Red Sindhi,5.6,2,19,14.9,6.0,60.0,7.27,7.5,7.25,7.58,7.58,0.33,1384414,40.1,7.22,2,2,LH,HIGH,43225,Urgent: Acute clinical mastitis! Isolate animal immediately. Call government veterinary officer (1962). Administer prescribed veterinary therapy.,Immediate veterinary antibiotic injection + anti-inflammatory + frequent cold water fanning and stripping.
COW-2302,Meera,Sahiwal,8.0,5,26,16.6,16.5,0.8,4.9,4.94,4.93,4.86,4.94,0.08,147855,38.8,6.59,0,0,None,LOW,0,"Routine milking, clean dry udder cloth, post-milking dip (0.5% povidone iodine).",No medication needed. Maintain clean bedding and nutrition.
COW-2303,Gauri,Sahiwal,7.9,3,160,14.3,14.0,2.4,4.73,4.62,4.57,4.76,4.76,0.19,95249,38.2,6.62,0,0,None,LOW,0,"Routine milking, clean dry udder cloth, post-milking dip (0.5% povidone iodine).",No medication needed. Maintain clean bedding and nutrition.
COW-2304,Gauri,Tharparkar,3.6,2,72,11.0,10.9,0.8,5.17,5.06,5.19,5.14,5.19,0.13,150207,38.5,6.66,0,0,None,LOW,0,"Routine milking, clean dry udder cloth, post-milking dip (0.5% povidone iodine).",No medication needed. Maintain clean bedding and nutrition.
COW-2305,Kapila,Murrah Buffalo,5.3,3,46,14.3,14.0,2.4,4.67,4.49,4.57,4.75,4.75,0.26,163434,38.5,6.54,0,0,None,LOW,0,"Routine milking, clean dry udder cloth, post-milking dip (0.5% povidone iodine).",No medication needed. Maintain clean bedding and nutrition.
COW-2306,Yamuna,Red Sindhi,9.2,5,276,13.8,6.4,53.9,8.31,7.73,8.01,8.03,8.31,0.58,1343372,40.3,7.26,2,2,LF,HIGH,44105,Urgent: Acute clinical mastitis! Isolate animal immediately. Call government veterinary officer (1962). Administer prescribed veterinary therapy.,Immediate veterinary antibiotic injection + anti-inflammatory + frequent cold water fanning and stripping.
COW-2307,Ganga,Sahiwal,8.6,2,195,16.7,13.7,17.7,7.22,5.06,5.23,5.25,7.22,2.16,317347,39.3,6.91,1,0,LF,MEDIUM,7996,Subclinical warning in LF quarter. Apply ICAR herbal paste 3x daily for 5 days. Strip affected quarter completely.,ICAR Formulation: 250g Aloe Vera + 50g Pure Turmeric + 15g Edible Lime (Chuna) ground into paste.
COW-2308,Tulsi,Gir,8.9,1,116,17.2,16.8,2.3,4.95,4.87,4.91,4.98,4.98,0.11,155298,38.5,6.64,0,0,None,LOW,0,"Routine milking, clean dry udder cloth, post-milking dip (0.5% povidone iodine).",No medication needed. Maintain clean bedding and nutrition.
COW-2309,Surabhi,Red Sindhi,7.8,1,248,13.3,4.9,63.5,7.13,7.11,6.64,6.61,7.13,0.52,1209171,40.1,7.24,2,1,Both Front,HIGH,47998,Urgent: Acute clinical mastitis! Isolate animal immediately. Call government veterinary officer (1962). Administer prescribed veterinary therapy.,Immediate veterinary antibiotic injection + anti-inflammatory + frequent cold water fanning and stripping.
COW-2310,Nandini,Murrah Buffalo,5.0,3,36,12.2,6.5,46.9,7.03,7.2,7.01,6.9,7.2,0.3,600000,40.3,7.18,2,1,LH,HIGH,33275,Urgent: Acute clinical mastitis! Isolate animal immediately. Call government veterinary officer (1962). Administer prescribed veterinary therapy.,Immediate veterinary antibiotic injection + anti-inflammatory + frequent cold water fanning and stripping.
COW-2311,Ganga,Sahiwal,3.6,6,241,15.7,15.5,1.4,5.03,4.96,5.09,5.03,5.09,0.13,185743,38.5,6.51,0,0,None,LOW,0,"Routine milking, clean dry udder cloth, post-milking dip (0.5% povidone iodine).",No medication needed. Maintain clean bedding and nutrition.
COW-2312,Kamdhenu,Tharparkar,5.6,4,117,11.5,11.2,2.9,4.96,4.88,4.74,5.0,5.0,0.26,93385,38.6,6.6,0,0,None,LOW,0,"Routine milking, clean dry udder cloth, post-milking dip (0.5% povidone iodine).",No medication needed. Maintain clean bedding and nutrition.
COW-2313,Yamuna,Rathi,5.2,2,49,15.4,15.0,2.6,4.52,4.6,4.38,4.59,4.6,0.22,102319,38.5,6.5,0,0,None,LOW,0,"Routine milking, clean dry udder cloth, post-milking dip (0.5% povidone iodine).",No medication needed. Maintain clean bedding and nutrition.
COW-2314,Meera,Red Sindhi,2.8,3,111,10.2,8.9,12.8,4.88,6.39,4.79,4.98,6.39,1.6,356320,38.9,6.82,1,0,RF,MEDIUM,6053,Subclinical warning in RF quarter. Apply ICAR herbal paste 3x daily for 5 days. Strip affected quarter completely.,ICAR Formulation: 250g Aloe Vera + 50g Pure Turmeric + 15g Edible Lime (Chuna) ground into paste.
COW-2315,Kalyani,Red Sindhi,7.4,6,65,13.1,11.4,13.3,4.92,4.92,4.79,7.11,7.11,2.32,349034,39.2,6.8,1,1,RH,MEDIUM,6690,Subclinical warning in RH quarter. Apply ICAR herbal paste 3x daily for 5 days. Strip affected quarter completely.,ICAR Formulation: 250g Aloe Vera + 50g Pure Turmeric + 15g Edible Lime (Chuna) ground into paste.
COW-2316,Radha,Tharparkar,2.9,5,119,14.9,8.9,40.5,6.69,6.46,6.75,6.66,6.75,0.29,1248525,39.8,7.12,2,2,Both Front,HIGH,32197,Urgent: Acute clinical mastitis! Isolate animal immediately. Call government veterinary officer (1962). Administer prescribed veterinary therapy.,Immediate veterinary antibiotic injection + anti-inflammatory + frequent cold water fanning and stripping.
COW-2317,Gauri,Rathi,3.4,5,245,15.8,15.6,1.1,4.66,4.62,4.69,4.68,4.69,0.07,133423,38.7,6.56,0,0,None,LOW,0,"Routine milking, clean dry udder cloth, post-milking dip (0.5% povidone iodine).",No medication needed. Maintain clean bedding and nutrition.
COW-2318,Sita,Rathi,6.1,2,43,11.8,6.5,44.8,7.44,7.65,7.52,7.63,7.65,0.21,1057590,40.0,7.29,2,2,RH,HIGH,34210,Urgent: Acute clinical mastitis! Isolate animal immediately. Call government veterinary officer (1962). Administer prescribed veterinary therapy.,Immediate veterinary antibiotic injection + anti-inflammatory + frequent cold water fanning and stripping.
COW-2319,Lakshmi,Red Sindhi,3.1,6,288,14.5,14.1,2.6,4.58,4.77,4.75,4.7,4.77,0.19,77595,38.8,6.54,0,0,None,LOW,0,"Routine milking, clean dry udder cloth, post-milking dip (0.5% povidone iodine).",No medication needed. Maintain clean bedding and nutrition.
COW-2320,Sita,Tharparkar,3.6,2,133,13.4,13.1,2.1,5.23,5.13,5.09,5.05,5.23,0.18,85550,38.6,6.62,0,0,None,LOW,0,"Routine milking, clean dry udder cloth, post-milking dip (0.5% povidone iodine).",No medication needed. Maintain clean bedding and nutrition.
COW-2321,Kalyani,Sahiwal,9.1,5,119,19.9,19.7,1.1,4.67,4.83,4.94,4.71,4.94,0.27,95195,38.5,6.51,0,0,None,LOW,0,"Routine milking, clean dry udder cloth, post-milking dip (0.5% povidone iodine).",No medication needed. Maintain clean bedding and nutrition.
COW-2322,Kamdhenu,Gir,8.2,1,106,15.4,9.1,41.0,6.64,6.6,6.55,6.35,6.64,0.29,1560294,40.5,7.25,2,2,LF,HIGH,34828,Urgent: Acute clinical mastitis! Isolate animal immediately. Call government veterinary officer (1962). Administer prescribed veterinary therapy.,Immediate veterinary antibiotic injection + anti-inflammatory + frequent cold water fanning and stripping.
COW-2323,Kamdhenu,Gir,6.3,3,108,16.2,12.7,21.3,4.8,4.85,6.17,4.68,6.17,1.49,251763,39.0,6.82,0,1,LH,MEDIUM,9520,Subclinical warning in LH quarter. Apply ICAR herbal paste 3x daily for 5 days. Strip affected quarter completely.,ICAR Formulation: 250g Aloe Vera + 50g Pure Turmeric + 15g Edible Lime (Chuna) ground into paste.
COW-2324,Surabhi,Red Sindhi,7.8,5,82,11.2,10.8,3.3,5.05,5.12,5.11,4.88,5.12,0.24,50000,38.7,6.58,0,0,None,LOW,0,"Routine milking, clean dry udder cloth, post-milking dip (0.5% povidone iodine).",No medication needed. Maintain clean bedding and nutrition.
COW-2325,Meera,HF Cross,7.9,1,246,24.7,24.2,1.9,4.57,4.7,4.74,4.75,4.75,0.18,91665,38.2,6.6,0,0,None,LOW,0,"Routine milking, clean dry udder cloth, post-milking dip (0.5% povidone iodine).",No medication needed. Maintain clean bedding and nutrition.
COW-2326,Sita,Tharparkar,5.6,1,181,10.1,8.6,14.7,5.04,4.88,4.85,7.02,7.02,2.17,210000,38.6,7.0,1,1,RH,MEDIUM,8421,Subclinical warning in RH quarter. Apply ICAR herbal paste 3x daily for 5 days. Strip affected quarter completely.,ICAR Formulation: 250g Aloe Vera + 50g Pure Turmeric + 15g Edible Lime (Chuna) ground into paste.
COW-2327,Kamdhenu,HF Cross,3.1,2,156,18.0,18.0,0.0,4.66,4.79,4.82,4.63,4.82,0.19,119303,38.6,6.54,0,0,None,LOW,0,"Routine milking, clean dry udder cloth, post-milking dip (0.5% povidone iodine).",No medication needed. Maintain clean bedding and nutrition.
COW-2328,Sita,Tharparkar,2.8,5,19,12.2,12.0,1.3,4.59,4.53,4.63,4.58,4.63,0.1,124040,38.4,6.56,0,0,None,LOW,0,"Routine milking, clean dry udder cloth, post-milking dip (0.5% povidone iodine).",No medication needed. Maintain clean bedding and nutrition.
COW-2329,Tulsi,Rathi,6.5,4,93,12.3,12.0,2.2,4.43,4.49,4.53,4.63,4.63,0.2,139249,38.5,6.5,0,0,None,LOW,0,"Routine milking, clean dry udder cloth, post-milking dip (0.5% povidone iodine).",No medication needed. Maintain clean bedding and nutrition.
COW-2330,Sita,Gir,5.8,6,260,18.7,18.3,2.3,4.61,4.5,4.48,4.62,4.62,0.14,61771,38.2,6.62,0,0,None,LOW,0,"Routine milking, clean dry udder cloth, post-milking dip (0.5% povidone iodine).",No medication needed. Maintain clean bedding and nutrition.
COW-2331,Sita,Tharparkar,8.8,1,133,10.8,4.5,58.3,7.48,7.66,7.34,7.64,7.66,0.32,1179911,39.6,7.14,2,1,RF,HIGH,43378,Urgent: Acute clinical mastitis! Isolate animal immediately. Call government veterinary officer (1962). Administer prescribed veterinary therapy.,Immediate veterinary antibiotic injection + anti-inflammatory + frequent cold water fanning and stripping.
COW-2332,Lakshmi,Murrah Buffalo,9.3,5,14,16.6,8.1,51.0,7.02,6.98,7.21,7.14,7.21,0.23,1108038,39.6,7.14,2,1,Both Hind,HIGH,41045,Urgent: Acute clinical mastitis! Isolate animal immediately. Call government veterinary officer (1962). Administer prescribed veterinary therapy.,Immediate veterinary antibiotic injection + anti-inflammatory + frequent cold water fanning and stripping.
COW-2333,Kapila,Tharparkar,4.5,1,82,12.9,12.6,2.6,4.48,4.62,4.7,4.65,4.7,0.22,152831,38.8,6.55,0,0,None,LOW,0,"Routine milking, clean dry udder cloth, post-milking dip (0.5% povidone iodine).",No medication needed. Maintain clean bedding and nutrition.
COW-2334,Ganga,Murrah Buffalo,3.1,6,218,17.6,17.2,2.0,4.5,4.74,4.56,4.63,4.74,0.24,63007,38.6,6.53,0,0,None,LOW,0,"Routine milking, clean dry udder cloth, post-milking dip (0.5% povidone iodine).",No medication needed. Maintain clean bedding and nutrition.
COW-2335,Kapila,Gir,8.2,3,199,15.6,15.2,2.4,4.95,4.93,4.99,5.09,5.09,0.16,121328,38.8,6.53,0,0,None,LOW,0,"Routine milking, clean dry udder cloth, post-milking dip (0.5% povidone iodine).",No medication needed. Maintain clean bedding and nutrition.
COW-2336,Nandini,Tharparkar,8.0,2,13,15.1,15.1,0.2,4.97,5.11,5.07,4.86,5.11,0.25,120217,38.5,6.57,0,0,None,LOW,0,"Routine milking, clean dry udder cloth, post-milking dip (0.5% povidone iodine).",No medication needed. Maintain clean bedding and nutrition.
COW-2337,Tulsi,Gir,2.9,4,124,19.6,5.8,70.3,6.78,6.85,7.25,6.92,7.25,0.47,1195065,40.2,7.29,2,1,RH,HIGH,51392,Urgent: Acute clinical mastitis! Isolate animal immediately. Call government veterinary officer (1962). Administer prescribed veterinary therapy.,Immediate veterinary antibiotic injection + anti-inflammatory + frequent cold water fanning and stripping.
COW-2338,Ganga,Rathi,6.8,6,155,10.0,10.0,0.0,4.95,4.91,4.72,4.87,4.95,0.23,132957,38.7,6.64,0,0,None,LOW,0,"Routine milking, clean dry udder cloth, post-milking dip (0.5% povidone iodine).",No medication needed. Maintain clean bedding and nutrition.
COW-2339,Tulsi,Tharparkar,4.2,2,226,10.4,5.0,52.3,8.53,8.27,8.34,8.08,8.53,0.45,1504070,39.7,7.34,2,1,Both Hind,HIGH,35648,Urgent: Acute clinical mastitis! Isolate animal immediately. Call government veterinary officer (1962). Administer prescribed veterinary therapy.,Immediate veterinary antibiotic injection + anti-inflammatory + frequent cold water fanning and stripping.
COW-2340,Kamdhenu,Rathi,5.1,1,103,15.1,8.8,41.5,8.56,8.35,8.42,8.61,8.61,0.26,1416908,39.6,7.26,2,2,LF,HIGH,32475,Urgent: Acute clinical mastitis! Isolate animal immediately. Call government veterinary officer (1962). Administer prescribed veterinary therapy.,Immediate veterinary antibiotic injection + anti-inflammatory + frequent cold water fanning and stripping.
COW-2341,Kalyani,Red Sindhi,8.1,1,81,11.2,11.1,0.5,4.52,4.49,4.4,4.68,4.68,0.28,113602,38.3,6.66,0,0,None,LOW,0,"Routine milking, clean dry udder cloth, post-milking dip (0.5% povidone iodine).",No medication needed. Maintain clean bedding and nutrition.
COW-2342,Radha,HF Cross,8.3,6,56,25.0,24.7,1.3,4.75,4.75,4.61,4.73,4.75,0.14,101776,38.5,6.62,0,0,None,LOW,0,"Routine milking, clean dry udder cloth, post-milking dip (0.5% povidone iodine).",No medication needed. Maintain clean bedding and nutrition.
COW-2343,Bhavani,Rathi,6.2,4,121,15.2,15.1,0.7,4.51,4.72,4.66,4.55,4.72,0.21,170822,38.6,6.45,0,0,None,LOW,0,"Routine milking, clean dry udder cloth, post-milking dip (0.5% povidone iodine).",No medication needed. Maintain clean bedding and nutrition.
COW-2344,Tulsi,Gir,9.2,6,275,19.6,11.3,42.5,8.3,7.86,8.35,8.24,8.35,0.49,1003355,40.4,7.05,2,2,RF,HIGH,34694,Urgent: Acute clinical mastitis! Isolate animal immediately. Call government veterinary officer (1962). Administer prescribed veterinary therapy.,Immediate veterinary antibiotic injection + anti-inflammatory + frequent cold water fanning and stripping.
COW-2345,Lakshmi,Sahiwal,5.0,5,218,15.3,14.8,3.3,4.72,4.92,4.87,4.85,4.92,0.2,195000,38.6,6.59,0,0,None,LOW,0,"Routine milking, clean dry udder cloth, post-milking dip (0.5% povidone iodine).",No medication needed. Maintain clean bedding and nutrition.
COW-2346,Kapila,Murrah Buffalo,6.2,2,184,17.2,16.9,1.7,4.79,4.75,4.83,4.68,4.83,0.15,195000,38.7,6.64,0,0,None,LOW,0,"Routine milking, clean dry udder cloth, post-milking dip (0.5% povidone iodine).",No medication needed. Maintain clean bedding and nutrition.
COW-2347,Surabhi,Tharparkar,3.9,5,124,15.9,8.3,48.0,8.36,8.39,8.64,8.25,8.64,0.39,1150465,40.0,7.13,2,2,LH,HIGH,38650,Urgent: Acute clinical mastitis! Isolate animal immediately. Call government veterinary officer (1962). Administer prescribed veterinary therapy.,Immediate veterinary antibiotic injection + anti-inflammatory + frequent cold water fanning and stripping.
COW-2348,Devi,Sahiwal,6.3,3,183,14.3,12.6,11.9,5.02,5.04,7.21,4.93,7.21,2.28,271909,38.5,6.81,0,0,LH,MEDIUM,6881,Subclinical warning in LH quarter. Apply ICAR herbal paste 3x daily for 5 days. Strip affected quarter completely.,ICAR Formulation: 250g Aloe Vera + 50g Pure Turmeric + 15g Edible Lime (Chuna) ground into paste.
COW-2349,Lakshmi,Rathi,9.1,3,66,10.3,9.1,11.2,5.12,5.1,6.35,4.95,6.35,1.4,210000,38.8,6.82,1,0,LH,MEDIUM,6650,Subclinical warning in LH quarter. Apply ICAR herbal paste 3x daily for 5 days. Strip affected quarter completely.,ICAR Formulation: 250g Aloe Vera + 50g Pure Turmeric + 15g Edible Lime (Chuna) ground into paste.
COW-2350,Gauri,Gir,3.5,3,239,18.1,17.5,3.5,4.82,4.78,4.99,4.88,4.99,0.21,135142,38.4,6.7,0,0,None,LOW,0,"Routine milking, clean dry udder cloth, post-milking dip (0.5% povidone iodine).",No medication needed. Maintain clean bedding and nutrition.
COW-2351,Meera,Murrah Buffalo,8.2,3,54,16.1,7.6,52.5,7.64,8.07,8.0,8.07,8.07,0.43,764410,40.3,7.16,2,1,LF,HIGH,34423,Urgent: Acute clinical mastitis! Isolate animal immediately. Call government veterinary officer (1962). Administer prescribed veterinary therapy.,Immediate veterinary antibiotic injection + anti-inflammatory + frequent cold water fanning and stripping.
COW-2352,Ganga,Red Sindhi,5.4,6,37,10.5,10.4,0.5,4.69,4.53,4.74,4.77,4.77,0.24,94493,38.2,6.61,0,0,None,LOW,0,"Routine milking, clean dry udder cloth, post-milking dip (0.5% povidone iodine).",No medication needed. Maintain clean bedding and nutrition.
COW-2353,Gauri,HF Cross,7.3,3,237,23.1,20.4,11.5,6.31,5.02,4.8,4.9,6.31,1.51,387747,39.0,6.93,0,1,LF,MEDIUM,6975,Subclinical warning in LF quarter. Apply ICAR herbal paste 3x daily for 5 days. Strip affected quarter completely.,ICAR Formulation: 250g Aloe Vera + 50g Pure Turmeric + 15g Edible Lime (Chuna) ground into paste.
COW-2354,Tulsi,Rathi,7.2,6,26,15.5,12.6,18.7,6.23,4.66,4.78,4.64,6.23,1.59,260332,38.9,6.87,0,0,LF,MEDIUM,8051,Subclinical warning in LF quarter. Apply ICAR herbal paste 3x daily for 5 days. Strip affected quarter completely.,ICAR Formulation: 250g Aloe Vera + 50g Pure Turmeric + 15g Edible Lime (Chuna) ground into paste.
COW-2355,Radha,Murrah Buffalo,3.4,1,121,14.6,14.3,1.8,5.0,4.79,4.93,4.96,5.0,0.21,113403,38.3,6.68,0,0,None,LOW,0,"Routine milking, clean dry udder cloth, post-milking dip (0.5% povidone iodine).",No medication needed. Maintain clean bedding and nutrition.
COW-2356,Devi,Gir,9.2,6,184,19.3,17.0,11.8,5.14,6.95,5.1,5.14,6.95,1.85,364517,38.6,6.72,1,1,RF,MEDIUM,5774,Subclinical warning in RF quarter. Apply ICAR herbal paste 3x daily for 5 days. Strip affected quarter completely.,ICAR Formulation: 250g Aloe Vera + 50g Pure Turmeric + 15g Edible Lime (Chuna) ground into paste.
COW-2357,Lakshmi,Gir,5.4,4,18,17.9,17.6,1.5,4.88,4.85,4.62,4.77,4.88,0.26,110069,38.5,6.52,0,0,None,LOW,0,"Routine milking, clean dry udder cloth, post-milking dip (0.5% povidone iodine).",No medication needed. Maintain clean bedding and nutrition.
COW-2358,Tulsi,Tharparkar,5.8,1,135,16.0,15.6,2.4,4.8,5.03,4.83,4.82,5.03,0.23,70902,38.3,6.62,0,0,None,LOW,0,"Routine milking, clean dry udder cloth, post-milking dip (0.5% povidone iodine).",No medication needed. Maintain clean bedding and nutrition.
COW-2359,Kalyani,Murrah Buffalo,4.6,6,203,17.2,17.0,0.9,4.72,4.81,4.84,4.69,4.84,0.15,116284,38.3,6.52,0,0,None,LOW,0,"Routine milking, clean dry udder cloth, post-milking dip (0.5% povidone iodine).",No medication needed. Maintain clean bedding and nutrition.
COW-2360,Lakshmi,Sahiwal,3.6,3,17,14.4,14.4,0.0,4.65,4.85,4.63,4.61,4.85,0.24,152558,38.7,6.55,0,0,None,LOW,0,"Routine milking, clean dry udder cloth, post-milking dip (0.5% povidone iodine).",No medication needed. Maintain clean bedding and nutrition.
COW-2361,Yamuna,Murrah Buffalo,3.8,1,107,16.0,15.4,3.5,4.88,4.88,4.92,4.85,4.92,0.07,139374,38.3,6.55,0,0,None,LOW,0,"Routine milking, clean dry udder cloth, post-milking dip (0.5% povidone iodine).",No medication needed. Maintain clean bedding and nutrition.
COW-2362,Lakshmi,HF Cross,8.0,5,32,23.1,10.5,54.5,6.44,6.68,6.87,6.63,6.87,0.43,1489490,40.3,7.06,2,2,Both Front,HIGH,39230,Urgent: Acute clinical mastitis! Isolate animal immediately. Call government veterinary officer (1962). Administer prescribed veterinary therapy.,Immediate veterinary antibiotic injection + anti-inflammatory + frequent cold water fanning and stripping.
COW-2363,Lakshmi,Sahiwal,8.7,1,57,16.3,15.7,3.5,5.01,4.83,5.1,4.93,5.1,0.27,137398,38.7,6.56,0,0,None,LOW,0,"Routine milking, clean dry udder cloth, post-milking dip (0.5% povidone iodine).",No medication needed. Maintain clean bedding and nutrition.
COW-2364,Devi,Tharparkar,4.8,5,290,12.7,7.4,41.6,6.73,6.73,6.63,6.48,6.73,0.25,1652460,40.9,7.3,2,1,RF,HIGH,35666,Urgent: Acute clinical mastitis! Isolate animal immediately. Call government veterinary officer (1962). Administer prescribed veterinary therapy.,Immediate veterinary antibiotic injection + anti-inflammatory + frequent cold water fanning and stripping.
COW-2365,Gauri,Red Sindhi,8.7,1,84,12.7,12.6,0.7,4.54,4.76,4.73,4.67,4.76,0.22,150558,38.8,6.61,0,0,None,LOW,0,"Routine milking, clean dry udder cloth, post-milking dip (0.5% povidone iodine).",No medication needed. Maintain clean bedding and nutrition.
COW-2366,Ganga,Gir,8.9,1,58,18.8,15.1,19.5,5.07,6.36,5.04,5.19,6.36,1.32,288602,38.9,6.72,0,0,RF,MEDIUM,9047,Subclinical warning in RF quarter. Apply ICAR herbal paste 3x daily for 5 days. Strip affected quarter completely.,ICAR Formulation: 250g Aloe Vera + 50g Pure Turmeric + 15g Edible Lime (Chuna) ground into paste.
COW-2367,Devi,Rathi,8.0,5,262,14.3,12.7,11.0,6.67,4.92,4.83,4.88,6.67,1.84,309971,39.1,6.72,1,1,LF,MEDIUM,6763,Subclinical warning in LF quarter. Apply ICAR herbal paste 3x daily for 5 days. Strip affected quarter completely.,ICAR Formulation: 250g Aloe Vera + 50g Pure Turmeric + 15g Edible Lime (Chuna) ground into paste.
COW-2368,Kapila,Sahiwal,7.4,1,207,17.3,16.9,2.3,4.68,4.48,4.45,4.54,4.68,0.23,183706,38.7,6.55,0,0,None,LOW,0,"Routine milking, clean dry udder cloth, post-milking dip (0.5% povidone iodine).",No medication needed. Maintain clean bedding and nutrition.
COW-2369,Bhavani,HF Cross,6.7,2,46,22.4,22.4,0.0,5.07,5.09,5.19,5.16,5.19,0.12,130110,38.7,6.64,0,0,None,LOW,0,"Routine milking, clean dry udder cloth, post-milking dip (0.5% povidone iodine).",No medication needed. Maintain clean bedding and nutrition.
COW-2370,Radha,Murrah Buffalo,9.2,3,39,15.9,6.1,61.5,6.99,6.63,6.57,6.87,6.99,0.42,1405541,40.1,7.26,2,1,RF,HIGH,42496,Urgent: Acute clinical mastitis! Isolate animal immediately. Call government veterinary officer (1962). Administer prescribed veterinary therapy.,Immediate veterinary antibiotic injection + anti-inflammatory + frequent cold water fanning and stripping.
COW-2371,Ganga,HF Cross,9.1,1,141,18.7,18.6,0.4,5.14,5.16,5.22,5.2,5.22,0.08,104513,38.8,6.64,0,0,None,LOW,0,"Routine milking, clean dry udder cloth, post-milking dip (0.5% povidone iodine).",No medication needed. Maintain clean bedding and nutrition.
COW-2372,Tulsi,Gir,3.0,3,112,18.2,14.5,20.2,6.11,4.91,4.7,4.83,6.11,1.41,226577,38.7,6.85,0,1,LF,MEDIUM,9589,Subclinical warning in LF quarter. Apply ICAR herbal paste 3x daily for 5 days. Strip affected quarter completely.,ICAR Formulation: 250g Aloe Vera + 50g Pure Turmeric + 15g Edible Lime (Chuna) ground into paste.
COW-2373,Nandini,Red Sindhi,9.0,6,64,11.5,9.8,14.8,6.76,5.15,5.12,5.27,6.76,1.64,336814,39.1,6.88,0,0,LF,MEDIUM,7385,Subclinical warning in LF quarter. Apply ICAR herbal paste 3x daily for 5 days. Strip affected quarter completely.,ICAR Formulation: 250g Aloe Vera + 50g Pure Turmeric + 15g Edible Lime (Chuna) ground into paste.
COW-2374,Tulsi,Red Sindhi,6.7,4,245,12.8,12.6,1.2,4.88,4.77,4.93,4.91,4.93,0.16,163934,38.6,6.5,0,0,None,LOW,0,"Routine milking, clean dry udder cloth, post-milking dip (0.5% povidone iodine).",No medication needed. Maintain clean bedding and nutrition.
COW-2375,Gauri,Sahiwal,9.4,1,224,18.1,15.1,16.4,6.88,4.97,5.04,4.83,6.88,2.05,394206,38.8,6.86,0,0,LF,MEDIUM,7778,Subclinical warning in LF quarter. Apply ICAR herbal paste 3x daily for 5 days. Strip affected quarter completely.,ICAR Formulation: 250g Aloe Vera + 50g Pure Turmeric + 15g Edible Lime (Chuna) ground into paste.
COW-2376,Meera,Red Sindhi,9.3,5,153,10.4,10.2,2.0,4.62,4.69,4.51,4.48,4.69,0.21,118843,38.3,6.57,0,0,None,LOW,0,"Routine milking, clean dry udder cloth, post-milking dip (0.5% povidone iodine).",No medication needed. Maintain clean bedding and nutrition.
COW-2377,Kapila,Gir,6.0,3,219,17.3,16.7,3.2,5.11,5.13,4.99,5.08,5.13,0.14,107050,38.5,6.52,0,0,None,LOW,0,"Routine milking, clean dry udder cloth, post-milking dip (0.5% povidone iodine).",No medication needed. Maintain clean bedding and nutrition.
COW-2378,Devi,Gir,5.2,6,213,19.6,19.3,1.4,4.78,4.77,4.75,4.74,4.78,0.04,119694,38.8,6.67,0,0,None,LOW,0,"Routine milking, clean dry udder cloth, post-milking dip (0.5% povidone iodine).",No medication needed. Maintain clean bedding and nutrition.
COW-2379,Bhavani,Red Sindhi,4.3,6,30,12.6,12.6,0.0,5.14,5.12,4.99,5.01,5.14,0.15,94704,38.2,6.49,0,0,None,LOW,0,"Routine milking, clean dry udder cloth, post-milking dip (0.5% povidone iodine).",No medication needed. Maintain clean bedding and nutrition.
COW-2380,Surabhi,Murrah Buffalo,2.6,6,204,13.0,13.0,0.0,4.97,4.99,5.11,4.88,5.11,0.23,178246,38.5,6.6,0,0,None,LOW,0,"Routine milking, clean dry udder cloth, post-milking dip (0.5% povidone iodine).",No medication needed. Maintain clean bedding and nutrition.
COW-2381,Ganga,Murrah Buffalo,4.0,4,82,17.5,14.6,16.4,4.73,4.89,6.99,4.87,6.99,2.26,236142,39.0,6.84,1,0,LH,MEDIUM,8755,Subclinical warning in LH quarter. Apply ICAR herbal paste 3x daily for 5 days. Strip affected quarter completely.,ICAR Formulation: 250g Aloe Vera + 50g Pure Turmeric + 15g Edible Lime (Chuna) ground into paste.
COW-2382,Sita,Tharparkar,3.5,2,171,15.4,12.0,21.9,4.74,4.78,4.75,7.0,7.0,2.26,309695,38.9,6.95,1,0,RH,MEDIUM,10985,Subclinical warning in RH quarter. Apply ICAR herbal paste 3x daily for 5 days. Strip affected quarter completely.,ICAR Formulation: 250g Aloe Vera + 50g Pure Turmeric + 15g Edible Lime (Chuna) ground into paste.
COW-2383,Nandini,HF Cross,2.9,5,132,19.8,18.8,5.1,4.72,4.71,4.54,4.49,4.72,0.23,122263,38.5,6.59,0,0,None,LOW,0,"Routine milking, clean dry udder cloth, post-milking dip (0.5% povidone iodine).",No medication needed. Maintain clean bedding and nutrition.
COW-2384,Kalyani,Murrah Buffalo,8.4,5,267,14.4,14.1,2.4,4.89,4.92,5.0,5.06,5.06,0.17,56522,38.6,6.57,0,0,None,LOW,0,"Routine milking, clean dry udder cloth, post-milking dip (0.5% povidone iodine).",No medication needed. Maintain clean bedding and nutrition.
COW-2385,Sita,HF Cross,4.4,3,244,21.2,18.0,15.2,5.19,5.19,7.23,4.97,7.23,2.26,273983,38.8,6.88,1,1,LH,MEDIUM,7624,Subclinical warning in LH quarter. Apply ICAR herbal paste 3x daily for 5 days. Strip affected quarter completely.,ICAR Formulation: 250g Aloe Vera + 50g Pure Turmeric + 15g Edible Lime (Chuna) ground into paste.
COW-2386,Surabhi,HF Cross,6.7,5,207,25.7,25.5,0.9,4.56,4.5,4.58,4.59,4.59,0.09,195000,38.7,6.53,0,0,None,LOW,0,"Routine milking, clean dry udder cloth, post-milking dip (0.5% povidone iodine).",No medication needed. Maintain clean bedding and nutrition.
COW-2387,Yamuna,HF Cross,8.9,5,182,25.4,8.3,67.5,7.7,7.33,7.46,7.3,7.7,0.4,1041305,39.6,7.2,2,2,LH,HIGH,51182,Urgent: Acute clinical mastitis! Isolate animal immediately. Call government veterinary officer (1962). Administer prescribed veterinary therapy.,Immediate veterinary antibiotic injection + anti-inflammatory + frequent cold water fanning and stripping.
COW-2388,Surabhi,Tharparkar,4.6,4,105,10.7,2.7,74.6,7.69,7.19,7.33,7.54,7.69,0.5,1456490,39.7,7.41,2,2,LF,HIGH,48275,Urgent: Acute clinical mastitis! Isolate animal immediately. Call government veterinary officer (1962). Administer prescribed veterinary therapy.,Immediate veterinary antibiotic injection + anti-inflammatory + frequent cold water fanning and stripping.
COW-2389,Surabhi,Gir,9.0,3,38,20.0,11.2,44.1,7.41,7.76,7.38,7.54,7.76,0.38,1370721,39.9,7.23,2,2,Both Front,HIGH,35111,Urgent: Acute clinical mastitis! Isolate animal immediately. Call government veterinary officer (1962). Administer prescribed veterinary therapy.,Immediate veterinary antibiotic injection + anti-inflammatory + frequent cold water fanning and stripping.
COW-2390,Meera,HF Cross,8.2,4,223,19.8,16.7,15.9,4.87,6.68,4.61,4.8,6.68,2.07,431882,39.0,6.82,1,0,RF,MEDIUM,7355,Subclinical warning in RF quarter. Apply ICAR herbal paste 3x daily for 5 days. Strip affected quarter completely.,ICAR Formulation: 250g Aloe Vera + 50g Pure Turmeric + 15g Edible Lime (Chuna) ground into paste.
COW-2391,Devi,Gir,3.1,6,240,14.6,7.9,46.2,6.96,7.33,7.23,7.28,7.33,0.37,1116810,40.2,7.17,2,2,LH,HIGH,35355,Urgent: Acute clinical mastitis! Isolate animal immediately. Call government veterinary officer (1962). Administer prescribed veterinary therapy.,Immediate veterinary antibiotic injection + anti-inflammatory + frequent cold water fanning and stripping.
COW-2392,Radha,Red Sindhi,7.3,6,267,10.3,10.1,2.1,4.78,4.93,4.98,4.74,4.98,0.24,56333,38.9,6.59,0,0,None,LOW,0,"Routine milking, clean dry udder cloth, post-milking dip (0.5% povidone iodine).",No medication needed. Maintain clean bedding and nutrition.
COW-2393,Yamuna,Tharparkar,8.1,6,87,11.3,11.3,0.0,4.79,4.74,4.72,4.68,4.79,0.11,127973,38.4,6.57,0,0,None,LOW,0,"Routine milking, clean dry udder cloth, post-milking dip (0.5% povidone iodine).",No medication needed. Maintain clean bedding and nutrition.
COW-2394,Kapila,Gir,3.3,1,35,19.6,16.1,17.8,5.2,5.24,6.68,5.24,6.68,1.48,479396,38.5,6.74,0,0,LH,MEDIUM,7781,Subclinical warning in LH quarter. Apply ICAR herbal paste 3x daily for 5 days. Strip affected quarter completely.,ICAR Formulation: 250g Aloe Vera + 50g Pure Turmeric + 15g Edible Lime (Chuna) ground into paste.
COW-2395,Devi,Sahiwal,5.9,6,103,18.4,18.4,0.0,4.6,4.72,4.52,4.59,4.72,0.2,114590,38.8,6.58,0,0,None,LOW,0,"Routine milking, clean dry udder cloth, post-milking dip (0.5% povidone iodine).",No medication needed. Maintain clean bedding and nutrition.
COW-2396,Sita,Murrah Buffalo,4.1,5,75,16.6,16.2,2.6,4.83,4.8,4.74,4.64,4.83,0.19,173901,38.6,6.61,0,0,None,LOW,0,"Routine milking, clean dry udder cloth, post-milking dip (0.5% povidone iodine).",No medication needed. Maintain clean bedding and nutrition.
COW-2397,Lakshmi,Sahiwal,3.4,4,189,16.1,15.5,3.9,4.87,5.03,5.0,4.87,5.03,0.16,195000,38.9,6.54,0,0,None,LOW,0,"Routine milking, clean dry udder cloth, post-milking dip (0.5% povidone iodine).",No medication needed. Maintain clean bedding and nutrition.
COW-2398,Tulsi,HF Cross,8.5,2,188,19.0,18.8,1.2,4.97,4.98,4.92,4.99,4.99,0.07,143410,38.6,6.48,0,0,None,LOW,0,"Routine milking, clean dry udder cloth, post-milking dip (0.5% povidone iodine).",No medication needed. Maintain clean bedding and nutrition.
COW-2399,Ganga,Sahiwal,3.6,6,238,15.4,12.4,19.4,4.66,6.73,4.76,4.82,6.73,2.07,263102,39.0,6.91,0,0,RF,MEDIUM,8754,Subclinical warning in RF quarter. Apply ICAR herbal paste 3x daily for 5 days. Strip affected quarter completely.,ICAR Formulation: 250g Aloe Vera + 50g Pure Turmeric + 15g Edible Lime (Chuna) ground into paste.
COW-2400,Surabhi,Tharparkar,3.1,3,29,12.8,12.6,1.2,4.67,4.39,4.44,4.56,4.67,0.28,57392,38.5,6.65,0,0,None,LOW,0,"Routine milking, clean dry udder cloth, post-milking dip (0.5% povidone iodine).",No medication needed. Maintain clean bedding and nutrition.
COW-2401,Bhavani,Gir,7.9,2,114,16.3,16.1,1.1,4.69,4.67,4.84,4.93,4.93,0.26,155517,38.6,6.6,0,0,None,LOW,0,"Routine milking, clean dry udder cloth, post-milking dip (0.5% povidone iodine).",No medication needed. Maintain clean bedding and nutrition.
COW-2402,Yamuna,Sahiwal,8.8,5,105,18.2,5.4,70.1,8.04,7.79,7.96,7.69,8.04,0.35,774196,39.8,7.36,2,2,RH,HIGH,50889,Urgent: Acute clinical mastitis! Isolate animal immediately. Call government veterinary officer (1962). Administer prescribed veterinary therapy.,Immediate veterinary antibiotic injection + anti-inflammatory + frequent cold water fanning and stripping.
COW-2403,Meera,Murrah Buffalo,5.6,3,79,12.9,7.7,40.6,8.75,8.25,8.26,8.59,8.75,0.5,1206810,40.1,7.19,2,1,RF,HIGH,38252,Urgent: Acute clinical mastitis! Isolate animal immediately. Call government veterinary officer (1962). Administer prescribed veterinary therapy.,Immediate veterinary antibiotic injection + anti-inflammatory + frequent cold water fanning and stripping.
COW-2404,Radha,Murrah Buffalo,9.5,3,90,16.3,12.7,21.9,4.93,6.61,4.75,4.89,6.61,1.86,298636,39.1,6.79,0,1,RF,MEDIUM,10508,Subclinical warning in RF quarter. Apply ICAR herbal paste 3x daily for 5 days. Strip affected quarter completely.,ICAR Formulation: 250g Aloe Vera + 50g Pure Turmeric + 15g Edible Lime (Chuna) ground into paste.
COW-2405,Lakshmi,Tharparkar,4.2,6,257,15.2,15.0,1.5,4.9,4.88,4.98,5.1,5.1,0.22,83062,38.6,6.57,0,0,None,LOW,0,"Routine milking, clean dry udder cloth, post-milking dip (0.5% povidone iodine).",No medication needed. Maintain clean bedding and nutrition.
COW-2406,Radha,Gir,8.3,1,260,18.0,18.0,0.0,4.78,4.72,4.85,4.73,4.85,0.13,186265,38.5,6.6,0,0,None,LOW,0,"Routine milking, clean dry udder cloth, post-milking dip (0.5% povidone iodine).",No medication needed. Maintain clean bedding and nutrition.
COW-2407,Devi,HF Cross,3.0,4,101,21.2,20.8,1.8,5.02,4.89,5.07,4.96,5.07,0.18,122311,38.6,6.49,0,0,None,LOW,0,"Routine milking, clean dry udder cloth, post-milking dip (0.5% povidone iodine).",No medication needed. Maintain clean bedding and nutrition.
COW-2408,Nandini,Tharparkar,2.9,6,153,14.7,14.4,2.0,4.71,4.78,4.82,4.74,4.82,0.11,133527,38.5,6.64,0,0,None,LOW,0,"Routine milking, clean dry udder cloth, post-milking dip (0.5% povidone iodine).",No medication needed. Maintain clean bedding and nutrition.
COW-2409,Nandini,Gir,5.5,6,149,14.4,14.2,1.6,5.0,5.03,4.91,5.18,5.18,0.27,181732,38.3,6.59,0,0,None,LOW,0,"Routine milking, clean dry udder cloth, post-milking dip (0.5% povidone iodine).",No medication needed. Maintain clean bedding and nutrition.
COW-2410,Kamdhenu,Rathi,7.5,5,120,13.5,13.3,1.5,4.89,4.67,4.89,4.89,4.89,0.22,92576,38.7,6.7,0,0,None,LOW,0,"Routine milking, clean dry udder cloth, post-milking dip (0.5% povidone iodine).",No medication needed. Maintain clean bedding and nutrition.
COW-2411,Lakshmi,Murrah Buffalo,3.7,2,19,12.4,5.0,60.0,6.83,6.45,6.58,6.96,6.96,0.51,1376757,40.2,7.14,2,2,RH,HIGH,44611,Urgent: Acute clinical mastitis! Isolate animal immediately. Call government veterinary officer (1962). Administer prescribed veterinary therapy.,Immediate veterinary antibiotic injection + anti-inflammatory + frequent cold water fanning and stripping.
COW-2412,Kapila,Rathi,6.5,4,219,10.2,4.0,61.1,6.73,6.93,6.92,6.68,6.93,0.25,600000,39.9,7.05,2,1,RH,HIGH,40710,Urgent: Acute clinical mastitis! Isolate animal immediately. Call government veterinary officer (1962). Administer prescribed veterinary therapy.,Immediate veterinary antibiotic injection + anti-inflammatory + frequent cold water fanning and stripping.
COW-2413,Kapila,HF Cross,5.2,1,247,25.7,21.4,16.9,5.0,4.95,5.07,6.86,6.86,1.91,439287,38.8,6.79,1,0,RH,MEDIUM,7650,Subclinical warning in RH quarter. Apply ICAR herbal paste 3x daily for 5 days. Strip affected quarter completely.,ICAR Formulation: 250g Aloe Vera + 50g Pure Turmeric + 15g Edible Lime (Chuna) ground into paste.
COW-2414,Sita,Gir,6.9,4,180,15.9,15.6,1.6,4.88,4.83,4.76,4.73,4.88,0.15,161120,38.3,6.53,0,0,None,LOW,0,"Routine milking, clean dry udder cloth, post-milking dip (0.5% povidone iodine).",No medication needed. Maintain clean bedding and nutrition.
COW-2415,Ganga,Gir,3.6,5,47,16.1,15.8,1.6,4.8,4.64,4.64,4.75,4.8,0.16,166006,38.6,6.59,0,0,None,LOW,0,"Routine milking, clean dry udder cloth, post-milking dip (0.5% povidone iodine).",No medication needed. Maintain clean bedding and nutrition.
COW-2416,Bhavani,Murrah Buffalo,5.9,6,37,12.0,11.8,1.6,4.81,4.78,4.89,4.82,4.89,0.11,144008,38.5,6.52,0,0,None,LOW,0,"Routine milking, clean dry udder cloth, post-milking dip (0.5% povidone iodine).",No medication needed. Maintain clean bedding and nutrition.
COW-2417,Surabhi,Murrah Buffalo,6.5,5,242,17.5,8.9,49.0,7.16,7.57,7.3,7.63,7.63,0.47,824208,40.2,7.18,2,2,LF,HIGH,33041,Urgent: Acute clinical mastitis! Isolate animal immediately. Call government veterinary officer (1962). Administer prescribed veterinary therapy.,Immediate veterinary antibiotic injection + anti-inflammatory + frequent cold water fanning and stripping.
COW-2418,Lakshmi,Tharparkar,4.2,3,124,12.8,12.6,1.3,5.09,4.96,4.98,5.08,5.09,0.13,195000,38.5,6.5,0,0,None,LOW,0,"Routine milking, clean dry udder cloth, post-milking dip (0.5% povidone iodine).",No medication needed. Maintain clean bedding and nutrition.
COW-2419,Kapila,Gir,3.3,6,195,14.8,13.1,11.3,4.73,6.43,4.85,4.71,6.43,1.72,356355,39.2,6.77,0,1,RF,MEDIUM,6301,Subclinical warning in RF quarter. Apply ICAR herbal paste 3x daily for 5 days. Strip affected quarter completely.,ICAR Formulation: 250g Aloe Vera + 50g Pure Turmeric + 15g Edible Lime (Chuna) ground into paste.
COW-2420,Gauri,Sahiwal,5.5,2,52,19.1,15.5,19.0,4.96,4.94,7.18,4.93,7.18,2.25,210000,39.0,6.72,1,0,LH,MEDIUM,8779,Subclinical warning in LH quarter. Apply ICAR herbal paste 3x daily for 5 days. Strip affected quarter completely.,ICAR Formulation: 250g Aloe Vera + 50g Pure Turmeric + 15g Edible Lime (Chuna) ground into paste.
COW-2421,Tulsi,Murrah Buffalo,8.0,3,74,14.4,5.7,60.2,7.05,7.19,7.26,6.84,7.26,0.42,1047345,40.1,7.24,2,2,Both Hind,HIGH,41809,Urgent: Acute clinical mastitis! Isolate animal immediately. Call government veterinary officer (1962). Administer prescribed veterinary therapy.,Immediate veterinary antibiotic injection + anti-inflammatory + frequent cold water fanning and stripping.
COW-2422,Sita,Murrah Buffalo,8.6,3,20,15.2,12.0,21.2,4.64,6.45,4.75,4.8,6.45,1.81,368241,38.6,6.8,1,0,RF,MEDIUM,9430,Subclinical warning in RF quarter. Apply ICAR herbal paste 3x daily for 5 days. Strip affected quarter completely.,ICAR Formulation: 250g Aloe Vera + 50g Pure Turmeric + 15g Edible Lime (Chuna) ground into paste.
COW-2423,Ganga,Gir,9.3,5,240,14.8,12.8,13.4,6.68,5.12,5.07,5.24,6.68,1.61,319001,38.8,6.83,1,1,LF,MEDIUM,6879,Subclinical warning in LF quarter. Apply ICAR herbal paste 3x daily for 5 days. Strip affected quarter completely.,ICAR Formulation: 250g Aloe Vera + 50g Pure Turmeric + 15g Edible Lime (Chuna) ground into paste.
COW-2424,Kapila,Red Sindhi,6.6,2,31,11.5,11.2,2.2,4.65,4.61,4.8,4.56,4.8,0.24,145260,38.7,6.6,0,0,None,LOW,0,"Routine milking, clean dry udder cloth, post-milking dip (0.5% povidone iodine).",No medication needed. Maintain clean bedding and nutrition.
COW-2425,Sita,Sahiwal,6.5,1,84,19.4,5.8,70.3,6.54,6.91,6.75,6.99,6.99,0.45,646221,40.2,7.32,2,2,LF,HIGH,46268,Urgent: Acute clinical mastitis! Isolate animal immediately. Call government veterinary officer (1962). Administer prescribed veterinary therapy.,Immediate veterinary antibiotic injection + anti-inflammatory + frequent cold water fanning and stripping.
COW-2426,Nandini,Rathi,4.9,6,253,15.8,15.7,0.6,4.85,4.88,4.79,4.89,4.89,0.1,155512,38.4,6.54,0,0,None,LOW,0,"Routine milking, clean dry udder cloth, post-milking dip (0.5% povidone iodine).",No medication needed. Maintain clean bedding and nutrition.
COW-2427,Radha,HF Cross,5.0,3,108,20.1,19.5,2.9,4.61,4.65,4.75,4.69,4.75,0.14,148774,38.7,6.56,0,0,None,LOW,0,"Routine milking, clean dry udder cloth, post-milking dip (0.5% povidone iodine).",No medication needed. Maintain clean bedding and nutrition.
COW-2428,Devi,Sahiwal,4.6,2,109,19.0,18.5,2.6,4.79,5.01,4.81,4.89,5.01,0.22,134321,38.5,6.57,0,0,None,LOW,0,"Routine milking, clean dry udder cloth, post-milking dip (0.5% povidone iodine).",No medication needed. Maintain clean bedding and nutrition.
COW-2429,Ganga,Murrah Buffalo,5.3,6,67,12.1,11.8,2.3,4.79,4.77,4.83,4.86,4.86,0.09,141395,38.9,6.53,0,0,None,LOW,0,"Routine milking, clean dry udder cloth, post-milking dip (0.5% povidone iodine).",No medication needed. Maintain clean bedding and nutrition.
COW-2430,Surabhi,Red Sindhi,8.3,1,28,13.3,5.3,60.4,7.25,6.91,7.34,7.06,7.34,0.43,1014779,39.9,7.25,2,1,Both Front,HIGH,40706,Urgent: Acute clinical mastitis! Isolate animal immediately. Call government veterinary officer (1962). Administer prescribed veterinary therapy.,Immediate veterinary antibiotic injection + anti-inflammatory + frequent cold water fanning and stripping.
COW-2431,Devi,Red Sindhi,7.1,6,261,12.6,12.6,0.0,4.69,4.64,4.69,4.73,4.73,0.09,134807,38.9,6.57,0,0,None,LOW,0,"Routine milking, clean dry udder cloth, post-milking dip (0.5% povidone iodine).",No medication needed. Maintain clean bedding and nutrition.
COW-2432,Ganga,Sahiwal,6.3,3,36,15.0,13.2,11.9,4.86,4.9,7.03,5.02,7.03,2.17,339110,38.5,6.81,0,0,LH,MEDIUM,6730,Subclinical warning in LH quarter. Apply ICAR herbal paste 3x daily for 5 days. Strip affected quarter completely.,ICAR Formulation: 250g Aloe Vera + 50g Pure Turmeric + 15g Edible Lime (Chuna) ground into paste.
COW-2433,Ganga,Rathi,8.1,1,81,10.1,10.0,0.7,4.73,4.76,4.7,4.7,4.76,0.06,130560,38.7,6.64,0,0,None,LOW,0,"Routine milking, clean dry udder cloth, post-milking dip (0.5% povidone iodine).",No medication needed. Maintain clean bedding and nutrition.
COW-2434,Meera,Murrah Buffalo,5.4,4,46,16.4,16.1,2.0,5.13,5.0,5.14,5.02,5.14,0.14,124728,38.3,6.51,0,0,None,LOW,0,"Routine milking, clean dry udder cloth, post-milking dip (0.5% povidone iodine).",No medication needed. Maintain clean bedding and nutrition.
COW-2435,Surabhi,Sahiwal,7.9,5,189,18.5,18.1,2.3,4.91,4.97,5.0,4.91,5.0,0.09,85424,38.4,6.52,0,0,None,LOW,0,"Routine milking, clean dry udder cloth, post-milking dip (0.5% povidone iodine).",No medication needed. Maintain clean bedding and nutrition.
COW-2436,Devi,Sahiwal,8.9,6,144,18.9,18.7,1.3,4.45,4.64,4.61,4.38,4.64,0.26,193050,38.2,6.47,0,0,None,LOW,0,"Routine milking, clean dry udder cloth, post-milking dip (0.5% povidone iodine).",No medication needed. Maintain clean bedding and nutrition.
COW-2437,Yamuna,Murrah Buffalo,5.7,5,20,12.5,10.6,15.0,4.92,7.11,4.99,5.01,7.11,2.19,321098,38.9,6.78,1,1,RF,MEDIUM,8244,Subclinical warning in RF quarter. Apply ICAR herbal paste 3x daily for 5 days. Strip affected quarter completely.,ICAR Formulation: 250g Aloe Vera + 50g Pure Turmeric + 15g Edible Lime (Chuna) ground into paste.
COW-2438,Bhavani,Gir,8.3,4,265,15.9,15.9,0.0,4.65,4.59,4.67,4.69,4.69,0.1,122977,38.6,6.64,0,0,None,LOW,0,"Routine milking, clean dry udder cloth, post-milking dip (0.5% povidone iodine).",No medication needed. Maintain clean bedding and nutrition.
COW-2439,Lakshmi,Tharparkar,5.0,5,128,13.2,7.1,46.3,8.06,7.87,8.08,8.34,8.34,0.47,1070871,40.3,7.11,2,2,RF,HIGH,40960,Urgent: Acute clinical mastitis! Isolate animal immediately. Call government veterinary officer (1962). Administer prescribed veterinary therapy.,Immediate veterinary antibiotic injection + anti-inflammatory + frequent cold water fanning and stripping.
COW-2440,Lakshmi,Red Sindhi,9.2,6,187,12.3,10.8,12.3,5.18,5.12,6.51,4.98,6.51,1.53,441181,38.6,6.82,0,0,LH,MEDIUM,6009,Subclinical warning in LH quarter. Apply ICAR herbal paste 3x daily for 5 days. Strip affected quarter completely.,ICAR Formulation: 250g Aloe Vera + 50g Pure Turmeric + 15g Edible Lime (Chuna) ground into paste.
COW-2441,Ganga,Gir,3.1,1,73,17.2,6.6,61.5,6.88,7.08,6.92,7.22,7.22,0.34,1394607,40.0,7.05,2,1,LF,HIGH,46195,Urgent: Acute clinical mastitis! Isolate animal immediately. Call government veterinary officer (1962). Administer prescribed veterinary therapy.,Immediate veterinary antibiotic injection + anti-inflammatory + frequent cold water fanning and stripping.
COW-2442,Kalyani,Gir,8.5,4,161,18.2,15.1,17.2,4.95,6.55,5.03,4.92,6.55,1.63,289994,39.1,6.79,0,1,RF,MEDIUM,7728,Subclinical warning in RF quarter. Apply ICAR herbal paste 3x daily for 5 days. Strip affected quarter completely.,ICAR Formulation: 250g Aloe Vera + 50g Pure Turmeric + 15g Edible Lime (Chuna) ground into paste.
COW-2443,Ganga,Sahiwal,3.5,4,210,18.5,18.4,0.7,4.74,4.69,4.94,4.73,4.94,0.25,100374,38.7,6.56,0,0,None,LOW,0,"Routine milking, clean dry udder cloth, post-milking dip (0.5% povidone iodine).",No medication needed. Maintain clean bedding and nutrition.
COW-2444,Kamdhenu,Tharparkar,3.7,6,176,14.1,13.7,2.7,4.99,5.16,5.15,5.1,5.16,0.17,135230,38.7,6.7,0,0,None,LOW,0,"Routine milking, clean dry udder cloth, post-milking dip (0.5% povidone iodine).",No medication needed. Maintain clean bedding and nutrition.
COW-2445,Lakshmi,HF Cross,6.3,2,115,25.8,25.4,1.6,4.89,4.62,4.77,4.77,4.89,0.27,170594,38.4,6.52,0,0,None,LOW,0,"Routine milking, clean dry udder cloth, post-milking dip (0.5% povidone iodine).",No medication needed. Maintain clean bedding and nutrition.
COW-2446,Yamuna,Rathi,6.6,3,18,11.6,11.4,2.1,4.71,4.63,4.56,4.6,4.71,0.15,133750,38.3,6.57,0,0,None,LOW,0,"Routine milking, clean dry udder cloth, post-milking dip (0.5% povidone iodine).",No medication needed. Maintain clean bedding and nutrition.
COW-2447,Nandini,Gir,6.8,3,109,18.7,18.6,0.7,4.72,4.56,4.63,4.7,4.72,0.16,142613,38.6,6.6,0,0,None,LOW,0,"Routine milking, clean dry udder cloth, post-milking dip (0.5% povidone iodine).",No medication needed. Maintain clean bedding and nutrition.
COW-2448,Ganga,Rathi,7.7,4,131,11.6,11.4,1.5,4.74,4.7,4.92,4.82,4.92,0.22,112013,38.3,6.69,0,0,None,LOW,0,"Routine milking, clean dry udder cloth, post-milking dip (0.5% povidone iodine).",No medication needed. Maintain clean bedding and nutrition.
COW-2449,Lakshmi,Tharparkar,3.1,4,190,13.3,13.3,0.0,4.72,4.82,4.93,4.76,4.93,0.21,122130,38.3,6.7,0,0,None,LOW,0,"Routine milking, clean dry udder cloth, post-milking dip (0.5% povidone iodine).",No medication needed. Maintain clean bedding and nutrition.
COW-2450,Sita,Murrah Buffalo,3.3,3,222,13.3,12.9,2.9,4.77,4.75,4.66,4.67,4.77,0.11,114990,38.6,6.62,0,0,None,LOW,0,"Routine milking, clean dry udder cloth, post-milking dip (0.5% povidone iodine).",No medication needed. Maintain clean bedding and nutrition.
COW-2451,Kapila,HF Cross,7.5,2,221,19.4,16.3,16.2,5.17,4.89,6.49,4.98,6.49,1.6,446532,38.9,6.74,1,0,LH,MEDIUM,7568,Subclinical warning in LH quarter. Apply ICAR herbal paste 3x daily for 5 days. Strip affected quarter completely.,ICAR Formulation: 250g Aloe Vera + 50g Pure Turmeric + 15g Edible Lime (Chuna) ground into paste.
COW-2452,Meera,HF Cross,3.2,6,287,24.1,24.1,0.0,4.67,4.77,4.72,4.56,4.77,0.21,121006,38.6,6.7,0,0,None,LOW,0,"Routine milking, clean dry udder cloth, post-milking dip (0.5% povidone iodine).",No medication needed. Maintain clean bedding and nutrition.
COW-2453,Kalyani,HF Cross,3.1,2,60,25.6,25.3,1.3,4.62,4.55,4.67,4.43,4.67,0.24,172090,38.5,6.63,0,0,None,LOW,0,"Routine milking, clean dry udder cloth, post-milking dip (0.5% povidone iodine).",No medication needed. Maintain clean bedding and nutrition.
COW-2454,Nandini,Rathi,3.6,4,290,12.5,12.1,3.0,4.86,4.62,4.77,4.75,4.86,0.24,100514,38.7,6.62,0,0,None,LOW,0,"Routine milking, clean dry udder cloth, post-milking dip (0.5% povidone iodine).",No medication needed. Maintain clean bedding and nutrition.
COW-2455,Radha,Rathi,6.3,4,170,15.9,13.3,16.3,6.36,4.74,4.72,4.85,6.36,1.64,319068,38.7,6.72,0,1,LF,MEDIUM,8271,Subclinical warning in LF quarter. Apply ICAR herbal paste 3x daily for 5 days. Strip affected quarter completely.,ICAR Formulation: 250g Aloe Vera + 50g Pure Turmeric + 15g Edible Lime (Chuna) ground into paste.
COW-2456,Nandini,Red Sindhi,7.7,4,217,11.7,4.3,63.0,7.27,7.18,7.26,6.95,7.27,0.32,1486780,40.4,7.11,2,1,Both Front,HIGH,41808,Urgent: Acute clinical mastitis! Isolate animal immediately. Call government veterinary officer (1962). Administer prescribed veterinary therapy.,Immediate veterinary antibiotic injection + anti-inflammatory + frequent cold water fanning and stripping.
COW-2457,Tulsi,Tharparkar,8.2,2,50,11.2,11.2,0.3,4.78,4.81,4.84,4.83,4.84,0.06,111149,38.4,6.49,0,0,None,LOW,0,"Routine milking, clean dry udder cloth, post-milking dip (0.5% povidone iodine).",No medication needed. Maintain clean bedding and nutrition.
COW-2458,Kamdhenu,Murrah Buffalo,7.6,5,69,12.5,5.0,60.1,6.96,6.86,6.86,6.87,6.96,0.1,803159,40.0,7.14,2,1,RH,HIGH,40685,Urgent: Acute clinical mastitis! Isolate animal immediately. Call government veterinary officer (1962). Administer prescribed veterinary therapy.,Immediate veterinary antibiotic injection + anti-inflammatory + frequent cold water fanning and stripping.
COW-2459,Yamuna,HF Cross,3.9,6,22,18.5,8.8,52.2,7.46,7.47,7.44,7.06,7.47,0.41,630548,41.0,7.44,2,1,RH,HIGH,36742,Urgent: Acute clinical mastitis! Isolate animal immediately. Call government veterinary officer (1962). Administer prescribed veterinary therapy.,Immediate veterinary antibiotic injection + anti-inflammatory + frequent cold water fanning and stripping.
COW-2460,Yamuna,Murrah Buffalo,3.9,4,108,17.2,16.6,3.3,4.83,4.78,4.8,4.89,4.89,0.11,102734,38.6,6.61,0,0,None,LOW,0,"Routine milking, clean dry udder cloth, post-milking dip (0.5% povidone iodine).",No medication needed. Maintain clean bedding and nutrition.
COW-2461,Meera,Rathi,7.5,3,94,15.5,13.6,12.0,5.05,6.93,4.9,5.0,6.93,2.03,262697,39.1,6.78,1,1,RF,MEDIUM,7611,Subclinical warning in RF quarter. Apply ICAR herbal paste 3x daily for 5 days. Strip affected quarter completely.,ICAR Formulation: 250g Aloe Vera + 50g Pure Turmeric + 15g Edible Lime (Chuna) ground into paste.
COW-2462,Meera,Red Sindhi,4.1,5,117,15.3,14.5,5.4,5.09,5.15,4.95,5.13,5.15,0.2,83244,38.6,6.66,0,0,None,LOW,0,"Routine milking, clean dry udder cloth, post-milking dip (0.5% povidone iodine).",No medication needed. Maintain clean bedding and nutrition.
COW-2463,Surabhi,HF Cross,3.1,3,70,25.1,14.1,43.8,6.83,6.7,6.89,7.13,7.13,0.43,780096,40.5,7.19,2,1,RH,HIGH,33010,Urgent: Acute clinical mastitis! Isolate animal immediately. Call government veterinary officer (1962). Administer prescribed veterinary therapy.,Immediate veterinary antibiotic injection + anti-inflammatory + frequent cold water fanning and stripping.
COW-2464,Ganga,HF Cross,6.0,2,114,25.2,20.5,18.8,4.76,6.14,4.89,4.7,6.14,1.44,374835,38.5,6.72,0,1,RF,MEDIUM,8746,Subclinical warning in RF quarter. Apply ICAR herbal paste 3x daily for 5 days. Strip affected quarter completely.,ICAR Formulation: 250g Aloe Vera + 50g Pure Turmeric + 15g Edible Lime (Chuna) ground into paste.
COW-2465,Tulsi,Red Sindhi,7.7,6,22,12.4,4.9,60.4,7.36,7.22,7.35,7.19,7.36,0.17,928443,40.2,7.15,2,1,RH,HIGH,47018,Urgent: Acute clinical mastitis! Isolate animal immediately. Call government veterinary officer (1962). Administer prescribed veterinary therapy.,Immediate veterinary antibiotic injection + anti-inflammatory + frequent cold water fanning and stripping.
COW-2466,Yamuna,Gir,8.5,3,138,18.6,15.4,17.1,5.14,4.89,5.13,6.56,6.56,1.67,366133,39.1,6.87,0,1,RH,MEDIUM,8201,Subclinical warning in RH quarter. Apply ICAR herbal paste 3x daily for 5 days. Strip affected quarter completely.,ICAR Formulation: 250g Aloe Vera + 50g Pure Turmeric + 15g Edible Lime (Chuna) ground into paste.
COW-2467,Gauri,Tharparkar,3.7,6,20,15.9,13.1,17.3,5.01,7.01,5.15,5.06,7.01,2.0,433315,38.9,6.72,1,0,RF,MEDIUM,7838,Subclinical warning in RF quarter. Apply ICAR herbal paste 3x daily for 5 days. Strip affected quarter completely.,ICAR Formulation: 250g Aloe Vera + 50g Pure Turmeric + 15g Edible Lime (Chuna) ground into paste.
COW-2468,Nandini,Tharparkar,3.9,5,271,13.6,4.5,66.7,7.02,7.05,7.15,7.27,7.27,0.25,1677181,40.0,7.39,2,2,RF,HIGH,43586,Urgent: Acute clinical mastitis! Isolate animal immediately. Call government veterinary officer (1962). Administer prescribed veterinary therapy.,Immediate veterinary antibiotic injection + anti-inflammatory + frequent cold water fanning and stripping.
COW-2469,Sita,Red Sindhi,6.8,4,149,13.8,13.8,0.1,4.85,5.02,4.81,4.95,5.02,0.21,185080,38.6,6.49,0,0,None,LOW,0,"Routine milking, clean dry udder cloth, post-milking dip (0.5% povidone iodine).",No medication needed. Maintain clean bedding and nutrition.
COW-2470,Sita,Rathi,5.3,1,13,13.3,13.0,2.6,4.74,4.61,4.64,4.72,4.74,0.13,176296,38.5,6.58,0,0,None,LOW,0,"Routine milking, clean dry udder cloth, post-milking dip (0.5% povidone iodine).",No medication needed. Maintain clean bedding and nutrition.
COW-2471,Sita,Murrah Buffalo,5.3,1,272,13.2,11.2,14.8,4.74,4.69,6.3,4.89,6.3,1.61,368742,38.9,6.8,0,1,LH,MEDIUM,7279,Subclinical warning in LH quarter. Apply ICAR herbal paste 3x daily for 5 days. Strip affected quarter completely.,ICAR Formulation: 250g Aloe Vera + 50g Pure Turmeric + 15g Edible Lime (Chuna) ground into paste.
COW-2472,Bhavani,Rathi,6.2,3,160,11.9,9.4,20.7,5.04,6.35,4.88,5.17,6.35,1.47,298113,39.0,6.86,0,0,RF,MEDIUM,9561,Subclinical warning in RF quarter. Apply ICAR herbal paste 3x daily for 5 days. Strip affected quarter completely.,ICAR Formulation: 250g Aloe Vera + 50g Pure Turmeric + 15g Edible Lime (Chuna) ground into paste.
COW-2473,Ganga,Tharparkar,2.8,4,160,13.3,4.4,67.0,7.99,8.2,8.03,8.19,8.2,0.21,1109944,40.6,7.23,2,1,LF,HIGH,50614,Urgent: Acute clinical mastitis! Isolate animal immediately. Call government veterinary officer (1962). Administer prescribed veterinary therapy.,Immediate veterinary antibiotic injection + anti-inflammatory + frequent cold water fanning and stripping.
COW-2474,Devi,Rathi,6.5,2,33,12.0,11.9,1.1,5.0,5.02,5.06,4.92,5.06,0.14,100191,38.3,6.52,0,0,None,LOW,0,"Routine milking, clean dry udder cloth, post-milking dip (0.5% povidone iodine).",No medication needed. Maintain clean bedding and nutrition.
COW-2475,Kalyani,HF Cross,9.5,5,189,21.3,11.2,47.4,7.07,6.97,7.05,6.53,7.07,0.54,1631803,39.9,7.28,2,2,LF,HIGH,38095,Urgent: Acute clinical mastitis! Isolate animal immediately. Call government veterinary officer (1962). Administer prescribed veterinary therapy.,Immediate veterinary antibiotic injection + anti-inflammatory + frequent cold water fanning and stripping.
COW-2476,Bhavani,HF Cross,5.3,5,194,23.2,22.9,1.2,5.04,5.02,5.1,5.16,5.16,0.14,107015,38.4,6.49,0,0,None,LOW,0,"Routine milking, clean dry udder cloth, post-milking dip (0.5% povidone iodine).",No medication needed. Maintain clean bedding and nutrition.
COW-2477,Meera,Red Sindhi,5.6,5,162,12.6,12.6,0.0,4.8,4.87,4.66,4.69,4.87,0.21,123220,38.6,6.59,0,0,None,LOW,0,"Routine milking, clean dry udder cloth, post-milking dip (0.5% povidone iodine).",No medication needed. Maintain clean bedding and nutrition.
COW-2478,Kapila,Sahiwal,5.4,6,29,14.2,11.1,21.6,5.03,6.42,4.83,5.04,6.42,1.59,395893,38.9,6.84,0,0,RF,MEDIUM,9865,Subclinical warning in RF quarter. Apply ICAR herbal paste 3x daily for 5 days. Strip affected quarter completely.,ICAR Formulation: 250g Aloe Vera + 50g Pure Turmeric + 15g Edible Lime (Chuna) ground into paste.
COW-2479,Kapila,Murrah Buffalo,7.2,4,217,16.9,16.5,2.2,4.54,4.57,4.76,4.57,4.76,0.22,129678,38.4,6.59,0,0,None,LOW,0,"Routine milking, clean dry udder cloth, post-milking dip (0.5% povidone iodine).",No medication needed. Maintain clean bedding and nutrition.
COW-2480,Devi,Murrah Buffalo,6.8,4,256,12.8,3.5,72.6,7.08,6.64,6.57,6.71,7.08,0.51,600000,40.0,7.21,2,2,RF,HIGH,51502,Urgent: Acute clinical mastitis! Isolate animal immediately. Call government veterinary officer (1962). Administer prescribed veterinary therapy.,Immediate veterinary antibiotic injection + anti-inflammatory + frequent cold water fanning and stripping.
COW-2481,Bhavani,Gir,4.3,3,257,19.4,19.2,0.8,4.76,4.63,4.59,4.65,4.76,0.17,138965,38.7,6.53,0,0,None,LOW,0,"Routine milking, clean dry udder cloth, post-milking dip (0.5% povidone iodine).",No medication needed. Maintain clean bedding and nutrition.
COW-2482,Ganga,Gir,8.4,2,285,15.4,15.0,2.7,5.14,4.93,5.07,4.91,5.14,0.23,112061,38.3,6.56,0,0,None,LOW,0,"Routine milking, clean dry udder cloth, post-milking dip (0.5% povidone iodine).",No medication needed. Maintain clean bedding and nutrition.
COW-2483,Ganga,HF Cross,8.3,5,40,18.0,17.9,0.7,4.48,4.45,4.69,4.71,4.71,0.26,93115,38.6,6.48,0,0,None,LOW,0,"Routine milking, clean dry udder cloth, post-milking dip (0.5% povidone iodine).",No medication needed. Maintain clean bedding and nutrition.
COW-2484,Bhavani,Tharparkar,4.2,6,85,13.8,13.8,0.0,4.68,4.61,4.61,4.52,4.68,0.16,118467,38.8,6.56,0,0,None,LOW,0,"Routine milking, clean dry udder cloth, post-milking dip (0.5% povidone iodine).",No medication needed. Maintain clean bedding and nutrition.
COW-2485,Nandini,Rathi,4.7,6,176,13.3,13.0,2.1,4.79,4.91,4.8,4.91,4.91,0.12,60038,38.5,6.62,0,0,None,LOW,0,"Routine milking, clean dry udder cloth, post-milking dip (0.5% povidone iodine).",No medication needed. Maintain clean bedding and nutrition.
COW-2486,Nandini,Gir,5.3,5,179,16.9,15.0,11.1,4.68,4.6,4.84,6.24,6.24,1.64,331729,39.1,6.78,1,1,RH,MEDIUM,6014,Subclinical warning in RH quarter. Apply ICAR herbal paste 3x daily for 5 days. Strip affected quarter completely.,ICAR Formulation: 250g Aloe Vera + 50g Pure Turmeric + 15g Edible Lime (Chuna) ground into paste.
COW-2487,Radha,Tharparkar,4.1,3,121,12.1,12.1,0.0,4.77,4.84,4.83,4.65,4.84,0.19,161321,38.2,6.53,0,0,None,LOW,0,"Routine milking, clean dry udder cloth, post-milking dip (0.5% povidone iodine).",No medication needed. Maintain clean bedding and nutrition.
COW-2488,Bhavani,Red Sindhi,5.7,3,165,14.2,6.1,57.1,6.77,7.14,6.72,6.8,7.14,0.42,1103804,40.2,7.27,2,1,RH,HIGH,40191,Urgent: Acute clinical mastitis! Isolate animal immediately. Call government veterinary officer (1962). Administer prescribed veterinary therapy.,Immediate veterinary antibiotic injection + anti-inflammatory + frequent cold water fanning and stripping.
COW-2489,Meera,Gir,6.2,4,54,19.2,19.2,0.0,4.72,4.63,4.65,4.53,4.72,0.19,132165,38.3,6.57,0,0,None,LOW,0,"Routine milking, clean dry udder cloth, post-milking dip (0.5% povidone iodine).",No medication needed. Maintain clean bedding and nutrition.
COW-2490,Devi,Gir,6.1,5,285,19.3,16.9,12.2,6.63,4.89,4.79,4.81,6.63,1.84,415426,38.7,6.78,0,1,LF,MEDIUM,6141,Subclinical warning in LF quarter. Apply ICAR herbal paste 3x daily for 5 days. Strip affected quarter completely.,ICAR Formulation: 250g Aloe Vera + 50g Pure Turmeric + 15g Edible Lime (Chuna) ground into paste.
COW-2491,Kamdhenu,Tharparkar,7.3,4,179,15.0,15.0,0.0,4.61,4.79,4.78,4.56,4.79,0.23,185612,38.3,6.51,0,0,None,LOW,0,"Routine milking, clean dry udder cloth, post-milking dip (0.5% povidone iodine).",No medication needed. Maintain clean bedding and nutrition.
COW-2492,Yamuna,Rathi,8.5,3,229,14.1,13.3,5.4,4.63,4.54,4.66,4.74,4.74,0.2,127624,38.6,6.62,0,0,None,LOW,0,"Routine milking, clean dry udder cloth, post-milking dip (0.5% povidone iodine).",No medication needed. Maintain clean bedding and nutrition.
COW-2493,Devi,Sahiwal,6.6,4,45,19.9,19.8,0.6,4.88,5.02,4.92,4.95,5.02,0.14,51269,38.6,6.55,0,0,None,LOW,0,"Routine milking, clean dry udder cloth, post-milking dip (0.5% povidone iodine).",No medication needed. Maintain clean bedding and nutrition.
COW-2494,Bhavani,Tharparkar,4.3,3,38,13.7,13.3,2.8,5.03,4.86,4.98,4.99,5.03,0.17,108307,38.3,6.68,0,0,None,LOW,0,"Routine milking, clean dry udder cloth, post-milking dip (0.5% povidone iodine).",No medication needed. Maintain clean bedding and nutrition.
COW-2495,Kapila,Sahiwal,6.5,5,131,19.0,16.7,12.0,4.84,4.79,6.89,4.79,6.89,2.1,321623,39.1,6.72,1,1,LH,MEDIUM,6267,Subclinical warning in LH quarter. Apply ICAR herbal paste 3x daily for 5 days. Strip affected quarter completely.,ICAR Formulation: 250g Aloe Vera + 50g Pure Turmeric + 15g Edible Lime (Chuna) ground into paste.
COW-2496,Tulsi,Rathi,7.9,3,246,13.5,13.3,1.7,4.95,4.93,4.95,4.79,4.95,0.16,83425,38.2,6.54,0,0,None,LOW,0,"Routine milking, clean dry udder cloth, post-milking dip (0.5% povidone iodine).",No medication needed. Maintain clean bedding and nutrition.
COW-2497,Tulsi,Rathi,4.9,5,76,15.7,12.9,18.0,6.65,4.86,4.78,4.8,6.65,1.87,327200,38.8,6.72,0,0,LF,MEDIUM,8412,Subclinical warning in LF quarter. Apply ICAR herbal paste 3x daily for 5 days. Strip affected quarter completely.,ICAR Formulation: 250g Aloe Vera + 50g Pure Turmeric + 15g Edible Lime (Chuna) ground into paste.
COW-2498,Yamuna,Rathi,3.8,5,243,15.4,15.4,0.0,5.13,5.06,5.18,4.98,5.18,0.2,158110,38.5,6.62,0,0,None,LOW,0,"Routine milking, clean dry udder cloth, post-milking dip (0.5% povidone iodine).",No medication needed. Maintain clean bedding and nutrition.
COW-2499,Nandini,Red Sindhi,3.2,3,117,12.6,11.0,12.5,4.93,6.8,4.84,5.03,6.8,1.96,341804,38.5,6.79,1,1,RF,MEDIUM,7613,Subclinical warning in RF quarter. Apply ICAR herbal paste 3x daily for 5 days. Strip affected quarter completely.,ICAR Formulation: 250g Aloe Vera + 50g Pure Turmeric + 15g Edible Lime (Chuna) ground into paste.
COW-2500,Yamuna,Gir,7.9,5,137,17.7,6.1,65.8,6.93,6.56,6.37,6.85,6.93,0.56,1387027,40.2,7.12,2,1,Both Hind,HIGH,42626,Urgent: Acute clinical mastitis! Isolate animal immediately. Call government veterinary officer (1962). Administer prescribed veterinary therapy.,Immediate veterinary antibiotic injection + anti-inflammatory + frequent cold water fanning and stripping.
COW-2501,Kapila,Tharparkar,6.5,3,173,10.9,5.3,51.0,7.5,7.84,7.42,7.87,7.87,0.45,1202195,39.6,7.42,2,1,RH,HIGH,41113,Urgent: Acute clinical mastitis! Isolate animal immediately. Call government veterinary officer (1962). Administer prescribed veterinary therapy.,Immediate veterinary antibiotic injection + anti-inflammatory + frequent cold water fanning and stripping.
COW-2502,Tulsi,Gir,7.9,6,175,15.2,12.1,20.3,6.52,5.1,5.16,4.95,6.52,1.57,305630,39.1,6.78,0,1,LF,MEDIUM,9234,Subclinical warning in LF quarter. Apply ICAR herbal paste 3x daily for 5 days. Strip affected quarter completely.,ICAR Formulation: 250g Aloe Vera + 50g Pure Turmeric + 15g Edible Lime (Chuna) ground into paste.
COW-2503,Ganga,HF Cross,8.6,3,74,19.9,19.8,0.4,4.9,4.79,4.85,4.72,4.9,0.18,111674,38.3,6.63,0,0,None,LOW,0,"Routine milking, clean dry udder cloth, post-milking dip (0.5% povidone iodine).",No medication needed. Maintain clean bedding and nutrition.
COW-2504,Yamuna,HF Cross,3.4,3,179,18.5,18.4,0.6,4.62,4.6,4.75,4.76,4.76,0.16,152560,38.4,6.46,0,0,None,LOW,0,"Routine milking, clean dry udder cloth, post-milking dip (0.5% povidone iodine).",No medication needed. Maintain clean bedding and nutrition.
COW-2505,Bhavani,Red Sindhi,6.2,2,206,14.5,14.1,2.9,4.68,4.72,4.83,4.73,4.83,0.15,88731,38.5,6.51,0,0,None,LOW,0,"Routine milking, clean dry udder cloth, post-milking dip (0.5% povidone iodine).",No medication needed. Maintain clean bedding and nutrition.
COW-2506,Meera,Sahiwal,5.0,5,42,18.2,15.4,15.4,5.33,5.29,7.34,5.15,7.34,2.19,313624,38.8,6.87,0,0,LH,MEDIUM,8222,Subclinical warning in LH quarter. Apply ICAR herbal paste 3x daily for 5 days. Strip affected quarter completely.,ICAR Formulation: 250g Aloe Vera + 50g Pure Turmeric + 15g Edible Lime (Chuna) ground into paste.
COW-2507,Nandini,Red Sindhi,5.2,4,134,13.5,13.5,0.0,4.8,4.6,4.68,4.64,4.8,0.2,163736,38.5,6.53,0,0,None,LOW,0,"Routine milking, clean dry udder cloth, post-milking dip (0.5% povidone iodine).",No medication needed. Maintain clean bedding and nutrition.
COW-2508,Gauri,Rathi,2.8,2,272,15.5,15.3,1.0,4.47,4.51,4.64,4.76,4.76,0.29,105988,38.4,6.59,0,0,None,LOW,0,"Routine milking, clean dry udder cloth, post-milking dip (0.5% povidone iodine).",No medication needed. Maintain clean bedding and nutrition.
COW-2509,Gauri,Tharparkar,5.4,3,139,11.8,11.4,3.3,4.65,4.6,4.79,4.7,4.79,0.19,154077,38.4,6.58,0,0,None,LOW,0,"Routine milking, clean dry udder cloth, post-milking dip (0.5% povidone iodine).",No medication needed. Maintain clean bedding and nutrition.
COW-2510,Lakshmi,Gir,6.9,6,248,19.8,19.7,0.6,4.99,5.15,5.08,4.97,5.15,0.18,141963,38.5,6.54,0,0,None,LOW,0,"Routine milking, clean dry udder cloth, post-milking dip (0.5% povidone iodine).",No medication needed. Maintain clean bedding and nutrition.
COW-2511,Kalyani,Murrah Buffalo,2.8,3,75,12.2,9.6,21.2,6.39,4.62,4.66,4.74,6.39,1.77,260457,38.7,6.88,0,1,LF,MEDIUM,10217,Subclinical warning in LF quarter. Apply ICAR herbal paste 3x daily for 5 days. Strip affected quarter completely.,ICAR Formulation: 250g Aloe Vera + 50g Pure Turmeric + 15g Edible Lime (Chuna) ground into paste.
COW-2512,Radha,HF Cross,4.4,1,282,24.0,23.5,2.0,4.6,4.55,4.66,4.78,4.78,0.23,122233,38.2,6.69,0,0,None,LOW,0,"Routine milking, clean dry udder cloth, post-milking dip (0.5% povidone iodine).",No medication needed. Maintain clean bedding and nutrition.
COW-2513,Surabhi,Tharparkar,5.3,6,13,13.4,12.9,4.1,4.93,4.95,4.82,4.9,4.95,0.13,80756,38.4,6.59,0,0,None,LOW,0,"Routine milking, clean dry udder cloth, post-milking dip (0.5% povidone iodine).",No medication needed. Maintain clean bedding and nutrition.
COW-2514,Kalyani,Murrah Buffalo,7.8,3,69,17.1,17.0,0.6,4.95,5.07,4.98,5.1,5.1,0.15,91216,38.7,6.66,0,0,None,LOW,0,"Routine milking, clean dry udder cloth, post-milking dip (0.5% povidone iodine).",No medication needed. Maintain clean bedding and nutrition.
COW-2515,Kamdhenu,Tharparkar,4.4,2,22,13.9,13.7,1.4,4.85,4.72,4.71,4.8,4.85,0.14,120287,38.3,6.57,0,0,None,LOW,0,"Routine milking, clean dry udder cloth, post-milking dip (0.5% povidone iodine).",No medication needed. Maintain clean bedding and nutrition.
COW-2516,Kalyani,Red Sindhi,4.4,6,29,11.2,5.0,55.5,7.52,7.25,7.5,7.54,7.54,0.29,1430877,40.6,7.14,2,2,Both Hind,HIGH,44138,Urgent: Acute clinical mastitis! Isolate animal immediately. Call government veterinary officer (1962). Administer prescribed veterinary therapy.,Immediate veterinary antibiotic injection + anti-inflammatory + frequent cold water fanning and stripping.
COW-2517,Meera,HF Cross,4.1,4,157,24.1,23.6,1.9,4.88,5.06,5.03,5.03,5.06,0.18,61143,38.5,6.6,0,0,None,LOW,0,"Routine milking, clean dry udder cloth, post-milking dip (0.5% povidone iodine).",No medication needed. Maintain clean bedding and nutrition.
COW-2518,Kamdhenu,Murrah Buffalo,3.9,6,226,17.8,17.4,2.1,4.47,4.51,4.48,4.44,4.51,0.07,118566,38.5,6.67,0,0,None,LOW,0,"Routine milking, clean dry udder cloth, post-milking dip (0.5% povidone iodine).",No medication needed. Maintain clean bedding and nutrition.
COW-2519,Radha,Gir,7.1,2,131,19.4,16.3,15.9,4.82,4.86,6.83,4.78,6.83,2.05,293864,38.7,6.81,1,0,LH,MEDIUM,8222,Subclinical warning in LH quarter. Apply ICAR herbal paste 3x daily for 5 days. Strip affected quarter completely.,ICAR Formulation: 250g Aloe Vera + 50g Pure Turmeric + 15g Edible Lime (Chuna) ground into paste.
COW-2520,Meera,Sahiwal,4.4,2,50,14.4,14.3,0.8,4.75,4.91,4.76,4.94,4.94,0.19,187285,38.5,6.58,0,0,None,LOW,0,"Routine milking, clean dry udder cloth, post-milking dip (0.5% povidone iodine).",No medication needed. Maintain clean bedding and nutrition.
COW-2521,Yamuna,Tharparkar,2.7,6,255,10.9,10.7,1.6,4.78,4.63,4.56,4.62,4.78,0.22,168464,38.9,6.61,0,0,None,LOW,0,"Routine milking, clean dry udder cloth, post-milking dip (0.5% povidone iodine).",No medication needed. Maintain clean bedding and nutrition.
COW-2522,Kapila,Red Sindhi,4.6,2,106,11.7,11.5,1.7,5.08,4.95,5.01,4.92,5.08,0.16,131287,38.2,6.62,0,0,None,LOW,0,"Routine milking, clean dry udder cloth, post-milking dip (0.5% povidone iodine).",No medication needed. Maintain clean bedding and nutrition.
COW-2523,Kalyani,Rathi,2.9,2,168,12.3,12.2,0.9,4.83,4.9,4.81,4.88,4.9,0.09,144991,38.4,6.56,0,0,None,LOW,0,"Routine milking, clean dry udder cloth, post-milking dip (0.5% povidone iodine).",No medication needed. Maintain clean bedding and nutrition.
COW-2524,Tulsi,HF Cross,3.7,2,29,18.3,17.9,2.1,4.94,5.07,5.04,4.85,5.07,0.22,165756,38.4,6.7,0,0,None,LOW,0,"Routine milking, clean dry udder cloth, post-milking dip (0.5% povidone iodine).",No medication needed. Maintain clean bedding and nutrition.
COW-2525,Nandini,Sahiwal,5.4,5,27,14.1,14.1,0.0,4.72,4.74,4.79,4.81,4.81,0.09,85351,38.5,6.54,0,0,None,LOW,0,"Routine milking, clean dry udder cloth, post-milking dip (0.5% povidone iodine).",No medication needed. Maintain clean bedding and nutrition.
COW-2526,Bhavani,Rathi,9.3,1,248,11.3,11.1,1.7,4.7,4.66,4.52,4.49,4.7,0.21,185981,38.6,6.61,0,0,None,LOW,0,"Routine milking, clean dry udder cloth, post-milking dip (0.5% povidone iodine).",No medication needed. Maintain clean bedding and nutrition.
COW-2527,Meera,Rathi,8.2,5,33,14.5,14.5,0.0,4.51,4.44,4.43,4.64,4.64,0.21,81629,38.4,6.63,0,0,None,LOW,0,"Routine milking, clean dry udder cloth, post-milking dip (0.5% povidone iodine).",No medication needed. Maintain clean bedding and nutrition.
COW-2528,Radha,Murrah Buffalo,8.6,6,155,16.5,14.3,13.1,4.66,4.85,4.89,5.96,5.96,1.3,210000,38.7,6.81,0,1,RH,MEDIUM,6195,Subclinical warning in RH quarter. Apply ICAR herbal paste 3x daily for 5 days. Strip affected quarter completely.,ICAR Formulation: 250g Aloe Vera + 50g Pure Turmeric + 15g Edible Lime (Chuna) ground into paste.
COW-2529,Ganga,Red Sindhi,4.1,3,162,15.1,7.9,47.5,6.65,6.96,6.58,6.77,6.96,0.38,1247447,40.5,7.35,2,2,RF,HIGH,33098,Urgent: Acute clinical mastitis! Isolate animal immediately. Call government veterinary officer (1962). Administer prescribed veterinary therapy.,Immediate veterinary antibiotic injection + anti-inflammatory + frequent cold water fanning and stripping.
COW-2530,Ganga,HF Cross,8.9,6,20,22.7,22.2,2.3,5.08,4.99,4.9,5.03,5.08,0.18,139056,38.7,6.49,0,0,None,LOW,0,"Routine milking, clean dry udder cloth, post-milking dip (0.5% povidone iodine).",No medication needed. Maintain clean bedding and nutrition.
COW-2531,Meera,HF Cross,3.8,6,192,20.5,20.4,0.4,4.55,4.62,4.61,4.52,4.62,0.1,151928,38.3,6.49,0,0,None,LOW,0,"Routine milking, clean dry udder cloth, post-milking dip (0.5% povidone iodine).",No medication needed. Maintain clean bedding and nutrition.
COW-2532,Yamuna,Gir,9.3,6,80,15.6,15.6,0.2,4.94,4.87,4.88,4.8,4.94,0.14,106846,38.7,6.54,0,0,None,LOW,0,"Routine milking, clean dry udder cloth, post-milking dip (0.5% povidone iodine).",No medication needed. Maintain clean bedding and nutrition.
COW-2533,Kamdhenu,Rathi,7.2,3,286,13.5,11.3,16.4,5.11,6.91,5.18,5.04,6.91,1.87,277185,39.1,6.82,1,1,RF,MEDIUM,8220,Subclinical warning in RF quarter. Apply ICAR herbal paste 3x daily for 5 days. Strip affected quarter completely.,ICAR Formulation: 250g Aloe Vera + 50g Pure Turmeric + 15g Edible Lime (Chuna) ground into paste.
COW-2534,Yamuna,Tharparkar,8.0,5,227,10.8,10.8,0.4,5.22,5.1,5.03,5.09,5.22,0.19,123726,38.5,6.66,0,0,None,LOW,0,"Routine milking, clean dry udder cloth, post-milking dip (0.5% povidone iodine).",No medication needed. Maintain clean bedding and nutrition.
COW-2535,Lakshmi,Rathi,7.7,4,57,15.9,15.1,5.3,4.46,4.62,4.41,4.5,4.62,0.21,176042,38.5,6.57,0,0,None,LOW,0,"Routine milking, clean dry udder cloth, post-milking dip (0.5% povidone iodine).",No medication needed. Maintain clean bedding and nutrition.
COW-2536,Lakshmi,Gir,5.3,6,282,19.6,17.0,13.3,5.04,7.08,5.0,4.98,7.08,2.1,246105,38.7,6.72,1,1,RF,MEDIUM,6708,Subclinical warning in RF quarter. Apply ICAR herbal paste 3x daily for 5 days. Strip affected quarter completely.,ICAR Formulation: 250g Aloe Vera + 50g Pure Turmeric + 15g Edible Lime (Chuna) ground into paste.
COW-2537,Kapila,Gir,6.0,1,126,17.4,16.8,3.3,4.67,4.59,4.8,4.59,4.8,0.21,163336,38.8,6.68,0,0,None,LOW,0,"Routine milking, clean dry udder cloth, post-milking dip (0.5% povidone iodine).",No medication needed. Maintain clean bedding and nutrition.
COW-2538,Ganga,Sahiwal,7.7,4,87,19.2,18.3,4.6,4.81,4.78,4.55,4.55,4.81,0.26,123083,38.4,6.48,0,0,None,LOW,0,"Routine milking, clean dry udder cloth, post-milking dip (0.5% povidone iodine).",No medication needed. Maintain clean bedding and nutrition.
COW-2539,Yamuna,Rathi,5.1,3,218,12.7,12.7,0.0,4.72,4.87,4.95,4.89,4.95,0.23,146414,38.4,6.66,0,0,None,LOW,0,"Routine milking, clean dry udder cloth, post-milking dip (0.5% povidone iodine).",No medication needed. Maintain clean bedding and nutrition.
COW-2540,Kamdhenu,Gir,4.3,4,13,14.1,6.0,57.3,7.42,7.35,7.46,7.05,7.46,0.41,1342317,40.1,7.35,2,2,LF,HIGH,46185,Urgent: Acute clinical mastitis! Isolate animal immediately. Call government veterinary officer (1962). Administer prescribed veterinary therapy.,Immediate veterinary antibiotic injection + anti-inflammatory + frequent cold water fanning and stripping.
COW-2541,Gauri,Rathi,9.1,5,247,14.4,11.5,20.3,4.79,4.66,4.72,5.99,5.99,1.33,315549,38.5,6.83,1,1,RH,MEDIUM,9133,Subclinical warning in RH quarter. Apply ICAR herbal paste 3x daily for 5 days. Strip affected quarter completely.,ICAR Formulation: 250g Aloe Vera + 50g Pure Turmeric + 15g Edible Lime (Chuna) ground into paste.
COW-2542,Surabhi,Sahiwal,2.8,1,275,15.7,15.7,0.0,4.88,4.83,4.68,4.74,4.88,0.2,166710,38.5,6.63,0,0,None,LOW,0,"Routine milking, clean dry udder cloth, post-milking dip (0.5% povidone iodine).",No medication needed. Maintain clean bedding and nutrition.
COW-2543,Devi,Gir,6.2,1,174,14.6,13.1,10.2,5.0,4.94,6.4,5.14,6.4,1.46,318161,38.6,6.88,1,0,LH,MEDIUM,5210,Subclinical warning in LH quarter. Apply ICAR herbal paste 3x daily for 5 days. Strip affected quarter completely.,ICAR Formulation: 250g Aloe Vera + 50g Pure Turmeric + 15g Edible Lime (Chuna) ground into paste.
COW-2544,Nandini,Sahiwal,4.8,2,154,16.5,16.1,2.5,4.83,4.73,4.62,4.72,4.83,0.21,131102,38.6,6.65,0,0,None,LOW,0,"Routine milking, clean dry udder cloth, post-milking dip (0.5% povidone iodine).",No medication needed. Maintain clean bedding and nutrition.
COW-2545,Tulsi,Murrah Buffalo,8.5,4,238,12.9,12.8,0.7,4.43,4.65,4.6,4.63,4.65,0.22,139559,38.3,6.58,0,0,None,LOW,0,"Routine milking, clean dry udder cloth, post-milking dip (0.5% povidone iodine).",No medication needed. Maintain clean bedding and nutrition.
COW-2546,Tulsi,Red Sindhi,6.3,1,271,10.9,10.9,0.0,4.62,4.76,4.57,4.48,4.76,0.28,117957,38.4,6.52,0,0,None,LOW,0,"Routine milking, clean dry udder cloth, post-milking dip (0.5% povidone iodine).",No medication needed. Maintain clean bedding and nutrition.
COW-2547,Devi,Tharparkar,3.5,5,189,13.0,12.8,1.5,4.6,4.55,4.58,4.78,4.78,0.23,106614,38.5,6.5,0,0,None,LOW,0,"Routine milking, clean dry udder cloth, post-milking dip (0.5% povidone iodine).",No medication needed. Maintain clean bedding and nutrition.
COW-2548,Gauri,Sahiwal,5.4,2,125,16.1,15.8,2.1,4.38,4.54,4.65,4.52,4.65,0.27,195000,38.7,6.68,0,0,None,LOW,0,"Routine milking, clean dry udder cloth, post-milking dip (0.5% povidone iodine).",No medication needed. Maintain clean bedding and nutrition.
COW-2549,Ganga,Rathi,7.4,1,71,14.1,4.2,70.3,6.93,6.75,6.89,6.73,6.93,0.2,1608628,39.9,7.15,2,2,Both Front,HIGH,45024,Urgent: Acute clinical mastitis! Isolate animal immediately. Call government veterinary officer (1962). Administer prescribed veterinary therapy.,Immediate veterinary antibiotic injection + anti-inflammatory + frequent cold water fanning and stripping.
COW-2550,Devi,Gir,2.9,5,100,15.3,15.2,0.7,4.61,4.63,4.67,4.64,4.67,0.06,50000,38.7,6.67,0,0,None,LOW,0,"Routine milking, clean dry udder cloth, post-milking dip (0.5% povidone iodine).",No medication needed. Maintain clean bedding and nutrition.
COW-2551,Kamdhenu,Gir,3.1,6,101,15.2,5.6,62.9,8.23,7.93,7.88,7.75,8.23,0.48,1111116,39.9,7.31,2,2,Both Hind,HIGH,48172,Urgent: Acute clinical mastitis! Isolate animal immediately. Call government veterinary officer (1962). Administer prescribed veterinary therapy.,Immediate veterinary antibiotic injection + anti-inflammatory + frequent cold water fanning and stripping.
COW-2552,Tulsi,Murrah Buffalo,2.6,6,231,14.6,14.4,1.1,5.16,5.14,5.22,5.0,5.22,0.22,169372,38.2,6.6,0,0,None,LOW,0,"Routine milking, clean dry udder cloth, post-milking dip (0.5% povidone iodine).",No medication needed. Maintain clean bedding and nutrition.
COW-2553,Surabhi,HF Cross,2.8,3,102,25.2,9.6,61.8,8.69,8.36,8.67,8.19,8.69,0.5,1239688,40.4,7.22,2,2,RH,HIGH,42776,Urgent: Acute clinical mastitis! Isolate animal immediately. Call government veterinary officer (1962). Administer prescribed veterinary therapy.,Immediate veterinary antibiotic injection + anti-inflammatory + frequent cold water fanning and stripping.
COW-2554,Lakshmi,Murrah Buffalo,6.0,6,116,17.8,17.4,2.1,4.94,4.96,5.15,4.88,5.15,0.27,126374,38.5,6.64,0,0,None,LOW,0,"Routine milking, clean dry udder cloth, post-milking dip (0.5% povidone iodine).",No medication needed. Maintain clean bedding and nutrition.
COW-2555,Surabhi,Rathi,3.7,3,63,14.5,14.1,2.8,4.91,4.74,4.92,4.78,4.92,0.18,137720,38.2,6.56,0,0,None,LOW,0,"Routine milking, clean dry udder cloth, post-milking dip (0.5% povidone iodine).",No medication needed. Maintain clean bedding and nutrition.
COW-2556,Kalyani,Tharparkar,7.4,4,191,15.6,13.3,14.9,5.06,7.21,5.26,5.24,7.21,2.15,322638,39.0,6.96,1,1,RF,MEDIUM,8333,Subclinical warning in RF quarter. Apply ICAR herbal paste 3x daily for 5 days. Strip affected quarter completely.,ICAR Formulation: 250g Aloe Vera + 50g Pure Turmeric + 15g Edible Lime (Chuna) ground into paste.
COW-2557,Sita,Murrah Buffalo,5.8,1,93,15.5,12.1,21.9,4.68,4.84,6.47,4.65,6.47,1.82,392702,38.8,6.78,0,0,LH,MEDIUM,9646,Subclinical warning in LH quarter. Apply ICAR herbal paste 3x daily for 5 days. Strip affected quarter completely.,ICAR Formulation: 250g Aloe Vera + 50g Pure Turmeric + 15g Edible Lime (Chuna) ground into paste.
COW-2558,Nandini,Red Sindhi,4.4,2,169,10.3,8.5,17.3,5.11,4.87,4.92,7.02,7.02,2.15,210000,38.8,6.79,1,0,RH,MEDIUM,8285,Subclinical warning in RH quarter. Apply ICAR herbal paste 3x daily for 5 days. Strip affected quarter completely.,ICAR Formulation: 250g Aloe Vera + 50g Pure Turmeric + 15g Edible Lime (Chuna) ground into paste.
COW-2559,Radha,Rathi,8.0,1,216,14.0,14.0,0.0,4.77,4.75,4.55,4.73,4.77,0.22,143662,38.5,6.56,0,0,None,LOW,0,"Routine milking, clean dry udder cloth, post-milking dip (0.5% povidone iodine).",No medication needed. Maintain clean bedding and nutrition.
COW-2560,Kapila,Red Sindhi,3.9,5,53,13.2,13.0,1.4,4.55,4.42,4.42,4.55,4.55,0.13,97101,38.6,6.68,0,0,None,LOW,0,"Routine milking, clean dry udder cloth, post-milking dip (0.5% povidone iodine).",No medication needed. Maintain clean bedding and nutrition.
COW-2561,Bhavani,Murrah Buffalo,6.0,5,103,16.3,16.0,2.1,4.76,4.68,4.81,4.64,4.81,0.17,141473,38.7,6.53,0,0,None,LOW,0,"Routine milking, clean dry udder cloth, post-milking dip (0.5% povidone iodine).",No medication needed. Maintain clean bedding and nutrition.
COW-2562,Kalyani,Red Sindhi,2.6,1,63,16.0,15.7,1.9,4.71,4.54,4.64,4.53,4.71,0.18,104082,38.7,6.59,0,0,None,LOW,0,"Routine milking, clean dry udder cloth, post-milking dip (0.5% povidone iodine).",No medication needed. Maintain clean bedding and nutrition.
COW-2563,Bhavani,HF Cross,3.8,1,72,23.7,23.7,0.0,5.0,4.84,4.96,4.79,5.0,0.21,102609,38.6,6.7,0,0,None,LOW,0,"Routine milking, clean dry udder cloth, post-milking dip (0.5% povidone iodine).",No medication needed. Maintain clean bedding and nutrition.
COW-2564,Ganga,Gir,7.5,6,270,16.3,6.4,60.7,7.13,6.65,6.88,6.86,7.13,0.48,1081084,40.3,7.37,2,1,RF,HIGH,39663,Urgent: Acute clinical mastitis! Isolate animal immediately. Call government veterinary officer (1962). Administer prescribed veterinary therapy.,Immediate veterinary antibiotic injection + anti-inflammatory + frequent cold water fanning and stripping.
COW-2565,Kamdhenu,Red Sindhi,4.4,1,119,11.8,3.9,66.7,7.13,6.98,6.74,7.17,7.17,0.43,1004158,39.6,7.45,2,2,LF,HIGH,42096,Urgent: Acute clinical mastitis! Isolate animal immediately. Call government veterinary officer (1962). Administer prescribed veterinary therapy.,Immediate veterinary antibiotic injection + anti-inflammatory + frequent cold water fanning and stripping.
COW-2566,Bhavani,HF Cross,3.2,6,210,25.1,24.1,3.9,5.05,5.16,5.24,5.24,5.24,0.19,156617,38.2,6.54,0,0,None,LOW,0,"Routine milking, clean dry udder cloth, post-milking dip (0.5% povidone iodine).",No medication needed. Maintain clean bedding and nutrition.
COW-2567,Tulsi,Rathi,4.3,5,157,15.1,13.0,14.1,5.26,5.17,6.67,5.27,6.67,1.5,421345,39.0,6.81,0,0,LH,MEDIUM,6481,Subclinical warning in LH quarter. Apply ICAR herbal paste 3x daily for 5 days. Strip affected quarter completely.,ICAR Formulation: 250g Aloe Vera + 50g Pure Turmeric + 15g Edible Lime (Chuna) ground into paste.
COW-2568,Kapila,Sahiwal,6.4,6,239,17.1,17.1,0.2,4.57,4.66,4.65,4.57,4.66,0.09,132904,38.5,6.65,0,0,None,LOW,0,"Routine milking, clean dry udder cloth, post-milking dip (0.5% povidone iodine).",No medication needed. Maintain clean bedding and nutrition.
COW-2569,Surabhi,Gir,5.5,5,274,14.7,12.4,15.8,4.68,6.35,4.84,4.81,6.35,1.67,263594,39.1,6.82,0,0,RF,MEDIUM,8023,Subclinical warning in RF quarter. Apply ICAR herbal paste 3x daily for 5 days. Strip affected quarter completely.,ICAR Formulation: 250g Aloe Vera + 50g Pure Turmeric + 15g Edible Lime (Chuna) ground into paste.
COW-2570,Nandini,Red Sindhi,4.1,4,226,13.4,13.4,0.1,4.95,4.98,4.9,5.11,5.11,0.21,178246,38.4,6.58,0,0,None,LOW,0,"Routine milking, clean dry udder cloth, post-milking dip (0.5% povidone iodine).",No medication needed. Maintain clean bedding and nutrition.
COW-2571,Yamuna,Murrah Buffalo,8.0,4,268,12.2,12.2,0.0,4.76,4.56,4.73,4.57,4.76,0.2,130257,38.2,6.55,0,0,None,LOW,0,"Routine milking, clean dry udder cloth, post-milking dip (0.5% povidone iodine).",No medication needed. Maintain clean bedding and nutrition.
COW-2572,Surabhi,Sahiwal,3.6,1,212,17.5,15.7,10.2,5.08,5.02,5.11,6.87,6.87,1.85,368574,39.0,6.72,1,1,RH,MEDIUM,5205,Subclinical warning in RH quarter. Apply ICAR herbal paste 3x daily for 5 days. Strip affected quarter completely.,ICAR Formulation: 250g Aloe Vera + 50g Pure Turmeric + 15g Edible Lime (Chuna) ground into paste.
COW-2573,Surabhi,Rathi,7.3,2,198,14.2,7.8,45.1,6.41,6.45,6.62,6.56,6.62,0.21,1666860,41.2,7.26,2,1,RF,HIGH,30622,Urgent: Acute clinical mastitis! Isolate animal immediately. Call government veterinary officer (1962). Administer prescribed veterinary therapy.,Immediate veterinary antibiotic injection + anti-inflammatory + frequent cold water fanning and stripping.
COW-2574,Kapila,Gir,4.0,3,35,19.9,6.7,66.2,7.4,7.71,7.41,7.37,7.71,0.34,975610,41.3,7.05,2,1,Both Front,HIGH,49917,Urgent: Acute clinical mastitis! Isolate animal immediately. Call government veterinary officer (1962). Administer prescribed veterinary therapy.,Immediate veterinary antibiotic injection + anti-inflammatory + frequent cold water fanning and stripping.
COW-2575,Kalyani,Sahiwal,6.5,3,289,19.1,18.7,2.0,4.49,4.76,4.7,4.66,4.76,0.27,130703,38.5,6.66,0,0,None,LOW,0,"Routine milking, clean dry udder cloth, post-milking dip (0.5% povidone iodine).",No medication needed. Maintain clean bedding and nutrition.
COW-2576,Bhavani,Gir,8.2,3,129,14.3,14.3,0.0,5.01,5.11,5.13,5.11,5.13,0.12,112547,38.3,6.56,0,0,None,LOW,0,"Routine milking, clean dry udder cloth, post-milking dip (0.5% povidone iodine).",No medication needed. Maintain clean bedding and nutrition.
COW-2577,Surabhi,HF Cross,4.5,6,137,19.8,6.2,68.7,8.06,8.25,7.98,8.12,8.25,0.27,1216738,40.0,7.05,2,2,Both Hind,HIGH,50520,Urgent: Acute clinical mastitis! Isolate animal immediately. Call government veterinary officer (1962). Administer prescribed veterinary therapy.,Immediate veterinary antibiotic injection + anti-inflammatory + frequent cold water fanning and stripping.
COW-2578,Surabhi,Murrah Buffalo,7.9,2,263,15.0,11.9,20.4,5.01,5.12,5.14,7.09,7.09,2.08,407860,38.7,6.72,0,0,RH,MEDIUM,10495,Subclinical warning in RH quarter. Apply ICAR herbal paste 3x daily for 5 days. Strip affected quarter completely.,ICAR Formulation: 250g Aloe Vera + 50g Pure Turmeric + 15g Edible Lime (Chuna) ground into paste.
COW-2579,Kapila,Tharparkar,4.8,1,80,11.4,11.2,2.0,4.84,4.79,4.77,4.8,4.84,0.07,124110,38.5,6.48,0,0,None,LOW,0,"Routine milking, clean dry udder cloth, post-milking dip (0.5% povidone iodine).",No medication needed. Maintain clean bedding and nutrition.
COW-2580,Gauri,Gir,7.8,5,248,15.0,12.7,15.1,6.75,4.76,4.85,4.92,6.75,1.99,246698,39.2,6.86,1,1,LF,MEDIUM,7074,Subclinical warning in LF quarter. Apply ICAR herbal paste 3x daily for 5 days. Strip affected quarter completely.,ICAR Formulation: 250g Aloe Vera + 50g Pure Turmeric + 15g Edible Lime (Chuna) ground into paste.
COW-2581,Lakshmi,Murrah Buffalo,3.0,1,25,14.8,14.4,2.4,4.69,4.77,4.73,4.85,4.85,0.16,116003,38.4,6.57,0,0,None,LOW,0,"Routine milking, clean dry udder cloth, post-milking dip (0.5% povidone iodine).",No medication needed. Maintain clean bedding and nutrition.
COW-2582,Yamuna,HF Cross,7.8,4,43,19.7,19.6,0.6,4.6,4.54,4.59,4.67,4.67,0.13,129107,38.5,6.58,0,0,None,LOW,0,"Routine milking, clean dry udder cloth, post-milking dip (0.5% povidone iodine).",No medication needed. Maintain clean bedding and nutrition.
COW-2583,Kalyani,Gir,8.4,5,178,18.2,14.2,21.8,4.74,4.67,4.81,6.45,6.45,1.78,295975,38.5,6.9,1,0,RH,MEDIUM,10266,Subclinical warning in RH quarter. Apply ICAR herbal paste 3x daily for 5 days. Strip affected quarter completely.,ICAR Formulation: 250g Aloe Vera + 50g Pure Turmeric + 15g Edible Lime (Chuna) ground into paste.
COW-2584,Yamuna,Red Sindhi,4.6,1,241,12.5,12.3,1.6,4.55,4.47,4.42,4.5,4.55,0.13,140457,38.3,6.69,0,0,None,LOW,0,"Routine milking, clean dry udder cloth, post-milking dip (0.5% povidone iodine).",No medication needed. Maintain clean bedding and nutrition.
COW-2585,Kamdhenu,Red Sindhi,8.3,2,185,11.2,11.0,2.1,5.05,5.11,5.01,4.94,5.11,0.17,93734,38.7,6.6,0,0,None,LOW,0,"Routine milking, clean dry udder cloth, post-milking dip (0.5% povidone iodine).",No medication needed. Maintain clean bedding and nutrition.
COW-2586,Devi,Rathi,5.5,5,255,13.6,13.3,2.3,4.76,4.83,5.03,4.91,5.03,0.27,115098,38.6,6.56,0,0,None,LOW,0,"Routine milking, clean dry udder cloth, post-milking dip (0.5% povidone iodine).",No medication needed. Maintain clean bedding and nutrition.
COW-2587,Surabhi,Rathi,7.3,2,41,14.2,12.0,15.7,4.78,6.8,4.84,4.93,6.8,2.02,210000,38.7,6.96,1,0,RF,MEDIUM,8954,Subclinical warning in RF quarter. Apply ICAR herbal paste 3x daily for 5 days. Strip affected quarter completely.,ICAR Formulation: 250g Aloe Vera + 50g Pure Turmeric + 15g Edible Lime (Chuna) ground into paste.
COW-2588,Devi,Murrah Buffalo,6.7,4,231,17.7,14.1,20.6,4.84,4.74,6.5,4.87,6.5,1.76,266305,38.6,6.78,1,1,LH,MEDIUM,9415,Subclinical warning in LH quarter. Apply ICAR herbal paste 3x daily for 5 days. Strip affected quarter completely.,ICAR Formulation: 250g Aloe Vera + 50g Pure Turmeric + 15g Edible Lime (Chuna) ground into paste.
COW-2589,Radha,Sahiwal,5.6,1,26,15.4,13.5,12.5,4.68,4.69,6.43,4.87,6.43,1.75,234963,38.5,6.8,0,0,LH,MEDIUM,6234,Subclinical warning in LH quarter. Apply ICAR herbal paste 3x daily for 5 days. Strip affected quarter completely.,ICAR Formulation: 250g Aloe Vera + 50g Pure Turmeric + 15g Edible Lime (Chuna) ground into paste.
COW-2590,Gauri,Sahiwal,5.9,1,50,19.0,15.7,17.4,4.8,4.91,4.89,6.41,6.41,1.61,329510,38.8,6.81,1,0,RH,MEDIUM,8180,Subclinical warning in RH quarter. Apply ICAR herbal paste 3x daily for 5 days. Strip affected quarter completely.,ICAR Formulation: 250g Aloe Vera + 50g Pure Turmeric + 15g Edible Lime (Chuna) ground into paste.
COW-2591,Radha,Red Sindhi,6.4,5,131,10.2,10.1,0.6,4.54,4.59,4.47,4.67,4.67,0.2,131506,38.7,6.57,0,0,None,LOW,0,"Routine milking, clean dry udder cloth, post-milking dip (0.5% povidone iodine).",No medication needed. Maintain clean bedding and nutrition.
COW-2592,Ganga,Sahiwal,2.7,2,223,20.0,8.5,57.3,6.83,6.76,6.34,6.47,6.83,0.49,1101606,40.4,7.46,2,1,Both Hind,HIGH,37642,Urgent: Acute clinical mastitis! Isolate animal immediately. Call government veterinary officer (1962). Administer prescribed veterinary therapy.,Immediate veterinary antibiotic injection + anti-inflammatory + frequent cold water fanning and stripping.
COW-2593,Surabhi,Rathi,2.7,1,242,12.8,4.2,67.2,8.53,8.09,8.6,8.31,8.6,0.51,980149,40.2,7.3,2,2,LF,HIGH,41776,Urgent: Acute clinical mastitis! Isolate animal immediately. Call government veterinary officer (1962). Administer prescribed veterinary therapy.,Immediate veterinary antibiotic injection + anti-inflammatory + frequent cold water fanning and stripping.
COW-2594,Lakshmi,Murrah Buffalo,6.6,2,106,14.5,14.5,0.0,4.59,4.68,4.76,4.76,4.76,0.17,95259,38.5,6.49,0,0,None,LOW,0,"Routine milking, clean dry udder cloth, post-milking dip (0.5% povidone iodine).",No medication needed. Maintain clean bedding and nutrition.
COW-2595,Kapila,Sahiwal,6.4,4,233,19.9,10.1,49.1,7.85,7.3,7.52,7.84,7.85,0.55,1328361,40.0,7.28,2,1,LF,HIGH,38281,Urgent: Acute clinical mastitis! Isolate animal immediately. Call government veterinary officer (1962). Administer prescribed veterinary therapy.,Immediate veterinary antibiotic injection + anti-inflammatory + frequent cold water fanning and stripping.
COW-2596,Sita,HF Cross,6.8,5,178,18.9,15.0,20.7,4.82,6.05,4.76,4.78,6.05,1.29,318747,38.6,6.82,0,1,RF,MEDIUM,9200,Subclinical warning in RF quarter. Apply ICAR herbal paste 3x daily for 5 days. Strip affected quarter completely.,ICAR Formulation: 250g Aloe Vera + 50g Pure Turmeric + 15g Edible Lime (Chuna) ground into paste.
COW-2597,Nandini,HF Cross,2.8,5,231,18.5,15.9,14.3,4.97,5.02,4.91,6.77,6.77,1.86,233682,39.1,6.72,0,1,RH,MEDIUM,7047,Subclinical warning in RH quarter. Apply ICAR herbal paste 3x daily for 5 days. Strip affected quarter completely.,ICAR Formulation: 250g Aloe Vera + 50g Pure Turmeric + 15g Edible Lime (Chuna) ground into paste.
COW-2598,Sita,HF Cross,6.9,3,23,21.6,21.4,1.0,5.0,5.11,4.99,5.01,5.11,0.12,123147,38.3,6.61,0,0,None,LOW,0,"Routine milking, clean dry udder cloth, post-milking dip (0.5% povidone iodine).",No medication needed. Maintain clean bedding and nutrition.
COW-2599,Nandini,Red Sindhi,5.4,1,98,10.3,10.1,2.3,4.81,5.07,5.03,4.96,5.07,0.26,111846,38.7,6.58,0,0,None,LOW,0,"Routine milking, clean dry udder cloth, post-milking dip (0.5% povidone iodine).",No medication needed. Maintain clean bedding and nutrition.
COW-2600,Ganga,Sahiwal,7.9,3,165,19.3,19.1,1.0,4.45,4.54,4.38,4.44,4.54,0.16,95653,38.2,6.59,0,0,None,LOW,0,"Routine milking, clean dry udder cloth, post-milking dip (0.5% povidone iodine).",No medication needed. Maintain clean bedding and nutrition.
COW-2601,Devi,Sahiwal,4.9,2,138,15.2,15.2,0.0,4.56,4.46,4.69,4.72,4.72,0.26,151925,38.5,6.59,0,0,None,LOW,0,"Routine milking, clean dry udder cloth, post-milking dip (0.5% povidone iodine).",No medication needed. Maintain clean bedding and nutrition.
COW-2602,Bhavani,Murrah Buffalo,4.9,1,70,15.7,12.6,19.8,4.93,4.9,6.62,4.95,6.62,1.72,452190,38.8,6.88,1,0,LH,MEDIUM,9707,Subclinical warning in LH quarter. Apply ICAR herbal paste 3x daily for 5 days. Strip affected quarter completely.,ICAR Formulation: 250g Aloe Vera + 50g Pure Turmeric + 15g Edible Lime (Chuna) ground into paste.
COW-2603,Meera,Red Sindhi,7.9,2,95,11.8,11.5,2.2,5.08,4.94,5.15,4.91,5.15,0.24,100736,38.6,6.5,0,0,None,LOW,0,"Routine milking, clean dry udder cloth, post-milking dip (0.5% povidone iodine).",No medication needed. Maintain clean bedding and nutrition.
COW-2604,Sita,HF Cross,7.7,6,130,19.0,16.2,14.7,4.95,5.19,7.03,5.16,7.03,2.08,295081,38.8,6.88,0,0,LH,MEDIUM,6886,Subclinical warning in LH quarter. Apply ICAR herbal paste 3x daily for 5 days. Strip affected quarter completely.,ICAR Formulation: 250g Aloe Vera + 50g Pure Turmeric + 15g Edible Lime (Chuna) ground into paste.
COW-2605,Ganga,Sahiwal,9.3,4,113,14.5,13.8,4.6,4.79,4.72,4.71,4.76,4.79,0.08,86861,38.4,6.61,0,0,None,LOW,0,"Routine milking, clean dry udder cloth, post-milking dip (0.5% povidone iodine).",No medication needed. Maintain clean bedding and nutrition.
COW-2606,Bhavani,Red Sindhi,4.4,1,116,15.4,14.7,4.4,4.97,4.98,5.06,4.96,5.06,0.1,125167,38.6,6.57,0,0,None,LOW,0,"Routine milking, clean dry udder cloth, post-milking dip (0.5% povidone iodine).",No medication needed. Maintain clean bedding and nutrition.
COW-2607,Meera,Gir,5.9,2,217,14.8,14.8,0.0,5.06,4.97,5.18,5.11,5.18,0.21,68847,38.5,6.48,0,0,None,LOW,0,"Routine milking, clean dry udder cloth, post-milking dip (0.5% povidone iodine).",No medication needed. Maintain clean bedding and nutrition.
COW-2608,Surabhi,Murrah Buffalo,5.2,2,25,17.3,17.1,1.3,4.85,4.63,4.79,4.67,4.85,0.22,140411,38.5,6.56,0,0,None,LOW,0,"Routine milking, clean dry udder cloth, post-milking dip (0.5% povidone iodine).",No medication needed. Maintain clean bedding and nutrition.
COW-2609,Tulsi,Rathi,8.8,3,82,11.6,11.5,0.5,4.79,4.98,5.03,4.88,5.03,0.24,195000,38.4,6.61,0,0,None,LOW,0,"Routine milking, clean dry udder cloth, post-milking dip (0.5% povidone iodine).",No medication needed. Maintain clean bedding and nutrition.
COW-2610,Nandini,Gir,4.4,6,83,14.6,12.9,11.7,4.92,4.82,6.48,4.94,6.48,1.66,340666,38.7,6.79,1,0,LH,MEDIUM,6361,Subclinical warning in LH quarter. Apply ICAR herbal paste 3x daily for 5 days. Strip affected quarter completely.,ICAR Formulation: 250g Aloe Vera + 50g Pure Turmeric + 15g Edible Lime (Chuna) ground into paste.
COW-2611,Tulsi,HF Cross,4.3,2,90,25.8,25.8,0.0,4.74,4.68,4.69,4.7,4.74,0.06,193661,38.7,6.59,0,0,None,LOW,0,"Routine milking, clean dry udder cloth, post-milking dip (0.5% povidone iodine).",No medication needed. Maintain clean bedding and nutrition.
COW-2612,Yamuna,Red Sindhi,3.3,2,15,11.8,11.4,3.2,4.78,4.84,4.89,4.71,4.89,0.18,117364,38.9,6.57,0,0,None,LOW,0,"Routine milking, clean dry udder cloth, post-milking dip (0.5% povidone iodine).",No medication needed. Maintain clean bedding and nutrition.
COW-2613,Meera,Sahiwal,7.8,5,232,16.1,16.1,0.0,4.74,4.82,4.94,4.92,4.94,0.2,180467,38.5,6.53,0,0,None,LOW,0,"Routine milking, clean dry udder cloth, post-milking dip (0.5% povidone iodine).",No medication needed. Maintain clean bedding and nutrition.
COW-2614,Surabhi,Murrah Buffalo,2.9,5,182,15.8,13.4,15.2,5.08,5.17,6.59,5.21,6.59,1.51,367891,38.6,6.83,1,0,LH,MEDIUM,7648,Subclinical warning in LH quarter. Apply ICAR herbal paste 3x daily for 5 days. Strip affected quarter completely.,ICAR Formulation: 250g Aloe Vera + 50g Pure Turmeric + 15g Edible Lime (Chuna) ground into paste.
COW-2615,Bhavani,Sahiwal,2.6,5,148,16.4,16.1,1.9,4.75,4.79,4.77,4.93,4.93,0.18,86256,38.4,6.58,0,0,None,LOW,0,"Routine milking, clean dry udder cloth, post-milking dip (0.5% povidone iodine).",No medication needed. Maintain clean bedding and nutrition.
COW-2616,Kalyani,Murrah Buffalo,7.7,1,212,13.0,13.0,0.0,4.57,4.69,4.62,4.57,4.69,0.12,90981,38.7,6.54,0,0,None,LOW,0,"Routine milking, clean dry udder cloth, post-milking dip (0.5% povidone iodine).",No medication needed. Maintain clean bedding and nutrition.
COW-2617,Bhavani,HF Cross,9.0,4,98,24.1,14.4,40.4,6.79,6.9,6.7,6.65,6.9,0.25,1161841,40.2,7.27,2,1,RH,HIGH,30862,Urgent: Acute clinical mastitis! Isolate animal immediately. Call government veterinary officer (1962). Administer prescribed veterinary therapy.,Immediate veterinary antibiotic injection + anti-inflammatory + frequent cold water fanning and stripping.
COW-2618,Meera,Murrah Buffalo,3.1,5,101,15.6,12.5,20.0,5.0,4.88,4.79,6.36,6.36,1.57,415349,38.7,6.81,1,0,RH,MEDIUM,10471,Subclinical warning in RH quarter. Apply ICAR herbal paste 3x daily for 5 days. Strip affected quarter completely.,ICAR Formulation: 250g Aloe Vera + 50g Pure Turmeric + 15g Edible Lime (Chuna) ground into paste.
COW-2619,Sita,Murrah Buffalo,5.5,2,46,14.9,14.8,0.9,4.59,4.56,4.39,4.6,4.6,0.21,91388,38.7,6.59,0,0,None,LOW,0,"Routine milking, clean dry udder cloth, post-milking dip (0.5% povidone iodine).",No medication needed. Maintain clean bedding and nutrition.
COW-2620,Sita,Sahiwal,4.2,2,287,17.7,17.6,0.6,4.67,4.55,4.71,4.64,4.71,0.16,63336,38.8,6.51,0,0,None,LOW,0,"Routine milking, clean dry udder cloth, post-milking dip (0.5% povidone iodine).",No medication needed. Maintain clean bedding and nutrition.
COW-2621,Lakshmi,HF Cross,2.8,1,282,19.1,19.1,0.0,4.49,4.49,4.65,4.6,4.65,0.16,142542,38.3,6.49,0,0,None,LOW,0,"Routine milking, clean dry udder cloth, post-milking dip (0.5% povidone iodine).",No medication needed. Maintain clean bedding and nutrition.
COW-2622,Kalyani,Red Sindhi,2.9,4,78,12.3,12.3,0.0,4.95,4.67,4.84,4.73,4.95,0.28,155234,38.4,6.7,0,0,None,LOW,0,"Routine milking, clean dry udder cloth, post-milking dip (0.5% povidone iodine).",No medication needed. Maintain clean bedding and nutrition.
COW-2623,Ganga,Sahiwal,4.4,1,239,19.0,15.0,21.2,4.95,6.25,4.95,5.01,6.25,1.3,255498,38.7,6.84,1,1,RF,MEDIUM,10379,Subclinical warning in RF quarter. Apply ICAR herbal paste 3x daily for 5 days. Strip affected quarter completely.,ICAR Formulation: 250g Aloe Vera + 50g Pure Turmeric + 15g Edible Lime (Chuna) ground into paste.
COW-2624,Kamdhenu,Tharparkar,4.6,2,62,12.3,12.3,0.0,4.88,5.06,4.98,4.98,5.06,0.18,113542,38.6,6.52,0,0,None,LOW,0,"Routine milking, clean dry udder cloth, post-milking dip (0.5% povidone iodine).",No medication needed. Maintain clean bedding and nutrition.
COW-2625,Gauri,Tharparkar,6.2,4,227,15.4,13.4,13.3,5.04,5.05,5.07,6.37,6.37,1.33,210000,38.5,6.78,1,0,RH,MEDIUM,7124,Subclinical warning in RH quarter. Apply ICAR herbal paste 3x daily for 5 days. Strip affected quarter completely.,ICAR Formulation: 250g Aloe Vera + 50g Pure Turmeric + 15g Edible Lime (Chuna) ground into paste.
COW-2626,Nandini,Red Sindhi,4.9,5,237,10.1,9.8,3.3,5.04,5.03,4.91,5.07,5.07,0.16,119465,38.4,6.65,0,0,None,LOW,0,"Routine milking, clean dry udder cloth, post-milking dip (0.5% povidone iodine).",No medication needed. Maintain clean bedding and nutrition.
COW-2627,Lakshmi,Sahiwal,4.5,2,239,15.8,12.7,19.9,6.48,5.01,5.06,5.03,6.48,1.47,296563,38.5,6.77,1,1,LF,MEDIUM,9632,Subclinical warning in LF quarter. Apply ICAR herbal paste 3x daily for 5 days. Strip affected quarter completely.,ICAR Formulation: 250g Aloe Vera + 50g Pure Turmeric + 15g Edible Lime (Chuna) ground into paste.
COW-2628,Bhavani,Gir,3.7,3,286,16.2,16.1,0.5,4.9,5.02,4.87,5.06,5.06,0.19,109006,38.4,6.54,0,0,None,LOW,0,"Routine milking, clean dry udder cloth, post-milking dip (0.5% povidone iodine).",No medication needed. Maintain clean bedding and nutrition.
COW-2629,Ganga,Sahiwal,6.1,6,148,14.4,14.1,2.0,5.1,4.99,5.19,5.11,5.19,0.2,116471,38.4,6.59,0,0,None,LOW,0,"Routine milking, clean dry udder cloth, post-milking dip (0.5% povidone iodine).",No medication needed. Maintain clean bedding and nutrition.
COW-2630,Nandini,Tharparkar,7.7,3,101,10.5,8.8,16.4,4.89,6.28,4.95,4.89,6.28,1.39,256254,39.1,6.74,1,1,RF,MEDIUM,7341,Subclinical warning in RF quarter. Apply ICAR herbal paste 3x daily for 5 days. Strip affected quarter completely.,ICAR Formulation: 250g Aloe Vera + 50g Pure Turmeric + 15g Edible Lime (Chuna) ground into paste.
COW-2631,Radha,Tharparkar,8.4,6,222,14.4,14.1,2.0,4.91,4.78,4.71,4.76,4.91,0.2,73376,38.6,6.53,0,0,None,LOW,0,"Routine milking, clean dry udder cloth, post-milking dip (0.5% povidone iodine).",No medication needed. Maintain clean bedding and nutrition.
COW-2632,Surabhi,HF Cross,5.1,5,243,24.7,11.5,53.6,8.11,8.21,8.24,8.36,8.36,0.25,600000,40.8,7.35,2,1,LH,HIGH,41421,Urgent: Acute clinical mastitis! Isolate animal immediately. Call government veterinary officer (1962). Administer prescribed veterinary therapy.,Immediate veterinary antibiotic injection + anti-inflammatory + frequent cold water fanning and stripping.
COW-2633,Yamuna,Red Sindhi,8.8,1,200,14.0,7.7,45.2,7.73,7.69,7.58,7.8,7.8,0.22,674833,39.6,7.5,2,2,LF,HIGH,33335,Urgent: Acute clinical mastitis! Isolate animal immediately. Call government veterinary officer (1962). Administer prescribed veterinary therapy.,Immediate veterinary antibiotic injection + anti-inflammatory + frequent cold water fanning and stripping.
COW-2634,Sita,Red Sindhi,3.3,5,169,12.0,10.8,10.4,4.85,4.67,4.79,6.25,6.25,1.58,268383,38.6,6.72,0,1,RH,MEDIUM,5686,Subclinical warning in RH quarter. Apply ICAR herbal paste 3x daily for 5 days. Strip affected quarter completely.,ICAR Formulation: 250g Aloe Vera + 50g Pure Turmeric + 15g Edible Lime (Chuna) ground into paste.
COW-2635,Devi,Tharparkar,6.6,2,120,10.2,10.2,0.0,4.68,4.86,4.76,4.85,4.86,0.18,117722,38.5,6.62,0,0,None,LOW,0,"Routine milking, clean dry udder cloth, post-milking dip (0.5% povidone iodine).",No medication needed. Maintain clean bedding and nutrition.
COW-2636,Devi,Gir,6.3,2,105,18.4,18.4,0.0,5.03,5.06,4.97,4.91,5.06,0.15,76789,38.6,6.64,0,0,None,LOW,0,"Routine milking, clean dry udder cloth, post-milking dip (0.5% povidone iodine).",No medication needed. Maintain clean bedding and nutrition.
COW-2637,Lakshmi,Red Sindhi,6.1,5,271,12.6,12.4,1.4,5.01,5.05,4.82,4.95,5.05,0.23,167852,38.5,6.65,0,0,None,LOW,0,"Routine milking, clean dry udder cloth, post-milking dip (0.5% povidone iodine).",No medication needed. Maintain clean bedding and nutrition.
COW-2638,Meera,Rathi,5.4,3,98,14.2,11.3,20.1,5.05,5.3,5.28,7.24,7.24,2.19,210000,38.8,6.9,1,0,RH,MEDIUM,8819,Subclinical warning in RH quarter. Apply ICAR herbal paste 3x daily for 5 days. Strip affected quarter completely.,ICAR Formulation: 250g Aloe Vera + 50g Pure Turmeric + 15g Edible Lime (Chuna) ground into paste.
COW-2639,Kalyani,Gir,7.4,1,146,17.9,17.9,0.0,5.04,4.97,4.93,5.03,5.04,0.11,98718,38.4,6.57,0,0,None,LOW,0,"Routine milking, clean dry udder cloth, post-milking dip (0.5% povidone iodine).",No medication needed. Maintain clean bedding and nutrition.
COW-2640,Lakshmi,Tharparkar,5.2,2,43,14.6,14.4,1.4,4.73,4.65,4.71,4.59,4.73,0.14,188497,38.3,6.61,0,0,None,LOW,0,"Routine milking, clean dry udder cloth, post-milking dip (0.5% povidone iodine).",No medication needed. Maintain clean bedding and nutrition.
COW-2641,Bhavani,Rathi,6.6,5,53,14.0,14.0,0.2,4.72,4.71,4.72,4.88,4.88,0.17,174016,38.6,6.57,0,0,None,LOW,0,"Routine milking, clean dry udder cloth, post-milking dip (0.5% povidone iodine).",No medication needed. Maintain clean bedding and nutrition.
COW-2642,Devi,Red Sindhi,3.9,2,249,10.5,9.4,10.4,6.46,4.91,4.9,4.94,6.46,1.56,375849,38.5,6.87,0,0,LF,MEDIUM,6521,Subclinical warning in LF quarter. Apply ICAR herbal paste 3x daily for 5 days. Strip affected quarter completely.,ICAR Formulation: 250g Aloe Vera + 50g Pure Turmeric + 15g Edible Lime (Chuna) ground into paste.
COW-2643,Bhavani,Sahiwal,9.2,3,21,14.7,14.3,2.5,4.98,4.82,4.99,4.87,4.99,0.17,91533,38.8,6.59,0,0,None,LOW,0,"Routine milking, clean dry udder cloth, post-milking dip (0.5% povidone iodine).",No medication needed. Maintain clean bedding and nutrition.
COW-2644,Kamdhenu,Rathi,4.9,5,236,11.1,10.8,2.5,5.11,5.24,5.03,5.12,5.24,0.21,132869,38.2,6.53,0,0,None,LOW,0,"Routine milking, clean dry udder cloth, post-milking dip (0.5% povidone iodine).",No medication needed. Maintain clean bedding and nutrition.
COW-2645,Yamuna,HF Cross,7.9,6,137,24.5,20.9,14.5,6.52,4.91,4.93,5.06,6.52,1.61,331665,39.1,6.85,1,0,LF,MEDIUM,7963,Subclinical warning in LF quarter. Apply ICAR herbal paste 3x daily for 5 days. Strip affected quarter completely.,ICAR Formulation: 250g Aloe Vera + 50g Pure Turmeric + 15g Edible Lime (Chuna) ground into paste.
COW-2646,Kamdhenu,Murrah Buffalo,8.7,5,38,12.6,10.8,13.9,5.17,5.21,6.85,5.25,6.85,1.68,252330,38.6,6.83,0,1,LH,MEDIUM,7951,Subclinical warning in LH quarter. Apply ICAR herbal paste 3x daily for 5 days. Strip affected quarter completely.,ICAR Formulation: 250g Aloe Vera + 50g Pure Turmeric + 15g Edible Lime (Chuna) ground into paste.
COW-2647,Lakshmi,Gir,5.8,5,91,16.5,16.0,3.3,4.63,4.63,4.81,4.63,4.81,0.18,50000,38.8,6.61,0,0,None,LOW,0,"Routine milking, clean dry udder cloth, post-milking dip (0.5% povidone iodine).",No medication needed. Maintain clean bedding and nutrition.
COW-2648,Gauri,Red Sindhi,9.2,1,244,11.0,11.0,0.0,4.73,4.61,4.64,4.68,4.73,0.12,74678,38.7,6.7,0,0,None,LOW,0,"Routine milking, clean dry udder cloth, post-milking dip (0.5% povidone iodine).",No medication needed. Maintain clean bedding and nutrition.
COW-2649,Kalyani,Murrah Buffalo,8.4,3,27,16.0,15.6,2.2,4.59,4.61,4.54,4.61,4.61,0.07,156999,38.5,6.49,0,0,None,LOW,0,"Routine milking, clean dry udder cloth, post-milking dip (0.5% povidone iodine).",No medication needed. Maintain clean bedding and nutrition.
COW-2650,Gauri,HF Cross,5.8,3,57,18.6,18.6,0.0,4.78,4.64,4.78,4.87,4.87,0.23,159176,38.4,6.65,0,0,None,LOW,0,"Routine milking, clean dry udder cloth, post-milking dip (0.5% povidone iodine).",No medication needed. Maintain clean bedding and nutrition.
COW-2651,Kalyani,Gir,3.7,4,219,16.4,16.3,0.4,4.41,4.37,4.56,4.51,4.56,0.19,77683,38.5,6.58,0,0,None,LOW,0,"Routine milking, clean dry udder cloth, post-milking dip (0.5% povidone iodine).",No medication needed. Maintain clean bedding and nutrition.
COW-2652,Gauri,Red Sindhi,8.1,4,111,14.0,7.2,48.9,6.93,7.1,7.12,6.85,7.12,0.27,1483358,40.4,7.38,2,2,LH,HIGH,32546,Urgent: Acute clinical mastitis! Isolate animal immediately. Call government veterinary officer (1962). Administer prescribed veterinary therapy.,Immediate veterinary antibiotic injection + anti-inflammatory + frequent cold water fanning and stripping.
COW-2653,Kamdhenu,Sahiwal,2.6,6,163,18.9,10.7,43.2,7.19,7.02,7.04,6.81,7.19,0.38,1156902,40.4,7.18,2,1,RF,HIGH,33250,Urgent: Acute clinical mastitis! Isolate animal immediately. Call government veterinary officer (1962). Administer prescribed veterinary therapy.,Immediate veterinary antibiotic injection + anti-inflammatory + frequent cold water fanning and stripping.
COW-2654,Kapila,Murrah Buffalo,4.2,2,148,15.4,15.2,1.6,5.05,4.91,4.95,5.07,5.07,0.16,195000,38.3,6.7,0,0,None,LOW,0,"Routine milking, clean dry udder cloth, post-milking dip (0.5% povidone iodine).",No medication needed. Maintain clean bedding and nutrition.
COW-2655,Lakshmi,Sahiwal,8.9,3,136,16.3,15.8,2.8,5.02,4.82,4.92,5.02,5.02,0.2,81857,38.8,6.59,0,0,None,LOW,0,"Routine milking, clean dry udder cloth, post-milking dip (0.5% povidone iodine).",No medication needed. Maintain clean bedding and nutrition.
COW-2656,Surabhi,Murrah Buffalo,6.0,1,284,16.9,14.2,16.1,5.18,5.15,7.12,4.97,7.12,2.15,405669,38.9,6.77,0,0,LH,MEDIUM,7856,Subclinical warning in LH quarter. Apply ICAR herbal paste 3x daily for 5 days. Strip affected quarter completely.,ICAR Formulation: 250g Aloe Vera + 50g Pure Turmeric + 15g Edible Lime (Chuna) ground into paste.
COW-2657,Kalyani,HF Cross,6.5,4,139,22.1,22.1,0.0,4.9,5.08,5.07,4.85,5.08,0.23,164149,38.5,6.62,0,0,None,LOW,0,"Routine milking, clean dry udder cloth, post-milking dip (0.5% povidone iodine).",No medication needed. Maintain clean bedding and nutrition.
COW-2658,Lakshmi,Tharparkar,5.3,4,282,12.4,12.1,2.4,4.6,4.6,4.57,4.7,4.7,0.13,145644,38.4,6.68,0,0,None,LOW,0,"Routine milking, clean dry udder cloth, post-milking dip (0.5% povidone iodine).",No medication needed. Maintain clean bedding and nutrition.
COW-2659,Devi,HF Cross,8.8,2,37,25.6,24.6,3.9,4.72,4.95,4.83,4.7,4.95,0.25,138395,38.6,6.52,0,0,None,LOW,0,"Routine milking, clean dry udder cloth, post-milking dip (0.5% povidone iodine).",No medication needed. Maintain clean bedding and nutrition.
COW-2660,Surabhi,Tharparkar,5.3,4,220,11.1,4.4,60.6,7.77,7.95,7.78,7.91,7.95,0.18,1896979,40.4,7.49,2,1,RH,HIGH,41828,Urgent: Acute clinical mastitis! Isolate animal immediately. Call government veterinary officer (1962). Administer prescribed veterinary therapy.,Immediate veterinary antibiotic injection + anti-inflammatory + frequent cold water fanning and stripping.
COW-2661,Nandini,Red Sindhi,6.4,4,216,13.3,13.0,2.2,4.83,4.76,4.88,4.65,4.88,0.23,110079,38.3,6.58,0,0,None,LOW,0,"Routine milking, clean dry udder cloth, post-milking dip (0.5% povidone iodine).",No medication needed. Maintain clean bedding and nutrition.
COW-2662,Kamdhenu,Sahiwal,4.3,2,37,17.1,9.1,46.6,8.48,8.05,8.11,8.31,8.48,0.43,1062104,40.4,7.3,2,1,LH,HIGH,33835,Urgent: Acute clinical mastitis! Isolate animal immediately. Call government veterinary officer (1962). Administer prescribed veterinary therapy.,Immediate veterinary antibiotic injection + anti-inflammatory + frequent cold water fanning and stripping.
COW-2663,Ganga,Tharparkar,2.6,1,46,11.7,11.5,1.8,5.15,5.22,4.98,5.12,5.22,0.24,95059,38.6,6.63,0,0,None,LOW,0,"Routine milking, clean dry udder cloth, post-milking dip (0.5% povidone iodine).",No medication needed. Maintain clean bedding and nutrition.
COW-2664,Tulsi,Gir,9.2,3,128,19.1,7.6,60.1,8.11,8.25,8.08,8.38,8.38,0.3,1603426,39.7,7.32,2,2,Both Front,HIGH,40545,Urgent: Acute clinical mastitis! Isolate animal immediately. Call government veterinary officer (1962). Administer prescribed veterinary therapy.,Immediate veterinary antibiotic injection + anti-inflammatory + frequent cold water fanning and stripping.
COW-2665,Devi,HF Cross,8.4,4,79,18.3,16.2,11.6,5.12,4.99,4.92,7.16,7.16,2.24,238080,38.5,6.77,0,1,RH,MEDIUM,6831,Subclinical warning in RH quarter. Apply ICAR herbal paste 3x daily for 5 days. Strip affected quarter completely.,ICAR Formulation: 250g Aloe Vera + 50g Pure Turmeric + 15g Edible Lime (Chuna) ground into paste.
COW-2666,Tulsi,HF Cross,3.6,5,105,19.9,17.3,13.1,6.81,4.96,5.02,5.08,6.81,1.85,254055,38.7,6.8,1,0,LF,MEDIUM,7959,Subclinical warning in LF quarter. Apply ICAR herbal paste 3x daily for 5 days. Strip affected quarter completely.,ICAR Formulation: 250g Aloe Vera + 50g Pure Turmeric + 15g Edible Lime (Chuna) ground into paste.
COW-2667,Sita,Red Sindhi,7.9,1,201,12.4,12.0,3.2,4.49,4.46,4.54,4.35,4.54,0.19,159300,38.4,6.48,0,0,None,LOW,0,"Routine milking, clean dry udder cloth, post-milking dip (0.5% povidone iodine).",No medication needed. Maintain clean bedding and nutrition.
COW-2668,Sita,Tharparkar,5.4,5,232,13.4,4.1,69.6,8.11,8.15,8.29,7.89,8.29,0.4,907018,40.2,7.32,2,2,RF,HIGH,46861,Urgent: Acute clinical mastitis! Isolate animal immediately. Call government veterinary officer (1962). Administer prescribed veterinary therapy.,Immediate veterinary antibiotic injection + anti-inflammatory + frequent cold water fanning and stripping.
COW-2669,Bhavani,Murrah Buffalo,5.9,1,95,13.9,5.9,57.4,6.98,6.78,6.83,6.6,6.98,0.38,1269863,40.6,7.32,2,2,Both Front,HIGH,39918,Urgent: Acute clinical mastitis! Isolate animal immediately. Call government veterinary officer (1962). Administer prescribed veterinary therapy.,Immediate veterinary antibiotic injection + anti-inflammatory + frequent cold water fanning and stripping.
COW-2670,Gauri,Sahiwal,3.0,3,43,15.4,15.2,1.3,4.89,4.99,4.74,4.8,4.99,0.25,99854,38.9,6.59,0,0,None,LOW,0,"Routine milking, clean dry udder cloth, post-milking dip (0.5% povidone iodine).",No medication needed. Maintain clean bedding and nutrition.
COW-2671,Sita,HF Cross,8.4,5,48,22.7,21.5,5.2,4.6,4.52,4.69,4.71,4.71,0.19,163737,38.5,6.6,0,0,None,LOW,0,"Routine milking, clean dry udder cloth, post-milking dip (0.5% povidone iodine).",No medication needed. Maintain clean bedding and nutrition.
COW-2672,Kalyani,Murrah Buffalo,4.4,4,158,15.3,14.8,3.1,4.64,4.65,4.8,4.64,4.8,0.16,120370,38.4,6.59,0,0,None,LOW,0,"Routine milking, clean dry udder cloth, post-milking dip (0.5% povidone iodine).",No medication needed. Maintain clean bedding and nutrition.
COW-2673,Ganga,Red Sindhi,4.1,1,14,14.2,14.2,0.0,4.78,4.73,4.78,4.73,4.78,0.05,77271,38.2,6.54,0,0,None,LOW,0,"Routine milking, clean dry udder cloth, post-milking dip (0.5% povidone iodine).",No medication needed. Maintain clean bedding and nutrition.
COW-2674,Devi,HF Cross,6.4,3,57,21.9,21.9,0.0,5.0,4.92,4.77,4.85,5.0,0.23,115130,38.6,6.53,0,0,None,LOW,0,"Routine milking, clean dry udder cloth, post-milking dip (0.5% povidone iodine).",No medication needed. Maintain clean bedding and nutrition.
COW-2675,Meera,Murrah Buffalo,2.8,1,193,15.1,14.7,2.7,4.7,4.9,4.71,4.95,4.95,0.25,132426,38.7,6.48,0,0,None,LOW,0,"Routine milking, clean dry udder cloth, post-milking dip (0.5% povidone iodine).",No medication needed. Maintain clean bedding and nutrition.
COW-2676,Kapila,Murrah Buffalo,4.4,5,212,16.0,15.2,4.8,5.03,4.76,4.9,4.89,5.03,0.27,158605,38.7,6.65,0,0,None,LOW,0,"Routine milking, clean dry udder cloth, post-milking dip (0.5% povidone iodine).",No medication needed. Maintain clean bedding and nutrition.
COW-2677,Lakshmi,Murrah Buffalo,2.6,2,18,16.3,16.1,1.5,4.7,4.83,4.84,4.61,4.84,0.23,117536,38.5,6.56,0,0,None,LOW,0,"Routine milking, clean dry udder cloth, post-milking dip (0.5% povidone iodine).",No medication needed. Maintain clean bedding and nutrition.
COW-2678,Devi,Red Sindhi,7.5,2,103,10.5,10.1,3.6,4.94,4.88,4.81,5.04,5.04,0.23,183650,38.2,6.53,0,0,None,LOW,0,"Routine milking, clean dry udder cloth, post-milking dip (0.5% povidone iodine).",No medication needed. Maintain clean bedding and nutrition.
COW-2679,Tulsi,Gir,4.2,3,290,17.3,14.9,13.9,5.07,4.87,6.37,5.03,6.37,1.5,391402,38.7,6.89,1,0,LH,MEDIUM,8353,Subclinical warning in LH quarter. Apply ICAR herbal paste 3x daily for 5 days. Strip affected quarter completely.,ICAR Formulation: 250g Aloe Vera + 50g Pure Turmeric + 15g Edible Lime (Chuna) ground into paste.
COW-2680,Devi,Tharparkar,4.5,4,117,15.2,12.1,20.2,4.95,4.93,6.56,5.21,6.56,1.63,343885,39.2,6.83,0,1,LH,MEDIUM,9568,Subclinical warning in LH quarter. Apply ICAR herbal paste 3x daily for 5 days. Strip affected quarter completely.,ICAR Formulation: 250g Aloe Vera + 50g Pure Turmeric + 15g Edible Lime (Chuna) ground into paste.
COW-2681,Lakshmi,Rathi,7.5,5,259,16.0,15.7,1.6,4.74,4.67,4.63,4.64,4.74,0.11,165897,38.9,6.62,0,0,None,LOW,0,"Routine milking, clean dry udder cloth, post-milking dip (0.5% povidone iodine).",No medication needed. Maintain clean bedding and nutrition.
COW-2682,Yamuna,Red Sindhi,7.6,6,156,15.2,14.9,1.8,4.73,4.51,4.59,4.5,4.73,0.23,155285,38.4,6.7,0,0,None,LOW,0,"Routine milking, clean dry udder cloth, post-milking dip (0.5% povidone iodine).",No medication needed. Maintain clean bedding and nutrition.
COW-2683,Nandini,Rathi,4.4,3,36,12.1,9.9,18.2,4.68,6.45,4.76,4.73,6.45,1.77,300894,38.6,6.91,0,0,RF,MEDIUM,7907,Subclinical warning in RF quarter. Apply ICAR herbal paste 3x daily for 5 days. Strip affected quarter completely.,ICAR Formulation: 250g Aloe Vera + 50g Pure Turmeric + 15g Edible Lime (Chuna) ground into paste.
COW-2684,Nandini,Sahiwal,6.7,4,15,16.9,7.0,58.6,7.8,8.06,8.2,7.66,8.2,0.54,1503515,40.0,7.34,2,1,LH,HIGH,40522,Urgent: Acute clinical mastitis! Isolate animal immediately. Call government veterinary officer (1962). Administer prescribed veterinary therapy.,Immediate veterinary antibiotic injection + anti-inflammatory + frequent cold water fanning and stripping.
COW-2685,Kamdhenu,Tharparkar,7.8,3,211,14.5,12.8,11.6,5.09,5.04,7.26,5.16,7.26,2.22,214401,38.8,6.86,1,0,LH,MEDIUM,6068,Subclinical warning in LH quarter. Apply ICAR herbal paste 3x daily for 5 days. Strip affected quarter completely.,ICAR Formulation: 250g Aloe Vera + 50g Pure Turmeric + 15g Edible Lime (Chuna) ground into paste.
COW-2686,Nandini,HF Cross,7.8,4,13,20.9,6.6,68.5,7.74,8.02,7.71,7.92,8.02,0.31,1797565,39.9,7.06,2,2,RF,HIGH,42347,Urgent: Acute clinical mastitis! Isolate animal immediately. Call government veterinary officer (1962). Administer prescribed veterinary therapy.,Immediate veterinary antibiotic injection + anti-inflammatory + frequent cold water fanning and stripping.
COW-2687,Meera,Tharparkar,6.1,1,181,15.6,15.0,3.8,4.61,4.56,4.74,4.6,4.74,0.18,98660,38.2,6.66,0,0,None,LOW,0,"Routine milking, clean dry udder cloth, post-milking dip (0.5% povidone iodine).",No medication needed. Maintain clean bedding and nutrition.
COW-2688,Ganga,HF Cross,6.2,6,56,23.2,22.9,1.4,5.04,5.03,4.86,4.92,5.04,0.18,141207,38.7,6.59,0,0,None,LOW,0,"Routine milking, clean dry udder cloth, post-milking dip (0.5% povidone iodine).",No medication needed. Maintain clean bedding and nutrition.
COW-2689,Lakshmi,Rathi,3.3,2,42,14.8,14.5,1.9,4.48,4.37,4.45,4.41,4.48,0.11,118343,38.4,6.49,0,0,None,LOW,0,"Routine milking, clean dry udder cloth, post-milking dip (0.5% povidone iodine).",No medication needed. Maintain clean bedding and nutrition.
COW-2690,Meera,Red Sindhi,9.1,3,251,14.2,14.0,1.3,5.04,5.11,5.16,4.88,5.16,0.28,128588,38.6,6.59,0,0,None,LOW,0,"Routine milking, clean dry udder cloth, post-milking dip (0.5% povidone iodine).",No medication needed. Maintain clean bedding and nutrition.
COW-2691,Sita,HF Cross,6.2,1,80,24.9,24.9,0.0,5.18,5.18,5.1,4.98,5.18,0.2,99508,38.5,6.62,0,0,None,LOW,0,"Routine milking, clean dry udder cloth, post-milking dip (0.5% povidone iodine).",No medication needed. Maintain clean bedding and nutrition.
COW-2692,Radha,HF Cross,6.6,2,34,20.6,18.3,11.4,5.17,4.96,6.88,5.06,6.88,1.92,326123,38.9,6.76,1,1,LH,MEDIUM,6778,Subclinical warning in LH quarter. Apply ICAR herbal paste 3x daily for 5 days. Strip affected quarter completely.,ICAR Formulation: 250g Aloe Vera + 50g Pure Turmeric + 15g Edible Lime (Chuna) ground into paste.
COW-2693,Nandini,Rathi,4.0,3,181,12.4,12.2,2.0,5.05,5.08,4.91,5.02,5.08,0.17,109425,38.5,6.51,0,0,None,LOW,0,"Routine milking, clean dry udder cloth, post-milking dip (0.5% povidone iodine).",No medication needed. Maintain clean bedding and nutrition.
COW-2694,Kapila,Gir,4.7,4,206,14.1,8.4,40.4,6.66,6.49,6.73,6.42,6.73,0.31,886625,40.6,7.6,2,2,RH,HIGH,30727,Urgent: Acute clinical mastitis! Isolate animal immediately. Call government veterinary officer (1962). Administer prescribed veterinary therapy.,Immediate veterinary antibiotic injection + anti-inflammatory + frequent cold water fanning and stripping.
COW-2695,Bhavani,Tharparkar,8.8,4,20,10.8,10.5,3.1,5.06,5.06,4.97,5.23,5.23,0.26,99873,38.6,6.54,0,0,None,LOW,0,"Routine milking, clean dry udder cloth, post-milking dip (0.5% povidone iodine).",No medication needed. Maintain clean bedding and nutrition.
COW-2696,Gauri,Gir,3.0,2,58,16.5,14.7,10.9,4.87,4.89,6.37,4.8,6.37,1.57,231431,38.9,6.75,0,1,LH,MEDIUM,5944,Subclinical warning in LH quarter. Apply ICAR herbal paste 3x daily for 5 days. Strip affected quarter completely.,ICAR Formulation: 250g Aloe Vera + 50g Pure Turmeric + 15g Edible Lime (Chuna) ground into paste.
COW-2697,Kapila,Rathi,4.4,6,204,15.8,13.6,13.8,4.86,4.75,6.59,4.93,6.59,1.84,305511,38.5,6.89,1,0,LH,MEDIUM,7502,Subclinical warning in LH quarter. Apply ICAR herbal paste 3x daily for 5 days. Strip affected quarter completely.,ICAR Formulation: 250g Aloe Vera + 50g Pure Turmeric + 15g Edible Lime (Chuna) ground into paste.
COW-2698,Devi,HF Cross,3.1,6,280,23.1,22.8,1.3,4.83,4.7,4.83,4.79,4.83,0.13,100705,38.6,6.56,0,0,None,LOW,0,"Routine milking, clean dry udder cloth, post-milking dip (0.5% povidone iodine).",No medication needed. Maintain clean bedding and nutrition.
COW-2699,Surabhi,Murrah Buffalo,5.2,1,132,13.2,12.7,3.8,4.79,4.92,4.85,4.88,4.92,0.13,135171,38.3,6.59,0,0,None,LOW,0,"Routine milking, clean dry udder cloth, post-milking dip (0.5% povidone iodine).",No medication needed. Maintain clean bedding and nutrition.
COW-2700,Lakshmi,Murrah Buffalo,7.3,1,107,17.8,10.6,40.2,7.44,7.6,7.48,7.3,7.6,0.3,927666,40.7,7.47,2,1,Both Front,HIGH,37335,Urgent: Acute clinical mastitis! Isolate animal immediately. Call government veterinary officer (1962). Administer prescribed veterinary therapy.,Immediate veterinary antibiotic injection + anti-inflammatory + frequent cold water fanning and stripping.
COW-2701,Ganga,Sahiwal,2.7,3,233,16.9,16.8,0.7,4.9,5.07,5.07,4.92,5.07,0.17,101434,38.2,6.6,0,0,None,LOW,0,"Routine milking, clean dry udder cloth, post-milking dip (0.5% povidone iodine).",No medication needed. Maintain clean bedding and nutrition.
COW-2702,Gauri,Sahiwal,4.0,4,160,15.6,15.6,0.0,4.73,4.76,4.74,4.8,4.8,0.07,195000,38.5,6.53,0,0,None,LOW,0,"Routine milking, clean dry udder cloth, post-milking dip (0.5% povidone iodine).",No medication needed. Maintain clean bedding and nutrition.
COW-2703,Bhavani,Tharparkar,5.1,5,107,11.5,11.2,2.9,5.09,5.11,4.97,5.06,5.11,0.14,168146,38.4,6.58,0,0,None,LOW,0,"Routine milking, clean dry udder cloth, post-milking dip (0.5% povidone iodine).",No medication needed. Maintain clean bedding and nutrition.
COW-2704,Nandini,HF Cross,3.5,2,134,23.5,22.9,2.5,4.61,4.41,4.53,4.46,4.61,0.2,113050,38.5,6.58,0,0,None,LOW,0,"Routine milking, clean dry udder cloth, post-milking dip (0.5% povidone iodine).",No medication needed. Maintain clean bedding and nutrition.
COW-2705,Bhavani,Red Sindhi,3.7,3,162,10.8,3.9,63.5,7.88,7.83,8.05,7.53,8.05,0.52,1406760,40.1,7.26,2,2,RH,HIGH,45010,Urgent: Acute clinical mastitis! Isolate animal immediately. Call government veterinary officer (1962). Administer prescribed veterinary therapy.,Immediate veterinary antibiotic injection + anti-inflammatory + frequent cold water fanning and stripping.
COW-2706,Kalyani,Gir,4.8,3,187,14.8,14.2,4.3,5.03,5.03,5.11,5.09,5.11,0.08,116987,38.2,6.6,0,0,None,LOW,0,"Routine milking, clean dry udder cloth, post-milking dip (0.5% povidone iodine).",No medication needed. Maintain clean bedding and nutrition.
COW-2707,Meera,Rathi,9.2,1,27,10.0,8.1,19.3,5.11,5.09,7.02,5.17,7.02,1.93,258139,38.6,6.75,0,1,LH,MEDIUM,9175,Subclinical warning in LH quarter. Apply ICAR herbal paste 3x daily for 5 days. Strip affected quarter completely.,ICAR Formulation: 250g Aloe Vera + 50g Pure Turmeric + 15g Edible Lime (Chuna) ground into paste.
COW-2708,Kapila,Tharparkar,4.0,1,224,15.3,15.3,0.1,5.21,5.05,5.02,5.07,5.21,0.19,155360,38.6,6.57,0,0,None,LOW,0,"Routine milking, clean dry udder cloth, post-milking dip (0.5% povidone iodine).",No medication needed. Maintain clean bedding and nutrition.
COW-2709,Devi,Red Sindhi,5.6,2,197,10.3,10.0,2.8,4.56,4.42,4.52,4.46,4.56,0.14,133233,38.2,6.59,0,0,None,LOW,0,"Routine milking, clean dry udder cloth, post-milking dip (0.5% povidone iodine).",No medication needed. Maintain clean bedding and nutrition.
COW-2710,Gauri,Murrah Buffalo,3.1,1,254,16.7,16.6,0.6,4.65,4.46,4.58,4.64,4.65,0.19,86208,38.2,6.67,0,0,None,LOW,0,"Routine milking, clean dry udder cloth, post-milking dip (0.5% povidone iodine).",No medication needed. Maintain clean bedding and nutrition.
COW-2711,Kapila,Red Sindhi,7.8,5,97,12.6,12.3,2.2,4.85,4.83,4.7,4.62,4.85,0.23,169758,38.5,6.57,0,0,None,LOW,0,"Routine milking, clean dry udder cloth, post-milking dip (0.5% povidone iodine).",No medication needed. Maintain clean bedding and nutrition.
COW-2712,Kalyani,Gir,4.2,4,109,18.8,15.3,18.7,5.11,5.15,7.16,5.11,7.16,2.05,258120,38.8,6.79,1,1,LH,MEDIUM,8592,Subclinical warning in LH quarter. Apply ICAR herbal paste 3x daily for 5 days. Strip affected quarter completely.,ICAR Formulation: 250g Aloe Vera + 50g Pure Turmeric + 15g Edible Lime (Chuna) ground into paste.
COW-2713,Nandini,Rathi,5.9,5,118,10.6,5.3,49.7,7.94,7.89,7.94,7.92,7.94,0.05,737827,40.3,7.21,2,1,Both Hind,HIGH,37071,Urgent: Acute clinical mastitis! Isolate animal immediately. Call government veterinary officer (1962). Administer prescribed veterinary therapy.,Immediate veterinary antibiotic injection + anti-inflammatory + frequent cold water fanning and stripping.
COW-2714,Sita,HF Cross,6.0,1,173,24.5,23.8,2.8,4.73,4.72,4.56,4.64,4.73,0.17,124504,38.3,6.68,0,0,None,LOW,0,"Routine milking, clean dry udder cloth, post-milking dip (0.5% povidone iodine).",No medication needed. Maintain clean bedding and nutrition.
COW-2715,Kalyani,Tharparkar,4.6,2,79,14.5,4.0,72.7,8.05,8.05,8.42,8.34,8.42,0.37,1537454,40.1,7.05,2,1,LH,HIGH,46059,Urgent: Acute clinical mastitis! Isolate animal immediately. Call government veterinary officer (1962). Administer prescribed veterinary therapy.,Immediate veterinary antibiotic injection + anti-inflammatory + frequent cold water fanning and stripping.
COW-2716,Nandini,Rathi,4.5,3,128,11.5,11.3,2.1,4.6,4.53,4.6,4.67,4.67,0.14,195000,38.5,6.54,0,0,None,LOW,0,"Routine milking, clean dry udder cloth, post-milking dip (0.5% povidone iodine).",No medication needed. Maintain clean bedding and nutrition.
COW-2717,Ganga,Sahiwal,8.9,5,283,18.2,17.6,3.1,4.7,4.92,4.84,4.75,4.92,0.22,170849,38.5,6.66,0,0,None,LOW,0,"Routine milking, clean dry udder cloth, post-milking dip (0.5% povidone iodine).",No medication needed. Maintain clean bedding and nutrition.
COW-2718,Tulsi,Tharparkar,7.7,6,263,10.4,10.4,0.0,4.69,4.94,4.71,4.81,4.94,0.25,92326,38.4,6.64,0,0,None,LOW,0,"Routine milking, clean dry udder cloth, post-milking dip (0.5% povidone iodine).",No medication needed. Maintain clean bedding and nutrition.
COW-2719,Yamuna,HF Cross,5.9,3,160,18.5,18.3,1.1,4.6,4.8,4.79,4.66,4.8,0.2,124769,38.2,6.55,0,0,None,LOW,0,"Routine milking, clean dry udder cloth, post-milking dip (0.5% povidone iodine).",No medication needed. Maintain clean bedding and nutrition.
COW-2720,Gauri,Murrah Buffalo,5.3,4,286,17.8,7.1,59.9,6.66,6.56,6.66,6.62,6.66,0.1,1074614,40.0,7.09,2,2,RH,HIGH,41108,Urgent: Acute clinical mastitis! Isolate animal immediately. Call government veterinary officer (1962). Administer prescribed veterinary therapy.,Immediate veterinary antibiotic injection + anti-inflammatory + frequent cold water fanning and stripping.
COW-2721,Devi,HF Cross,6.3,1,239,19.2,18.5,3.9,4.67,4.44,4.69,4.55,4.69,0.25,195000,38.9,6.51,0,0,None,LOW,0,"Routine milking, clean dry udder cloth, post-milking dip (0.5% povidone iodine).",No medication needed. Maintain clean bedding and nutrition.
COW-2722,Surabhi,Tharparkar,3.4,1,226,11.9,5.0,58.3,7.4,7.67,7.3,7.5,7.67,0.37,1060187,40.3,7.24,2,2,Both Front,HIGH,42433,Urgent: Acute clinical mastitis! Isolate animal immediately. Call government veterinary officer (1962). Administer prescribed veterinary therapy.,Immediate veterinary antibiotic injection + anti-inflammatory + frequent cold water fanning and stripping.
COW-2723,Nandini,Red Sindhi,7.8,4,192,10.6,4.4,58.2,7.31,7.14,7.37,7.41,7.41,0.27,969087,40.6,7.27,2,2,LH,HIGH,45799,Urgent: Acute clinical mastitis! Isolate animal immediately. Call government veterinary officer (1962). Administer prescribed veterinary therapy.,Immediate veterinary antibiotic injection + anti-inflammatory + frequent cold water fanning and stripping.
COW-2724,Kalyani,Sahiwal,4.5,1,194,14.4,14.4,0.0,4.54,4.56,4.58,4.59,4.59,0.05,113320,38.2,6.53,0,0,None,LOW,0,"Routine milking, clean dry udder cloth, post-milking dip (0.5% povidone iodine).",No medication needed. Maintain clean bedding and nutrition.
COW-2725,Kamdhenu,Red Sindhi,6.1,5,253,15.6,15.0,3.6,5.08,4.89,4.95,4.99,5.08,0.19,130427,38.3,6.56,0,0,None,LOW,0,"Routine milking, clean dry udder cloth, post-milking dip (0.5% povidone iodine).",No medication needed. Maintain clean bedding and nutrition.
COW-2726,Surabhi,Gir,6.1,2,174,18.9,9.4,50.4,6.34,6.47,6.44,6.86,6.86,0.52,1619754,40.2,7.24,2,2,Both Front,HIGH,35721,Urgent: Acute clinical mastitis! Isolate animal immediately. Call government veterinary officer (1962). Administer prescribed veterinary therapy.,Immediate veterinary antibiotic injection + anti-inflammatory + frequent cold water fanning and stripping.
COW-2727,Devi,Sahiwal,6.1,4,43,15.0,13.0,13.3,5.08,5.14,7.04,5.21,7.04,1.96,451591,38.9,6.79,0,0,LH,MEDIUM,6706,Subclinical warning in LH quarter. Apply ICAR herbal paste 3x daily for 5 days. Strip affected quarter completely.,ICAR Formulation: 250g Aloe Vera + 50g Pure Turmeric + 15g Edible Lime (Chuna) ground into paste.
COW-2728,Gauri,Rathi,2.6,4,45,14.9,14.8,0.6,4.89,4.89,4.81,4.79,4.89,0.1,80089,38.6,6.63,0,0,None,LOW,0,"Routine milking, clean dry udder cloth, post-milking dip (0.5% povidone iodine).",No medication needed. Maintain clean bedding and nutrition.
COW-2729,Kalyani,Murrah Buffalo,4.9,2,149,12.7,12.7,0.0,4.87,4.81,4.99,4.85,4.99,0.18,140192,38.4,6.57,0,0,None,LOW,0,"Routine milking, clean dry udder cloth, post-milking dip (0.5% povidone iodine).",No medication needed. Maintain clean bedding and nutrition.
COW-2730,Nandini,Red Sindhi,7.9,6,263,11.8,11.6,1.6,5.11,5.09,5.13,5.01,5.13,0.12,122237,38.7,6.54,0,0,None,LOW,0,"Routine milking, clean dry udder cloth, post-milking dip (0.5% povidone iodine).",No medication needed. Maintain clean bedding and nutrition.
COW-2731,Radha,HF Cross,2.6,3,35,19.1,11.2,41.6,6.91,6.7,6.93,7.02,7.02,0.32,935417,40.3,7.22,2,1,LF,HIGH,30274,Urgent: Acute clinical mastitis! Isolate animal immediately. Call government veterinary officer (1962). Administer prescribed veterinary therapy.,Immediate veterinary antibiotic injection + anti-inflammatory + frequent cold water fanning and stripping.
COW-2732,Nandini,Rathi,6.7,2,182,13.1,11.1,15.5,6.57,4.83,4.85,4.95,6.57,1.74,254253,39.1,6.89,1,1,LF,MEDIUM,7867,Subclinical warning in LF quarter. Apply ICAR herbal paste 3x daily for 5 days. Strip affected quarter completely.,ICAR Formulation: 250g Aloe Vera + 50g Pure Turmeric + 15g Edible Lime (Chuna) ground into paste.
COW-2733,Nandini,Rathi,5.1,1,170,10.4,4.3,58.3,7.28,7.05,6.83,6.74,7.28,0.54,988282,40.4,7.33,2,1,Both Front,HIGH,47084,Urgent: Acute clinical mastitis! Isolate animal immediately. Call government veterinary officer (1962). Administer prescribed veterinary therapy.,Immediate veterinary antibiotic injection + anti-inflammatory + frequent cold water fanning and stripping.
COW-2734,Nandini,Red Sindhi,7.0,4,275,14.8,14.7,0.6,4.74,4.89,4.76,4.98,4.98,0.24,152480,38.2,6.64,0,0,None,LOW,0,"Routine milking, clean dry udder cloth, post-milking dip (0.5% povidone iodine).",No medication needed. Maintain clean bedding and nutrition.
COW-2735,Surabhi,Gir,7.7,3,204,18.3,16.0,12.3,5.03,7.11,4.93,4.81,7.11,2.3,294952,39.3,6.84,0,1,RF,MEDIUM,6630,Subclinical warning in RF quarter. Apply ICAR herbal paste 3x daily for 5 days. Strip affected quarter completely.,ICAR Formulation: 250g Aloe Vera + 50g Pure Turmeric + 15g Edible Lime (Chuna) ground into paste.
COW-2736,Ganga,Red Sindhi,6.6,6,56,12.2,4.0,67.3,8.53,8.1,8.37,8.14,8.53,0.43,1064787,39.6,7.46,2,2,Both Hind,HIGH,47577,Urgent: Acute clinical mastitis! Isolate animal immediately. Call government veterinary officer (1962). Administer prescribed veterinary therapy.,Immediate veterinary antibiotic injection + anti-inflammatory + frequent cold water fanning and stripping.
COW-2737,Kalyani,Murrah Buffalo,6.4,4,23,17.6,7.5,57.6,6.9,6.6,6.75,6.74,6.9,0.3,729176,39.8,7.2,2,1,RF,HIGH,39282,Urgent: Acute clinical mastitis! Isolate animal immediately. Call government veterinary officer (1962). Administer prescribed veterinary therapy.,Immediate veterinary antibiotic injection + anti-inflammatory + frequent cold water fanning and stripping.
COW-2738,Devi,Sahiwal,4.1,6,40,14.2,11.3,20.7,4.79,4.95,4.87,6.11,6.11,1.32,419148,39.0,6.81,1,1,RH,MEDIUM,9659,Subclinical warning in RH quarter. Apply ICAR herbal paste 3x daily for 5 days. Strip affected quarter completely.,ICAR Formulation: 250g Aloe Vera + 50g Pure Turmeric + 15g Edible Lime (Chuna) ground into paste.
COW-2739,Sita,Murrah Buffalo,7.4,1,239,14.5,14.3,1.6,4.63,4.77,4.74,4.63,4.77,0.14,140790,38.4,6.59,0,0,None,LOW,0,"Routine milking, clean dry udder cloth, post-milking dip (0.5% povidone iodine).",No medication needed. Maintain clean bedding and nutrition.
COW-2740,Sita,HF Cross,2.8,4,119,21.7,21.5,1.0,4.8,4.88,4.87,4.79,4.88,0.09,163906,38.7,6.61,0,0,None,LOW,0,"Routine milking, clean dry udder cloth, post-milking dip (0.5% povidone iodine).",No medication needed. Maintain clean bedding and nutrition.
COW-2741,Yamuna,Rathi,7.8,6,211,11.0,9.9,10.2,4.97,6.31,4.86,4.81,6.31,1.5,371927,38.8,6.73,1,1,RF,MEDIUM,5232,Subclinical warning in RF quarter. Apply ICAR herbal paste 3x daily for 5 days. Strip affected quarter completely.,ICAR Formulation: 250g Aloe Vera + 50g Pure Turmeric + 15g Edible Lime (Chuna) ground into paste.
COW-2742,Ganga,Sahiwal,6.7,6,67,15.1,6.2,59.1,7.78,7.61,7.46,7.93,7.93,0.47,1058849,40.2,7.39,2,1,Both Front,HIGH,46840,Urgent: Acute clinical mastitis! Isolate animal immediately. Call government veterinary officer (1962). Administer prescribed veterinary therapy.,Immediate veterinary antibiotic injection + anti-inflammatory + frequent cold water fanning and stripping.
COW-2743,Gauri,Red Sindhi,6.3,6,210,15.1,12.9,14.7,7.07,5.05,5.0,4.95,7.07,2.12,307153,38.5,6.82,0,0,LF,MEDIUM,6741,Subclinical warning in LF quarter. Apply ICAR herbal paste 3x daily for 5 days. Strip affected quarter completely.,ICAR Formulation: 250g Aloe Vera + 50g Pure Turmeric + 15g Edible Lime (Chuna) ground into paste.
COW-2744,Kapila,Rathi,3.4,4,87,13.5,13.1,3.0,4.95,4.75,4.95,4.84,4.95,0.2,133970,38.5,6.64,0,0,None,LOW,0,"Routine milking, clean dry udder cloth, post-milking dip (0.5% povidone iodine).",No medication needed. Maintain clean bedding and nutrition.
COW-2745,Devi,Red Sindhi,5.6,3,244,15.5,15.1,2.5,4.67,4.64,4.69,4.66,4.69,0.05,109202,38.4,6.52,0,0,None,LOW,0,"Routine milking, clean dry udder cloth, post-milking dip (0.5% povidone iodine).",No medication needed. Maintain clean bedding and nutrition.
COW-2746,Yamuna,Red Sindhi,7.6,2,109,12.0,9.5,20.6,6.96,5.17,5.18,5.2,6.96,1.79,421417,38.7,6.8,0,1,LF,MEDIUM,9384,Subclinical warning in LF quarter. Apply ICAR herbal paste 3x daily for 5 days. Strip affected quarter completely.,ICAR Formulation: 250g Aloe Vera + 50g Pure Turmeric + 15g Edible Lime (Chuna) ground into paste.
COW-2747,Nandini,HF Cross,2.8,3,237,23.4,23.4,0.0,4.45,4.57,4.61,4.69,4.69,0.24,181337,38.6,6.61,0,0,None,LOW,0,"Routine milking, clean dry udder cloth, post-milking dip (0.5% povidone iodine).",No medication needed. Maintain clean bedding and nutrition.
COW-2748,Meera,Rathi,4.4,3,146,10.3,10.2,1.0,4.72,4.95,4.75,4.75,4.95,0.23,153755,38.3,6.51,0,0,None,LOW,0,"Routine milking, clean dry udder cloth, post-milking dip (0.5% povidone iodine).",No medication needed. Maintain clean bedding and nutrition.
COW-2749,Kapila,Gir,7.1,6,64,18.5,9.0,51.4,8.3,7.91,8.11,8.05,8.3,0.39,994972,40.1,7.05,2,2,Both Front,HIGH,42446,Urgent: Acute clinical mastitis! Isolate animal immediately. Call government veterinary officer (1962). Administer prescribed veterinary therapy.,Immediate veterinary antibiotic injection + anti-inflammatory + frequent cold water fanning and stripping.
COW-2750,Sita,Gir,7.7,5,236,19.3,18.7,3.0,4.63,4.88,4.69,4.91,4.91,0.28,163558,38.7,6.46,0,0,None,LOW,0,"Routine milking, clean dry udder cloth, post-milking dip (0.5% povidone iodine).",No medication needed. Maintain clean bedding and nutrition.
COW-2751,Bhavani,Red Sindhi,6.9,3,230,13.1,12.9,1.5,5.11,5.02,5.21,5.23,5.23,0.21,101631,38.7,6.58,0,0,None,LOW,0,"Routine milking, clean dry udder cloth, post-milking dip (0.5% povidone iodine).",No medication needed. Maintain clean bedding and nutrition.
COW-2752,Kalyani,Red Sindhi,5.5,4,164,14.9,14.5,2.4,4.52,4.58,4.55,4.63,4.63,0.11,123521,38.7,6.51,0,0,None,LOW,0,"Routine milking, clean dry udder cloth, post-milking dip (0.5% povidone iodine).",No medication needed. Maintain clean bedding and nutrition.
COW-2753,Gauri,Sahiwal,8.6,3,267,16.2,13.5,16.7,5.06,6.59,4.98,4.88,6.59,1.71,397093,39.0,7.0,0,0,RF,MEDIUM,7624,Subclinical warning in RF quarter. Apply ICAR herbal paste 3x daily for 5 days. Strip affected quarter completely.,ICAR Formulation: 250g Aloe Vera + 50g Pure Turmeric + 15g Edible Lime (Chuna) ground into paste.
COW-2754,Sita,Red Sindhi,3.1,5,200,15.5,13.8,10.8,5.12,7.13,5.08,5.3,7.13,2.05,282973,39.0,6.81,1,1,RF,MEDIUM,6380,Subclinical warning in RF quarter. Apply ICAR herbal paste 3x daily for 5 days. Strip affected quarter completely.,ICAR Formulation: 250g Aloe Vera + 50g Pure Turmeric + 15g Edible Lime (Chuna) ground into paste.
COW-2755,Meera,Rathi,5.5,4,24,15.7,8.7,44.3,7.01,7.07,6.94,6.89,7.07,0.18,1631692,40.2,7.19,2,2,LH,HIGH,39075,Urgent: Acute clinical mastitis! Isolate animal immediately. Call government veterinary officer (1962). Administer prescribed veterinary therapy.,Immediate veterinary antibiotic injection + anti-inflammatory + frequent cold water fanning and stripping.
COW-2756,Radha,HF Cross,3.1,6,261,20.1,10.9,45.8,6.47,6.43,6.44,6.53,6.53,0.1,1657125,40.0,7.05,2,1,Both Hind,HIGH,37527,Urgent: Acute clinical mastitis! Isolate animal immediately. Call government veterinary officer (1962). Administer prescribed veterinary therapy.,Immediate veterinary antibiotic injection + anti-inflammatory + frequent cold water fanning and stripping.
COW-2757,Sita,Rathi,3.0,3,62,11.4,9.3,18.3,5.0,5.15,6.8,4.96,6.8,1.84,283820,39.0,6.93,1,1,LH,MEDIUM,7957,Subclinical warning in LH quarter. Apply ICAR herbal paste 3x daily for 5 days. Strip affected quarter completely.,ICAR Formulation: 250g Aloe Vera + 50g Pure Turmeric + 15g Edible Lime (Chuna) ground into paste.
COW-2758,Tulsi,Sahiwal,6.6,6,76,17.2,17.1,0.8,4.8,4.79,5.01,4.98,5.01,0.22,133889,38.8,6.5,0,0,None,LOW,0,"Routine milking, clean dry udder cloth, post-milking dip (0.5% povidone iodine).",No medication needed. Maintain clean bedding and nutrition.
COW-2759,Surabhi,Red Sindhi,6.9,6,27,13.5,11.2,17.2,4.96,5.07,4.96,6.71,6.71,1.75,299799,38.8,6.83,1,1,RH,MEDIUM,8367,Subclinical warning in RH quarter. Apply ICAR herbal paste 3x daily for 5 days. Strip affected quarter completely.,ICAR Formulation: 250g Aloe Vera + 50g Pure Turmeric + 15g Edible Lime (Chuna) ground into paste.
COW-2760,Surabhi,Gir,2.5,3,213,19.5,19.2,1.4,5.11,4.88,5.09,4.88,5.11,0.23,154181,38.4,6.59,0,0,None,LOW,0,"Routine milking, clean dry udder cloth, post-milking dip (0.5% povidone iodine).",No medication needed. Maintain clean bedding and nutrition.
COW-2761,Gauri,HF Cross,9.4,3,290,18.3,7.0,61.6,8.23,7.98,8.19,7.94,8.23,0.29,875938,40.2,7.23,2,1,RF,HIGH,40336,Urgent: Acute clinical mastitis! Isolate animal immediately. Call government veterinary officer (1962). Administer prescribed veterinary therapy.,Immediate veterinary antibiotic injection + anti-inflammatory + frequent cold water fanning and stripping.
COW-2762,Kapila,Red Sindhi,5.7,1,179,10.9,10.8,0.9,4.87,4.93,5.02,4.9,5.02,0.15,124222,38.5,6.58,0,0,None,LOW,0,"Routine milking, clean dry udder cloth, post-milking dip (0.5% povidone iodine).",No medication needed. Maintain clean bedding and nutrition.
COW-2763,Bhavani,Red Sindhi,5.0,4,167,15.1,7.0,53.4,8.05,8.45,8.45,8.03,8.45,0.42,1645450,39.7,7.14,2,2,RH,HIGH,36801,Urgent: Acute clinical mastitis! Isolate animal immediately. Call government veterinary officer (1962). Administer prescribed veterinary therapy.,Immediate veterinary antibiotic injection + anti-inflammatory + frequent cold water fanning and stripping.
COW-2764,Surabhi,Sahiwal,3.0,5,194,18.4,16.0,13.2,4.96,4.92,6.93,4.86,6.93,2.07,480000,38.5,6.72,0,1,LH,MEDIUM,7364,Subclinical warning in LH quarter. Apply ICAR herbal paste 3x daily for 5 days. Strip affected quarter completely.,ICAR Formulation: 250g Aloe Vera + 50g Pure Turmeric + 15g Edible Lime (Chuna) ground into paste.
COW-2765,Lakshmi,Gir,4.0,5,177,14.0,13.3,4.7,4.93,5.05,5.12,5.08,5.12,0.19,155706,38.2,6.57,0,0,None,LOW,0,"Routine milking, clean dry udder cloth, post-milking dip (0.5% povidone iodine).",No medication needed. Maintain clean bedding and nutrition.
COW-2766,Bhavani,Murrah Buffalo,8.0,6,142,17.3,16.8,2.8,4.59,4.6,4.61,4.52,4.61,0.09,75927,38.2,6.49,0,0,None,LOW,0,"Routine milking, clean dry udder cloth, post-milking dip (0.5% povidone iodine).",No medication needed. Maintain clean bedding and nutrition.
COW-2767,Bhavani,Sahiwal,9.2,1,141,19.6,18.9,3.6,5.0,4.9,4.93,4.96,5.0,0.1,169367,38.4,6.62,0,0,None,LOW,0,"Routine milking, clean dry udder cloth, post-milking dip (0.5% povidone iodine).",No medication needed. Maintain clean bedding and nutrition.
COW-2768,Meera,Sahiwal,5.0,1,145,18.2,18.1,0.3,4.81,4.91,4.73,4.71,4.91,0.2,192557,38.5,6.45,0,0,None,LOW,0,"Routine milking, clean dry udder cloth, post-milking dip (0.5% povidone iodine).",No medication needed. Maintain clean bedding and nutrition.
COW-2769,Tulsi,Gir,4.5,5,176,15.7,15.2,3.2,4.87,4.89,4.76,4.9,4.9,0.14,115061,38.4,6.57,0,0,None,LOW,0,"Routine milking, clean dry udder cloth, post-milking dip (0.5% povidone iodine).",No medication needed. Maintain clean bedding and nutrition.
COW-2770,Nandini,Rathi,2.9,1,286,12.9,12.6,2.0,4.71,4.63,4.82,4.61,4.82,0.21,174604,38.5,6.65,0,0,None,LOW,0,"Routine milking, clean dry udder cloth, post-milking dip (0.5% povidone iodine).",No medication needed. Maintain clean bedding and nutrition.
COW-2771,Surabhi,Tharparkar,6.2,2,65,15.7,15.0,4.6,4.85,4.97,4.84,5.03,5.03,0.19,132257,38.7,6.58,0,0,None,LOW,0,"Routine milking, clean dry udder cloth, post-milking dip (0.5% povidone iodine).",No medication needed. Maintain clean bedding and nutrition.
COW-2772,Gauri,Rathi,4.7,3,77,12.0,11.7,2.2,4.57,4.58,4.38,4.64,4.64,0.26,79655,38.4,6.57,0,0,None,LOW,0,"Routine milking, clean dry udder cloth, post-milking dip (0.5% povidone iodine).",No medication needed. Maintain clean bedding and nutrition.
COW-2773,Kalyani,Rathi,7.1,2,48,12.2,11.9,2.8,4.83,4.9,4.79,4.83,4.9,0.11,174378,38.5,6.49,0,0,None,LOW,0,"Routine milking, clean dry udder cloth, post-milking dip (0.5% povidone iodine).",No medication needed. Maintain clean bedding and nutrition.
COW-2774,Ganga,Rathi,5.5,3,183,15.5,15.5,0.0,4.8,4.6,4.77,4.57,4.8,0.23,156423,38.2,6.58,0,0,None,LOW,0,"Routine milking, clean dry udder cloth, post-milking dip (0.5% povidone iodine).",No medication needed. Maintain clean bedding and nutrition.
COW-2775,Bhavani,Sahiwal,2.7,4,257,14.2,14.0,1.7,4.73,4.67,4.51,4.8,4.8,0.29,106737,38.3,6.63,0,0,None,LOW,0,"Routine milking, clean dry udder cloth, post-milking dip (0.5% povidone iodine).",No medication needed. Maintain clean bedding and nutrition.
COW-2776,Surabhi,Tharparkar,8.7,2,277,10.8,10.6,2.0,4.44,4.73,4.5,4.73,4.73,0.29,85004,38.7,6.49,0,0,None,LOW,0,"Routine milking, clean dry udder cloth, post-milking dip (0.5% povidone iodine).",No medication needed. Maintain clean bedding and nutrition.
COW-2777,Ganga,Sahiwal,7.2,1,202,16.3,13.6,16.4,6.59,5.26,5.29,5.06,6.59,1.53,263019,38.7,6.86,0,0,LF,MEDIUM,8419,Subclinical warning in LF quarter. Apply ICAR herbal paste 3x daily for 5 days. Strip affected quarter completely.,ICAR Formulation: 250g Aloe Vera + 50g Pure Turmeric + 15g Edible Lime (Chuna) ground into paste.
COW-2778,Kamdhenu,Sahiwal,4.1,2,198,15.1,14.8,2.0,5.17,4.98,5.15,5.01,5.17,0.19,148250,38.8,6.58,0,0,None,LOW,0,"Routine milking, clean dry udder cloth, post-milking dip (0.5% povidone iodine).",No medication needed. Maintain clean bedding and nutrition.
COW-2779,Kalyani,Red Sindhi,5.4,3,182,10.8,10.6,1.4,4.74,4.89,4.83,4.78,4.89,0.15,114679,38.5,6.61,0,0,None,LOW,0,"Routine milking, clean dry udder cloth, post-milking dip (0.5% povidone iodine).",No medication needed. Maintain clean bedding and nutrition.
COW-2780,Lakshmi,Sahiwal,4.3,5,232,16.6,16.5,0.5,5.02,4.97,4.9,4.93,5.02,0.12,66868,38.6,6.6,0,0,None,LOW,0,"Routine milking, clean dry udder cloth, post-milking dip (0.5% povidone iodine).",No medication needed. Maintain clean bedding and nutrition.
COW-2781,Kapila,HF Cross,7.2,6,136,20.2,20.0,1.2,4.84,4.92,4.98,4.84,4.98,0.14,85046,38.8,6.61,0,0,None,LOW,0,"Routine milking, clean dry udder cloth, post-milking dip (0.5% povidone iodine).",No medication needed. Maintain clean bedding and nutrition.
COW-2782,Kalyani,Red Sindhi,3.1,6,102,16.0,7.4,53.7,7.14,7.45,7.1,7.4,7.45,0.35,802038,39.9,7.45,2,1,RH,HIGH,40907,Urgent: Acute clinical mastitis! Isolate animal immediately. Call government veterinary officer (1962). Administer prescribed veterinary therapy.,Immediate veterinary antibiotic injection + anti-inflammatory + frequent cold water fanning and stripping.
COW-2783,Bhavani,Sahiwal,8.6,5,43,17.7,17.6,0.3,4.61,4.76,4.64,4.6,4.76,0.16,134818,38.4,6.61,0,0,None,LOW,0,"Routine milking, clean dry udder cloth, post-milking dip (0.5% povidone iodine).",No medication needed. Maintain clean bedding and nutrition.
COW-2784,Kalyani,Rathi,7.4,2,159,15.3,12.5,18.4,5.13,5.23,6.92,5.11,6.92,1.81,425059,39.1,6.78,1,0,LH,MEDIUM,9500,Subclinical warning in LH quarter. Apply ICAR herbal paste 3x daily for 5 days. Strip affected quarter completely.,ICAR Formulation: 250g Aloe Vera + 50g Pure Turmeric + 15g Edible Lime (Chuna) ground into paste.
COW-2785,Gauri,Red Sindhi,6.5,3,139,10.9,10.9,0.0,5.12,5.01,5.17,4.94,5.17,0.23,107996,38.2,6.49,0,0,None,LOW,0,"Routine milking, clean dry udder cloth, post-milking dip (0.5% povidone iodine).",No medication needed. Maintain clean bedding and nutrition.
COW-2786,Kamdhenu,Murrah Buffalo,5.8,2,246,17.2,14.9,13.4,5.25,5.19,5.09,7.32,7.32,2.23,329463,38.7,6.72,1,1,RH,MEDIUM,6694,Subclinical warning in RH quarter. Apply ICAR herbal paste 3x daily for 5 days. Strip affected quarter completely.,ICAR Formulation: 250g Aloe Vera + 50g Pure Turmeric + 15g Edible Lime (Chuna) ground into paste.
COW-2787,Gauri,Rathi,2.7,1,213,14.4,14.4,0.0,4.87,4.76,4.87,4.96,4.96,0.2,120159,38.6,6.61,0,0,None,LOW,0,"Routine milking, clean dry udder cloth, post-milking dip (0.5% povidone iodine).",No medication needed. Maintain clean bedding and nutrition.
COW-2788,Yamuna,Red Sindhi,7.1,4,61,12.1,11.8,2.7,4.94,5.04,5.15,5.11,5.15,0.21,125510,38.2,6.63,0,0,None,LOW,0,"Routine milking, clean dry udder cloth, post-milking dip (0.5% povidone iodine).",No medication needed. Maintain clean bedding and nutrition.
COW-2789,Tulsi,Tharparkar,3.1,2,23,13.0,13.0,0.0,4.45,4.64,4.66,4.66,4.66,0.21,98569,38.3,6.55,0,0,None,LOW,0,"Routine milking, clean dry udder cloth, post-milking dip (0.5% povidone iodine).",No medication needed. Maintain clean bedding and nutrition.
COW-2790,Kamdhenu,Murrah Buffalo,6.3,4,258,17.8,4.6,74.3,7.4,7.75,7.66,7.38,7.75,0.37,1317588,40.1,7.4,2,2,LF,HIGH,51674,Urgent: Acute clinical mastitis! Isolate animal immediately. Call government veterinary officer (1962). Administer prescribed veterinary therapy.,Immediate veterinary antibiotic injection + anti-inflammatory + frequent cold water fanning and stripping.
COW-2791,Bhavani,Sahiwal,6.6,3,238,16.4,16.4,0.0,4.56,4.69,4.77,4.57,4.77,0.21,91555,38.4,6.49,0,0,None,LOW,0,"Routine milking, clean dry udder cloth, post-milking dip (0.5% povidone iodine).",No medication needed. Maintain clean bedding and nutrition.
COW-2792,Kalyani,HF Cross,4.6,4,117,25.3,24.9,1.7,4.46,4.69,4.67,4.59,4.69,0.23,88630,38.7,6.54,0,0,None,LOW,0,"Routine milking, clean dry udder cloth, post-milking dip (0.5% povidone iodine).",No medication needed. Maintain clean bedding and nutrition.
COW-2793,Devi,Murrah Buffalo,2.6,4,146,15.0,12.8,14.9,6.08,4.91,4.86,4.81,6.08,1.27,293346,38.5,6.81,0,1,LF,MEDIUM,8111,Subclinical warning in LF quarter. Apply ICAR herbal paste 3x daily for 5 days. Strip affected quarter completely.,ICAR Formulation: 250g Aloe Vera + 50g Pure Turmeric + 15g Edible Lime (Chuna) ground into paste.
COW-2794,Devi,Rathi,4.1,3,124,13.6,13.6,0.2,4.96,5.03,5.16,4.93,5.16,0.23,150968,38.3,6.63,0,0,None,LOW,0,"Routine milking, clean dry udder cloth, post-milking dip (0.5% povidone iodine).",No medication needed. Maintain clean bedding and nutrition.
COW-2795,Surabhi,Red Sindhi,7.5,5,151,14.4,14.2,1.6,4.86,4.87,5.09,4.87,5.09,0.23,113095,38.6,6.54,0,0,None,LOW,0,"Routine milking, clean dry udder cloth, post-milking dip (0.5% povidone iodine).",No medication needed. Maintain clean bedding and nutrition.
COW-2796,Devi,HF Cross,5.4,4,117,25.7,25.7,0.0,4.91,5.07,4.99,5.03,5.07,0.16,118985,38.5,6.45,0,0,None,LOW,0,"Routine milking, clean dry udder cloth, post-milking dip (0.5% povidone iodine).",No medication needed. Maintain clean bedding and nutrition.
COW-2797,Kamdhenu,HF Cross,2.9,1,234,21.9,21.7,1.1,4.47,4.56,4.43,4.4,4.56,0.16,151558,38.7,6.53,0,0,None,LOW,0,"Routine milking, clean dry udder cloth, post-milking dip (0.5% povidone iodine).",No medication needed. Maintain clean bedding and nutrition.
COW-2798,Radha,Rathi,7.1,5,54,14.6,14.6,0.2,4.81,4.59,4.81,4.58,4.81,0.23,140315,38.6,6.46,0,0,None,LOW,0,"Routine milking, clean dry udder cloth, post-milking dip (0.5% povidone iodine).",No medication needed. Maintain clean bedding and nutrition.
COW-2799,Yamuna,Red Sindhi,8.7,4,72,12.4,12.3,1.2,4.66,4.63,4.55,4.44,4.66,0.22,118359,38.6,6.7,0,0,None,LOW,0,"Routine milking, clean dry udder cloth, post-milking dip (0.5% povidone iodine).",No medication needed. Maintain clean bedding and nutrition.
COW-2800,Ganga,Gir,9.2,2,144,17.0,15.2,10.7,4.78,4.75,6.13,4.8,6.13,1.38,221511,38.9,6.93,1,0,LH,MEDIUM,6239,Subclinical warning in LH quarter. Apply ICAR herbal paste 3x daily for 5 days. Strip affected quarter completely.,ICAR Formulation: 250g Aloe Vera + 50g Pure Turmeric + 15g Edible Lime (Chuna) ground into paste.
COW-2801,Kalyani,Rathi,3.2,5,207,10.4,10.1,2.5,4.89,4.9,4.88,4.67,4.9,0.23,133780,38.3,6.64,0,0,None,LOW,0,"Routine milking, clean dry udder cloth, post-milking dip (0.5% povidone iodine).",No medication needed. Maintain clean bedding and nutrition.
COW-2802,Devi,Sahiwal,8.0,1,170,19.6,16.1,17.9,4.84,6.61,4.75,4.98,6.61,1.86,248174,38.9,6.9,1,0,RF,MEDIUM,8008,Subclinical warning in RF quarter. Apply ICAR herbal paste 3x daily for 5 days. Strip affected quarter completely.,ICAR Formulation: 250g Aloe Vera + 50g Pure Turmeric + 15g Edible Lime (Chuna) ground into paste.
COW-2803,Ganga,Red Sindhi,6.2,6,165,11.9,5.6,52.9,6.91,6.48,6.61,6.86,6.91,0.43,1613661,40.2,7.2,2,2,Both Front,HIGH,39276,Urgent: Acute clinical mastitis! Isolate animal immediately. Call government veterinary officer (1962). Administer prescribed veterinary therapy.,Immediate veterinary antibiotic injection + anti-inflammatory + frequent cold water fanning and stripping.
COW-2804,Kalyani,Tharparkar,3.8,1,134,13.3,7.4,44.3,8.34,8.4,8.1,8.63,8.63,0.53,1629545,39.7,7.32,2,2,LF,HIGH,32924,Urgent: Acute clinical mastitis! Isolate animal immediately. Call government veterinary officer (1962). Administer prescribed veterinary therapy.,Immediate veterinary antibiotic injection + anti-inflammatory + frequent cold water fanning and stripping.
COW-2805,Meera,HF Cross,3.6,3,157,25.0,24.1,3.4,4.77,4.56,4.51,4.67,4.77,0.26,82049,38.7,6.56,0,0,None,LOW,0,"Routine milking, clean dry udder cloth, post-milking dip (0.5% povidone iodine).",No medication needed. Maintain clean bedding and nutrition.
COW-2806,Surabhi,HF Cross,3.8,1,220,22.4,19.8,11.7,4.73,4.86,6.06,4.73,6.06,1.33,354398,38.5,6.93,1,1,LH,MEDIUM,6591,Subclinical warning in LH quarter. Apply ICAR herbal paste 3x daily for 5 days. Strip affected quarter completely.,ICAR Formulation: 250g Aloe Vera + 50g Pure Turmeric + 15g Edible Lime (Chuna) ground into paste.
COW-2807,Tulsi,Red Sindhi,3.0,6,250,13.5,13.4,1.0,4.87,4.99,4.83,4.84,4.99,0.16,184293,38.7,6.53,0,0,None,LOW,0,"Routine milking, clean dry udder cloth, post-milking dip (0.5% povidone iodine).",No medication needed. Maintain clean bedding and nutrition.
COW-2808,Radha,Rathi,6.5,5,125,15.9,15.6,1.7,4.71,4.62,4.52,4.55,4.71,0.19,135089,38.4,6.68,0,0,None,LOW,0,"Routine milking, clean dry udder cloth, post-milking dip (0.5% povidone iodine).",No medication needed. Maintain clean bedding and nutrition.
COW-2809,Gauri,Tharparkar,4.0,3,270,11.8,11.6,1.4,5.08,5.16,5.08,5.06,5.16,0.1,50000,38.6,6.56,0,0,None,LOW,0,"Routine milking, clean dry udder cloth, post-milking dip (0.5% povidone iodine).",No medication needed. Maintain clean bedding and nutrition.
COW-2810,Ganga,Red Sindhi,7.1,4,199,10.2,10.0,1.9,4.36,4.37,4.44,4.65,4.65,0.29,117098,38.7,6.65,0,0,None,LOW,0,"Routine milking, clean dry udder cloth, post-milking dip (0.5% povidone iodine).",No medication needed. Maintain clean bedding and nutrition.
COW-2811,Devi,Murrah Buffalo,3.3,2,14,17.9,17.8,0.3,5.03,5.0,4.82,4.98,5.03,0.21,118124,38.5,6.58,0,0,None,LOW,0,"Routine milking, clean dry udder cloth, post-milking dip (0.5% povidone iodine).",No medication needed. Maintain clean bedding and nutrition.
COW-2812,Yamuna,Tharparkar,7.9,1,14,10.0,8.8,11.6,4.93,4.96,5.05,6.2,6.2,1.27,360525,38.9,6.94,0,0,RH,MEDIUM,6526,Subclinical warning in RH quarter. Apply ICAR herbal paste 3x daily for 5 days. Strip affected quarter completely.,ICAR Formulation: 250g Aloe Vera + 50g Pure Turmeric + 15g Edible Lime (Chuna) ground into paste.
COW-2813,Surabhi,Sahiwal,3.8,6,68,14.7,7.4,49.9,6.66,6.85,6.63,6.86,6.86,0.23,1639372,39.9,7.37,2,2,Both Front,HIGH,40667,Urgent: Acute clinical mastitis! Isolate animal immediately. Call government veterinary officer (1962). Administer prescribed veterinary therapy.,Immediate veterinary antibiotic injection + anti-inflammatory + frequent cold water fanning and stripping.
COW-2814,Nandini,Red Sindhi,3.6,2,195,16.0,16.0,0.0,4.53,4.56,4.75,4.69,4.75,0.22,96716,38.6,6.55,0,0,None,LOW,0,"Routine milking, clean dry udder cloth, post-milking dip (0.5% povidone iodine).",No medication needed. Maintain clean bedding and nutrition.
COW-2815,Kapila,Rathi,8.1,2,202,15.3,15.1,1.2,4.49,4.62,4.67,4.7,4.7,0.21,139801,38.2,6.47,0,0,None,LOW,0,"Routine milking, clean dry udder cloth, post-milking dip (0.5% povidone iodine).",No medication needed. Maintain clean bedding and nutrition.
COW-2816,Nandini,Sahiwal,4.7,4,86,15.0,12.9,14.3,5.01,7.3,5.1,5.2,7.3,2.29,325770,38.7,6.72,1,0,RF,MEDIUM,7731,Subclinical warning in RF quarter. Apply ICAR herbal paste 3x daily for 5 days. Strip affected quarter completely.,ICAR Formulation: 250g Aloe Vera + 50g Pure Turmeric + 15g Edible Lime (Chuna) ground into paste.
COW-2817,Bhavani,Tharparkar,6.2,1,77,15.6,15.4,1.5,4.66,4.42,4.48,4.65,4.66,0.24,101373,38.6,6.61,0,0,None,LOW,0,"Routine milking, clean dry udder cloth, post-milking dip (0.5% povidone iodine).",No medication needed. Maintain clean bedding and nutrition.
COW-2818,Nandini,Sahiwal,4.6,5,182,19.2,19.0,1.1,5.04,4.84,5.0,4.89,5.04,0.2,170489,38.6,6.54,0,0,None,LOW,0,"Routine milking, clean dry udder cloth, post-milking dip (0.5% povidone iodine).",No medication needed. Maintain clean bedding and nutrition.
COW-2819,Yamuna,Tharparkar,8.1,3,77,13.3,13.0,2.5,4.94,5.01,4.8,4.85,5.01,0.21,80899,38.5,6.65,0,0,None,LOW,0,"Routine milking, clean dry udder cloth, post-milking dip (0.5% povidone iodine).",No medication needed. Maintain clean bedding and nutrition.
COW-2820,Bhavani,Murrah Buffalo,6.0,5,24,16.0,15.8,1.2,4.92,4.89,4.71,4.93,4.93,0.22,179070,38.4,6.66,0,0,None,LOW,0,"Routine milking, clean dry udder cloth, post-milking dip (0.5% povidone iodine).",No medication needed. Maintain clean bedding and nutrition.
COW-2821,Sita,HF Cross,8.8,4,140,25.4,12.2,52.1,7.35,7.2,7.2,7.2,7.35,0.15,1715054,40.2,7.36,2,2,Both Front,HIGH,40146,Urgent: Acute clinical mastitis! Isolate animal immediately. Call government veterinary officer (1962). Administer prescribed veterinary therapy.,Immediate veterinary antibiotic injection + anti-inflammatory + frequent cold water fanning and stripping.
COW-2822,Sita,Rathi,4.6,1,290,14.6,14.1,3.4,4.89,5.01,5.18,5.06,5.18,0.29,181628,38.5,6.59,0,0,None,LOW,0,"Routine milking, clean dry udder cloth, post-milking dip (0.5% povidone iodine).",No medication needed. Maintain clean bedding and nutrition.
COW-2823,Lakshmi,HF Cross,4.6,2,278,22.9,22.7,0.8,4.38,4.37,4.46,4.5,4.5,0.13,125344,38.2,6.7,0,0,None,LOW,0,"Routine milking, clean dry udder cloth, post-milking dip (0.5% povidone iodine).",No medication needed. Maintain clean bedding and nutrition.
COW-2824,Meera,Tharparkar,7.8,3,239,15.4,15.4,0.0,4.67,4.57,4.61,4.74,4.74,0.17,135556,38.7,6.54,0,0,None,LOW,0,"Routine milking, clean dry udder cloth, post-milking dip (0.5% povidone iodine).",No medication needed. Maintain clean bedding and nutrition.
COW-2825,Kamdhenu,Murrah Buffalo,6.6,5,41,12.8,12.6,1.9,4.45,4.51,4.48,4.55,4.55,0.1,138880,38.2,6.56,0,0,None,LOW,0,"Routine milking, clean dry udder cloth, post-milking dip (0.5% povidone iodine).",No medication needed. Maintain clean bedding and nutrition.
COW-2826,Gauri,Rathi,8.4,3,149,11.8,10.3,12.9,5.03,5.22,5.22,7.01,7.01,1.98,301103,38.5,6.95,0,1,RH,MEDIUM,6371,Subclinical warning in RH quarter. Apply ICAR herbal paste 3x daily for 5 days. Strip affected quarter completely.,ICAR Formulation: 250g Aloe Vera + 50g Pure Turmeric + 15g Edible Lime (Chuna) ground into paste.
COW-2827,Meera,Murrah Buffalo,6.1,1,152,12.5,10.7,14.1,4.7,4.68,6.28,4.79,6.28,1.6,327247,39.2,6.8,1,1,LH,MEDIUM,8167,Subclinical warning in LH quarter. Apply ICAR herbal paste 3x daily for 5 days. Strip affected quarter completely.,ICAR Formulation: 250g Aloe Vera + 50g Pure Turmeric + 15g Edible Lime (Chuna) ground into paste.
COW-2828,Sita,Gir,5.2,4,205,14.1,14.1,0.0,4.59,4.87,4.64,4.77,4.87,0.28,99199,38.6,6.57,0,0,None,LOW,0,"Routine milking, clean dry udder cloth, post-milking dip (0.5% povidone iodine).",No medication needed. Maintain clean bedding and nutrition.
COW-2829,Sita,Red Sindhi,4.9,5,161,12.2,6.1,49.8,7.17,7.33,7.16,6.98,7.33,0.35,1714424,40.0,7.05,2,1,LF,HIGH,42813,Urgent: Acute clinical mastitis! Isolate animal immediately. Call government veterinary officer (1962). Administer prescribed veterinary therapy.,Immediate veterinary antibiotic injection + anti-inflammatory + frequent cold water fanning and stripping.
COW-2830,Surabhi,Tharparkar,3.8,6,58,12.7,12.7,0.0,4.57,4.57,4.57,4.62,4.62,0.05,176485,38.4,6.54,0,0,None,LOW,0,"Routine milking, clean dry udder cloth, post-milking dip (0.5% povidone iodine).",No medication needed. Maintain clean bedding and nutrition.
COW-2831,Surabhi,Tharparkar,6.3,2,73,12.2,11.8,2.9,4.58,4.64,4.6,4.75,4.75,0.17,190932,38.2,6.58,0,0,None,LOW,0,"Routine milking, clean dry udder cloth, post-milking dip (0.5% povidone iodine).",No medication needed. Maintain clean bedding and nutrition.
COW-2832,Lakshmi,Tharparkar,4.0,2,193,14.5,4.5,68.7,8.23,8.18,8.06,8.35,8.35,0.29,1347600,40.2,7.05,2,1,LF,HIGH,45380,Urgent: Acute clinical mastitis! Isolate animal immediately. Call government veterinary officer (1962). Administer prescribed veterinary therapy.,Immediate veterinary antibiotic injection + anti-inflammatory + frequent cold water fanning and stripping.
COW-2833,Ganga,Gir,5.4,6,36,14.6,14.3,1.8,4.61,4.56,4.68,4.52,4.68,0.16,101659,38.5,6.53,0,0,None,LOW,0,"Routine milking, clean dry udder cloth, post-milking dip (0.5% povidone iodine).",No medication needed. Maintain clean bedding and nutrition.
COW-2834,Lakshmi,Gir,2.9,1,106,18.3,15.4,15.9,4.64,4.85,4.71,6.23,6.23,1.59,367722,39.0,6.72,1,1,RH,MEDIUM,9051,Subclinical warning in RH quarter. Apply ICAR herbal paste 3x daily for 5 days. Strip affected quarter completely.,ICAR Formulation: 250g Aloe Vera + 50g Pure Turmeric + 15g Edible Lime (Chuna) ground into paste.
COW-2835,Sita,Murrah Buffalo,2.5,4,85,13.4,13.0,3.1,5.04,5.11,4.86,4.89,5.11,0.25,195000,38.7,6.58,0,0,None,LOW,0,"Routine milking, clean dry udder cloth, post-milking dip (0.5% povidone iodine).",No medication needed. Maintain clean bedding and nutrition.
COW-2836,Surabhi,HF Cross,6.9,4,285,24.1,24.1,0.0,4.71,4.66,4.65,4.58,4.71,0.13,195000,38.2,6.57,0,0,None,LOW,0,"Routine milking, clean dry udder cloth, post-milking dip (0.5% povidone iodine).",No medication needed. Maintain clean bedding and nutrition.
COW-2837,Tulsi,Gir,6.8,3,112,18.1,16.2,10.7,6.79,5.3,5.14,5.14,6.79,1.65,333485,38.9,6.82,0,1,LF,MEDIUM,6572,Subclinical warning in LF quarter. Apply ICAR herbal paste 3x daily for 5 days. Strip affected quarter completely.,ICAR Formulation: 250g Aloe Vera + 50g Pure Turmeric + 15g Edible Lime (Chuna) ground into paste.
COW-2838,Devi,Red Sindhi,5.4,2,25,14.7,14.2,3.7,4.61,4.5,4.57,4.52,4.61,0.11,107091,38.2,6.6,0,0,None,LOW,0,"Routine milking, clean dry udder cloth, post-milking dip (0.5% povidone iodine).",No medication needed. Maintain clean bedding and nutrition.
COW-2839,Kamdhenu,Red Sindhi,7.5,1,91,10.8,10.6,2.2,4.56,4.58,4.7,4.43,4.7,0.27,109314,38.6,6.49,0,0,None,LOW,0,"Routine milking, clean dry udder cloth, post-milking dip (0.5% povidone iodine).",No medication needed. Maintain clean bedding and nutrition.
COW-2840,Gauri,Red Sindhi,5.8,4,116,12.0,11.9,0.9,4.61,4.63,4.64,4.49,4.64,0.15,116231,38.3,6.53,0,0,None,LOW,0,"Routine milking, clean dry udder cloth, post-milking dip (0.5% povidone iodine).",No medication needed. Maintain clean bedding and nutrition.
COW-2841,Ganga,Tharparkar,8.2,5,157,13.9,13.7,1.4,4.63,4.51,4.74,4.66,4.74,0.23,143385,38.2,6.56,0,0,None,LOW,0,"Routine milking, clean dry udder cloth, post-milking dip (0.5% povidone iodine).",No medication needed. Maintain clean bedding and nutrition.
COW-2842,Meera,Gir,2.8,6,137,16.7,16.6,0.5,5.07,5.06,5.17,4.94,5.17,0.23,91533,38.9,6.53,0,0,None,LOW,0,"Routine milking, clean dry udder cloth, post-milking dip (0.5% povidone iodine).",No medication needed. Maintain clean bedding and nutrition.
COW-2843,Meera,HF Cross,7.4,2,85,20.1,20.1,0.1,4.9,4.86,4.93,4.78,4.93,0.15,95759,38.9,6.61,0,0,None,LOW,0,"Routine milking, clean dry udder cloth, post-milking dip (0.5% povidone iodine).",No medication needed. Maintain clean bedding and nutrition.
COW-2844,Kapila,Red Sindhi,9.3,6,144,10.6,8.4,21.0,5.1,7.2,4.97,5.25,7.2,2.23,397436,38.9,6.84,0,0,RF,MEDIUM,9043,Subclinical warning in RF quarter. Apply ICAR herbal paste 3x daily for 5 days. Strip affected quarter completely.,ICAR Formulation: 250g Aloe Vera + 50g Pure Turmeric + 15g Edible Lime (Chuna) ground into paste.
COW-2845,Kamdhenu,Red Sindhi,4.4,1,210,14.8,14.7,0.7,4.69,4.74,4.87,4.87,4.87,0.18,117943,38.4,6.6,0,0,None,LOW,0,"Routine milking, clean dry udder cloth, post-milking dip (0.5% povidone iodine).",No medication needed. Maintain clean bedding and nutrition.
COW-2846,Kalyani,Murrah Buffalo,2.9,2,261,13.1,12.9,1.3,4.98,5.16,4.99,5.2,5.2,0.22,193586,38.2,6.67,0,0,None,LOW,0,"Routine milking, clean dry udder cloth, post-milking dip (0.5% povidone iodine).",No medication needed. Maintain clean bedding and nutrition.
COW-2847,Nandini,HF Cross,5.2,4,252,25.8,25.1,2.8,4.7,4.74,4.66,4.86,4.86,0.2,140468,38.7,6.54,0,0,None,LOW,0,"Routine milking, clean dry udder cloth, post-milking dip (0.5% povidone iodine).",No medication needed. Maintain clean bedding and nutrition.
COW-2848,Sita,Murrah Buffalo,7.5,1,23,13.8,11.9,14.0,4.68,4.59,6.44,4.65,6.44,1.85,210000,38.6,6.75,0,0,LH,MEDIUM,8076,Subclinical warning in LH quarter. Apply ICAR herbal paste 3x daily for 5 days. Strip affected quarter completely.,ICAR Formulation: 250g Aloe Vera + 50g Pure Turmeric + 15g Edible Lime (Chuna) ground into paste.
COW-2849,Gauri,Gir,8.6,2,241,19.3,16.8,13.1,4.92,6.98,4.86,4.98,6.98,2.12,232254,38.7,6.85,1,0,RF,MEDIUM,6234,Subclinical warning in RF quarter. Apply ICAR herbal paste 3x daily for 5 days. Strip affected quarter completely.,ICAR Formulation: 250g Aloe Vera + 50g Pure Turmeric + 15g Edible Lime (Chuna) ground into paste.
COW-2850,Ganga,Rathi,3.3,4,202,15.4,15.1,2.1,4.91,4.97,4.99,5.08,5.08,0.17,154593,38.5,6.54,0,0,None,LOW,0,"Routine milking, clean dry udder cloth, post-milking dip (0.5% povidone iodine).",No medication needed. Maintain clean bedding and nutrition.
COW-2851,Devi,Red Sindhi,7.4,6,15,11.7,11.5,1.5,4.82,4.9,4.69,4.68,4.9,0.22,134349,38.7,6.63,0,0,None,LOW,0,"Routine milking, clean dry udder cloth, post-milking dip (0.5% povidone iodine).",No medication needed. Maintain clean bedding and nutrition.
COW-2852,Yamuna,Murrah Buffalo,7.4,1,246,12.1,12.0,1.0,4.76,4.8,4.88,4.97,4.97,0.21,98596,38.4,6.55,0,0,None,LOW,0,"Routine milking, clean dry udder cloth, post-milking dip (0.5% povidone iodine).",No medication needed. Maintain clean bedding and nutrition.
COW-2853,Ganga,Red Sindhi,4.2,4,91,14.2,4.9,65.5,7.8,8.04,7.84,7.85,8.04,0.24,1293817,40.5,7.24,2,1,Both Front,HIGH,47228,Urgent: Acute clinical mastitis! Isolate animal immediately. Call government veterinary officer (1962). Administer prescribed veterinary therapy.,Immediate veterinary antibiotic injection + anti-inflammatory + frequent cold water fanning and stripping.
COW-2854,Meera,Tharparkar,6.9,6,83,15.1,11.9,21.4,4.68,4.95,4.92,6.03,6.03,1.35,321128,38.8,6.78,0,1,RH,MEDIUM,10020,Subclinical warning in RH quarter. Apply ICAR herbal paste 3x daily for 5 days. Strip affected quarter completely.,ICAR Formulation: 250g Aloe Vera + 50g Pure Turmeric + 15g Edible Lime (Chuna) ground into paste.
COW-2855,Devi,Murrah Buffalo,3.4,3,290,13.2,7.2,45.8,7.32,7.39,7.06,7.52,7.52,0.46,876112,39.6,7.15,2,2,RF,HIGH,39071,Urgent: Acute clinical mastitis! Isolate animal immediately. Call government veterinary officer (1962). Administer prescribed veterinary therapy.,Immediate veterinary antibiotic injection + anti-inflammatory + frequent cold water fanning and stripping.
COW-2856,Tulsi,HF Cross,7.0,6,117,21.0,11.6,44.7,7.92,7.73,7.82,8.1,8.1,0.37,1365600,39.9,7.21,2,2,Both Front,HIGH,37219,Urgent: Acute clinical mastitis! Isolate animal immediately. Call government veterinary officer (1962). Administer prescribed veterinary therapy.,Immediate veterinary antibiotic injection + anti-inflammatory + frequent cold water fanning and stripping.
COW-2857,Radha,Rathi,7.5,1,70,15.2,14.7,3.0,4.95,4.75,4.89,4.79,4.95,0.2,146325,38.6,6.52,0,0,None,LOW,0,"Routine milking, clean dry udder cloth, post-milking dip (0.5% povidone iodine).",No medication needed. Maintain clean bedding and nutrition.
COW-2858,Lakshmi,Red Sindhi,7.1,1,51,10.6,10.3,3.3,4.73,4.82,4.74,4.79,4.82,0.09,169457,38.3,6.53,0,0,None,LOW,0,"Routine milking, clean dry udder cloth, post-milking dip (0.5% povidone iodine).",No medication needed. Maintain clean bedding and nutrition.
COW-2859,Tulsi,HF Cross,2.9,1,122,25.6,21.9,14.6,6.39,4.71,4.71,4.77,6.39,1.68,309720,38.5,6.72,1,0,LF,MEDIUM,8017,Subclinical warning in LF quarter. Apply ICAR herbal paste 3x daily for 5 days. Strip affected quarter completely.,ICAR Formulation: 250g Aloe Vera + 50g Pure Turmeric + 15g Edible Lime (Chuna) ground into paste.
COW-2860,Meera,Red Sindhi,4.8,5,64,11.6,9.2,21.1,4.8,4.86,4.76,6.07,6.07,1.31,302544,38.5,6.79,1,1,RH,MEDIUM,9462,Subclinical warning in RH quarter. Apply ICAR herbal paste 3x daily for 5 days. Strip affected quarter completely.,ICAR Formulation: 250g Aloe Vera + 50g Pure Turmeric + 15g Edible Lime (Chuna) ground into paste.
COW-2861,Kapila,Gir,5.9,4,146,14.2,5.5,61.2,6.81,6.75,6.67,6.52,6.81,0.29,1211338,40.8,7.21,2,1,Both Hind,HIGH,46525,Urgent: Acute clinical mastitis! Isolate animal immediately. Call government veterinary officer (1962). Administer prescribed veterinary therapy.,Immediate veterinary antibiotic injection + anti-inflammatory + frequent cold water fanning and stripping.
COW-2862,Tulsi,Gir,5.6,1,199,17.1,16.8,1.9,5.09,5.07,4.96,5.11,5.11,0.15,167538,38.8,6.67,0,0,None,LOW,0,"Routine milking, clean dry udder cloth, post-milking dip (0.5% povidone iodine).",No medication needed. Maintain clean bedding and nutrition.
COW-2863,Kalyani,Red Sindhi,5.2,3,278,11.2,11.0,1.4,4.74,4.61,4.69,4.61,4.74,0.13,61284,38.6,6.64,0,0,None,LOW,0,"Routine milking, clean dry udder cloth, post-milking dip (0.5% povidone iodine).",No medication needed. Maintain clean bedding and nutrition.
COW-2864,Yamuna,Sahiwal,5.1,3,194,17.9,17.3,3.1,4.66,4.77,4.72,4.63,4.77,0.14,191060,38.7,6.61,0,0,None,LOW,0,"Routine milking, clean dry udder cloth, post-milking dip (0.5% povidone iodine).",No medication needed. Maintain clean bedding and nutrition.
COW-2865,Meera,Sahiwal,6.5,5,272,15.0,14.5,3.3,4.63,4.73,4.82,4.73,4.82,0.19,141667,38.2,6.55,0,0,None,LOW,0,"Routine milking, clean dry udder cloth, post-milking dip (0.5% povidone iodine).",No medication needed. Maintain clean bedding and nutrition.
COW-2866,Yamuna,Gir,3.0,3,288,18.9,11.3,40.2,7.66,7.42,7.78,7.76,7.78,0.36,917343,40.1,7.09,2,2,RH,HIGH,31450,Urgent: Acute clinical mastitis! Isolate animal immediately. Call government veterinary officer (1962). Administer prescribed veterinary therapy.,Immediate veterinary antibiotic injection + anti-inflammatory + frequent cold water fanning and stripping.
COW-2867,Ganga,Red Sindhi,5.7,4,208,12.6,12.4,1.7,4.81,4.76,4.85,4.96,4.96,0.2,192437,38.8,6.53,0,0,None,LOW,0,"Routine milking, clean dry udder cloth, post-milking dip (0.5% povidone iodine).",No medication needed. Maintain clean bedding and nutrition.
COW-2868,Lakshmi,Sahiwal,4.7,5,201,19.7,19.2,2.7,4.93,5.09,5.18,5.21,5.21,0.28,106182,38.6,6.61,0,0,None,LOW,0,"Routine milking, clean dry udder cloth, post-milking dip (0.5% povidone iodine).",No medication needed. Maintain clean bedding and nutrition.
COW-2869,Lakshmi,Rathi,8.9,4,76,15.3,12.9,15.6,5.0,5.19,5.19,7.08,7.08,2.08,343234,39.3,6.74,0,0,RH,MEDIUM,8759,Subclinical warning in RH quarter. Apply ICAR herbal paste 3x daily for 5 days. Strip affected quarter completely.,ICAR Formulation: 250g Aloe Vera + 50g Pure Turmeric + 15g Edible Lime (Chuna) ground into paste.
COW-2870,Bhavani,Rathi,4.5,3,77,14.2,14.2,0.0,4.77,4.65,4.83,4.65,4.83,0.18,70128,38.4,6.49,0,0,None,LOW,0,"Routine milking, clean dry udder cloth, post-milking dip (0.5% povidone iodine).",No medication needed. Maintain clean bedding and nutrition.
COW-2871,Devi,Gir,3.5,1,84,18.3,17.9,2.3,4.67,4.61,4.73,4.76,4.76,0.15,94953,38.3,6.52,0,0,None,LOW,0,"Routine milking, clean dry udder cloth, post-milking dip (0.5% povidone iodine).",No medication needed. Maintain clean bedding and nutrition.
COW-2872,Nandini,HF Cross,7.1,6,240,25.9,25.8,0.4,5.0,4.93,4.85,4.76,5.0,0.24,112283,38.5,6.63,0,0,None,LOW,0,"Routine milking, clean dry udder cloth, post-milking dip (0.5% povidone iodine).",No medication needed. Maintain clean bedding and nutrition.
COW-2873,Sita,Rathi,6.9,1,204,12.2,10.4,14.5,5.06,5.07,7.01,5.12,7.01,1.95,301481,38.9,6.72,0,0,LH,MEDIUM,7163,Subclinical warning in LH quarter. Apply ICAR herbal paste 3x daily for 5 days. Strip affected quarter completely.,ICAR Formulation: 250g Aloe Vera + 50g Pure Turmeric + 15g Edible Lime (Chuna) ground into paste.
COW-2874,Bhavani,Murrah Buffalo,2.6,5,199,12.9,5.7,56.1,8.68,8.32,8.52,8.21,8.68,0.47,600000,40.3,7.32,2,1,LH,HIGH,39036,Urgent: Acute clinical mastitis! Isolate animal immediately. Call government veterinary officer (1962). Administer prescribed veterinary therapy.,Immediate veterinary antibiotic injection + anti-inflammatory + frequent cold water fanning and stripping.
COW-2875,Ganga,Red Sindhi,3.1,1,144,11.5,9.9,14.0,6.89,4.86,4.98,4.91,6.89,2.03,464495,38.8,6.89,0,0,LF,MEDIUM,8259,Subclinical warning in LF quarter. Apply ICAR herbal paste 3x daily for 5 days. Strip affected quarter completely.,ICAR Formulation: 250g Aloe Vera + 50g Pure Turmeric + 15g Edible Lime (Chuna) ground into paste.
COW-2876,Nandini,Gir,7.7,1,34,14.4,11.8,18.0,4.77,6.83,4.88,4.93,6.83,2.06,306316,38.9,6.95,1,1,RF,MEDIUM,9024,Subclinical warning in RF quarter. Apply ICAR herbal paste 3x daily for 5 days. Strip affected quarter completely.,ICAR Formulation: 250g Aloe Vera + 50g Pure Turmeric + 15g Edible Lime (Chuna) ground into paste.
COW-2877,Kapila,Red Sindhi,6.4,2,124,11.9,11.7,1.9,4.89,5.05,4.96,4.81,5.05,0.24,55660,38.6,6.7,0,0,None,LOW,0,"Routine milking, clean dry udder cloth, post-milking dip (0.5% povidone iodine).",No medication needed. Maintain clean bedding and nutrition.
COW-2878,Sita,Tharparkar,5.8,1,141,12.3,6.3,48.4,7.46,7.59,7.72,7.62,7.72,0.26,1777700,39.9,7.25,2,1,Both Front,HIGH,32575,Urgent: Acute clinical mastitis! Isolate animal immediately. Call government veterinary officer (1962). Administer prescribed veterinary therapy.,Immediate veterinary antibiotic injection + anti-inflammatory + frequent cold water fanning and stripping.
COW-2879,Devi,Sahiwal,3.1,4,83,18.9,18.9,0.0,4.8,4.61,4.69,4.67,4.8,0.19,131173,38.2,6.51,0,0,None,LOW,0,"Routine milking, clean dry udder cloth, post-milking dip (0.5% povidone iodine).",No medication needed. Maintain clean bedding and nutrition.
COW-2880,Kalyani,Rathi,8.8,6,267,14.0,13.6,2.7,4.38,4.64,4.58,4.42,4.64,0.26,158772,38.7,6.6,0,0,None,LOW,0,"Routine milking, clean dry udder cloth, post-milking dip (0.5% povidone iodine).",No medication needed. Maintain clean bedding and nutrition.
COW-2881,Yamuna,Tharparkar,7.1,1,167,14.0,13.8,1.6,4.39,4.37,4.59,4.44,4.59,0.22,124254,38.7,6.58,0,0,None,LOW,0,"Routine milking, clean dry udder cloth, post-milking dip (0.5% povidone iodine).",No medication needed. Maintain clean bedding and nutrition.
COW-2882,Kalyani,Sahiwal,6.0,1,217,19.7,19.1,3.0,4.58,4.6,4.68,4.48,4.68,0.2,120704,38.6,6.55,0,0,None,LOW,0,"Routine milking, clean dry udder cloth, post-milking dip (0.5% povidone iodine).",No medication needed. Maintain clean bedding and nutrition.
COW-2883,Surabhi,Red Sindhi,7.1,2,207,13.6,11.3,17.1,4.98,6.83,5.17,5.13,6.83,1.85,240749,38.5,6.87,0,0,RF,MEDIUM,8617,Subclinical warning in RF quarter. Apply ICAR herbal paste 3x daily for 5 days. Strip affected quarter completely.,ICAR Formulation: 250g Aloe Vera + 50g Pure Turmeric + 15g Edible Lime (Chuna) ground into paste.
COW-2884,Kapila,Rathi,3.3,1,170,15.1,15.0,0.6,4.53,4.67,4.45,4.59,4.67,0.22,126900,38.4,6.63,0,0,None,LOW,0,"Routine milking, clean dry udder cloth, post-milking dip (0.5% povidone iodine).",No medication needed. Maintain clean bedding and nutrition.
COW-2885,Radha,Gir,4.8,5,104,17.7,17.0,3.9,4.81,4.87,4.86,4.93,4.93,0.12,122992,38.8,6.67,0,0,None,LOW,0,"Routine milking, clean dry udder cloth, post-milking dip (0.5% povidone iodine).",No medication needed. Maintain clean bedding and nutrition.
COW-2886,Surabhi,Gir,4.2,4,213,15.0,6.3,58.2,7.71,7.31,7.31,7.6,7.71,0.4,1101255,40.7,7.11,2,2,LF,HIGH,46472,Urgent: Acute clinical mastitis! Isolate animal immediately. Call government veterinary officer (1962). Administer prescribed veterinary therapy.,Immediate veterinary antibiotic injection + anti-inflammatory + frequent cold water fanning and stripping.
COW-2887,Radha,Red Sindhi,5.7,6,143,14.6,11.9,18.2,5.07,5.3,7.34,5.03,7.34,2.31,256516,38.5,6.95,0,0,LH,MEDIUM,7887,Subclinical warning in LH quarter. Apply ICAR herbal paste 3x daily for 5 days. Strip affected quarter completely.,ICAR Formulation: 250g Aloe Vera + 50g Pure Turmeric + 15g Edible Lime (Chuna) ground into paste.
COW-2888,Kalyani,Rathi,5.5,2,241,13.7,13.4,2.5,4.6,4.73,4.66,4.48,4.73,0.25,99760,38.5,6.53,0,0,None,LOW,0,"Routine milking, clean dry udder cloth, post-milking dip (0.5% povidone iodine).",No medication needed. Maintain clean bedding and nutrition.
COW-2889,Surabhi,Rathi,4.1,4,194,13.9,11.1,20.4,6.58,4.9,5.01,4.91,6.58,1.68,293705,38.5,6.86,0,0,LF,MEDIUM,9477,Subclinical warning in LF quarter. Apply ICAR herbal paste 3x daily for 5 days. Strip affected quarter completely.,ICAR Formulation: 250g Aloe Vera + 50g Pure Turmeric + 15g Edible Lime (Chuna) ground into paste.
COW-2890,Devi,Sahiwal,5.5,5,195,14.1,12.0,15.1,5.22,5.04,5.27,6.5,6.5,1.46,219638,38.6,6.72,1,1,RH,MEDIUM,7839,Subclinical warning in RH quarter. Apply ICAR herbal paste 3x daily for 5 days. Strip affected quarter completely.,ICAR Formulation: 250g Aloe Vera + 50g Pure Turmeric + 15g Edible Lime (Chuna) ground into paste.
COW-2891,Kalyani,HF Cross,6.1,5,111,21.6,21.6,0.0,5.22,5.02,4.98,5.19,5.22,0.24,80161,38.5,6.46,0,0,None,LOW,0,"Routine milking, clean dry udder cloth, post-milking dip (0.5% povidone iodine).",No medication needed. Maintain clean bedding and nutrition.
COW-2892,Sita,HF Cross,8.7,5,12,21.7,20.8,4.3,4.59,4.66,4.54,4.6,4.66,0.12,129917,38.4,6.7,0,0,None,LOW,0,"Routine milking, clean dry udder cloth, post-milking dip (0.5% povidone iodine).",No medication needed. Maintain clean bedding and nutrition.
COW-2893,Kapila,Tharparkar,5.8,4,177,15.8,13.6,13.8,4.86,4.75,4.87,6.58,6.58,1.83,259245,38.9,6.88,0,1,RH,MEDIUM,6585,Subclinical warning in RH quarter. Apply ICAR herbal paste 3x daily for 5 days. Strip affected quarter completely.,ICAR Formulation: 250g Aloe Vera + 50g Pure Turmeric + 15g Edible Lime (Chuna) ground into paste.
COW-2894,Bhavani,Tharparkar,3.3,4,180,12.9,12.7,1.2,4.98,4.73,4.98,4.95,4.98,0.25,109088,38.2,6.58,0,0,None,LOW,0,"Routine milking, clean dry udder cloth, post-milking dip (0.5% povidone iodine).",No medication needed. Maintain clean bedding and nutrition.
COW-2895,Kalyani,Tharparkar,5.0,1,285,13.2,13.2,0.0,4.71,4.58,4.43,4.68,4.71,0.28,114748,38.6,6.53,0,0,None,LOW,0,"Routine milking, clean dry udder cloth, post-milking dip (0.5% povidone iodine).",No medication needed. Maintain clean bedding and nutrition.
COW-2896,Nandini,Red Sindhi,2.8,6,106,11.6,11.3,2.9,4.89,4.87,4.98,4.88,4.98,0.11,133817,38.6,6.51,0,0,None,LOW,0,"Routine milking, clean dry udder cloth, post-milking dip (0.5% povidone iodine).",No medication needed. Maintain clean bedding and nutrition.
COW-2897,Gauri,Tharparkar,9.4,6,131,13.9,11.9,14.7,4.59,6.55,4.66,4.56,6.55,1.99,210000,38.7,6.8,0,1,RF,MEDIUM,7208,Subclinical warning in RF quarter. Apply ICAR herbal paste 3x daily for 5 days. Strip affected quarter completely.,ICAR Formulation: 250g Aloe Vera + 50g Pure Turmeric + 15g Edible Lime (Chuna) ground into paste.
COW-2898,Ganga,Rathi,7.8,1,217,14.0,11.7,16.7,5.1,6.52,5.17,5.11,6.52,1.42,275464,38.7,6.97,1,0,RF,MEDIUM,9160,Subclinical warning in RF quarter. Apply ICAR herbal paste 3x daily for 5 days. Strip affected quarter completely.,ICAR Formulation: 250g Aloe Vera + 50g Pure Turmeric + 15g Edible Lime (Chuna) ground into paste.
COW-2899,Lakshmi,Gir,8.0,4,112,14.1,13.9,1.6,4.56,4.62,4.72,4.55,4.72,0.17,100219,38.9,6.61,0,0,None,LOW,0,"Routine milking, clean dry udder cloth, post-milking dip (0.5% povidone iodine).",No medication needed. Maintain clean bedding and nutrition.
COW-2900,Tulsi,Red Sindhi,6.5,3,134,12.8,10.3,19.2,5.26,5.15,7.2,5.25,7.2,2.05,353336,39.3,6.74,1,1,LH,MEDIUM,10157,Subclinical warning in LH quarter. Apply ICAR herbal paste 3x daily for 5 days. Strip affected quarter completely.,ICAR Formulation: 250g Aloe Vera + 50g Pure Turmeric + 15g Edible Lime (Chuna) ground into paste.
COW-2901,Gauri,Rathi,5.1,4,265,11.5,10.3,10.8,5.05,5.04,5.23,6.62,6.62,1.58,241570,38.6,6.82,1,1,RH,MEDIUM,7115,Subclinical warning in RH quarter. Apply ICAR herbal paste 3x daily for 5 days. Strip affected quarter completely.,ICAR Formulation: 250g Aloe Vera + 50g Pure Turmeric + 15g Edible Lime (Chuna) ground into paste.
COW-2902,Yamuna,Rathi,7.1,4,193,15.6,15.3,1.7,5.01,4.9,4.99,4.92,5.01,0.11,69598,38.5,6.68,0,0,None,LOW,0,"Routine milking, clean dry udder cloth, post-milking dip (0.5% povidone iodine).",No medication needed. Maintain clean bedding and nutrition.
COW-2903,Kalyani,Sahiwal,7.1,3,231,17.8,10.5,41.0,7.22,7.13,6.94,6.78,7.22,0.44,1097560,40.0,7.38,2,2,RH,HIGH,36245,Urgent: Acute clinical mastitis! Isolate animal immediately. Call government veterinary officer (1962). Administer prescribed veterinary therapy.,Immediate veterinary antibiotic injection + anti-inflammatory + frequent cold water fanning and stripping.
COW-2904,Nandini,Rathi,5.8,5,160,11.5,9.0,21.7,5.12,5.0,5.18,6.53,6.53,1.53,262191,39.3,6.97,1,1,RH,MEDIUM,10869,Subclinical warning in RH quarter. Apply ICAR herbal paste 3x daily for 5 days. Strip affected quarter completely.,ICAR Formulation: 250g Aloe Vera + 50g Pure Turmeric + 15g Edible Lime (Chuna) ground into paste.
COW-2905,Yamuna,Gir,5.0,6,168,15.9,15.4,3.1,4.96,5.0,5.03,5.09,5.09,0.13,138986,38.5,6.64,0,0,None,LOW,0,"Routine milking, clean dry udder cloth, post-milking dip (0.5% povidone iodine).",No medication needed. Maintain clean bedding and nutrition.
COW-2906,Tulsi,Red Sindhi,2.6,4,112,11.7,5.0,57.2,8.06,8.14,7.99,8.27,8.27,0.28,917902,40.0,7.05,2,1,Both Hind,HIGH,46271,Urgent: Acute clinical mastitis! Isolate animal immediately. Call government veterinary officer (1962). Administer prescribed veterinary therapy.,Immediate veterinary antibiotic injection + anti-inflammatory + frequent cold water fanning and stripping.
COW-2907,Nandini,Murrah Buffalo,6.9,3,14,13.5,7.5,44.6,7.24,7.64,7.11,7.07,7.64,0.57,1343172,40.5,7.05,2,1,LF,HIGH,35213,Urgent: Acute clinical mastitis! Isolate animal immediately. Call government veterinary officer (1962). Administer prescribed veterinary therapy.,Immediate veterinary antibiotic injection + anti-inflammatory + frequent cold water fanning and stripping.
COW-2908,Nandini,Gir,7.1,5,60,15.9,15.5,2.3,4.92,5.02,4.96,5.09,5.09,0.17,114068,38.2,6.53,0,0,None,LOW,0,"Routine milking, clean dry udder cloth, post-milking dip (0.5% povidone iodine).",No medication needed. Maintain clean bedding and nutrition.
COW-2909,Gauri,HF Cross,4.1,2,263,23.0,19.1,16.9,4.88,4.86,6.65,4.69,6.65,1.96,268656,38.7,6.72,1,0,LH,MEDIUM,8236,Subclinical warning in LH quarter. Apply ICAR herbal paste 3x daily for 5 days. Strip affected quarter completely.,ICAR Formulation: 250g Aloe Vera + 50g Pure Turmeric + 15g Edible Lime (Chuna) ground into paste.
COW-2910,Nandini,Sahiwal,8.7,3,88,17.3,14.5,16.3,5.24,5.11,5.21,6.85,6.85,1.74,333089,38.8,6.76,1,1,RH,MEDIUM,7804,Subclinical warning in RH quarter. Apply ICAR herbal paste 3x daily for 5 days. Strip affected quarter completely.,ICAR Formulation: 250g Aloe Vera + 50g Pure Turmeric + 15g Edible Lime (Chuna) ground into paste.
COW-2911,Nandini,Gir,4.3,4,32,18.8,16.1,14.3,6.54,4.87,5.04,5.12,6.54,1.67,306768,38.8,6.75,0,1,LF,MEDIUM,7935,Subclinical warning in LF quarter. Apply ICAR herbal paste 3x daily for 5 days. Strip affected quarter completely.,ICAR Formulation: 250g Aloe Vera + 50g Pure Turmeric + 15g Edible Lime (Chuna) ground into paste.
COW-2912,Lakshmi,Red Sindhi,5.4,4,107,13.3,13.1,1.4,4.7,4.7,4.65,4.88,4.88,0.23,78330,38.9,6.54,0,0,None,LOW,0,"Routine milking, clean dry udder cloth, post-milking dip (0.5% povidone iodine).",No medication needed. Maintain clean bedding and nutrition.
COW-2913,Kalyani,Gir,7.2,4,203,19.8,17.5,11.4,5.01,6.54,5.16,4.94,6.54,1.6,390758,39.3,6.72,1,1,RF,MEDIUM,5817,Subclinical warning in RF quarter. Apply ICAR herbal paste 3x daily for 5 days. Strip affected quarter completely.,ICAR Formulation: 250g Aloe Vera + 50g Pure Turmeric + 15g Edible Lime (Chuna) ground into paste.
COW-2914,Lakshmi,Rathi,6.9,1,229,13.4,13.3,0.4,4.92,5.09,4.92,5.03,5.09,0.17,145743,38.4,6.55,0,0,None,LOW,0,"Routine milking, clean dry udder cloth, post-milking dip (0.5% povidone iodine).",No medication needed. Maintain clean bedding and nutrition.
COW-2915,Nandini,Gir,5.6,4,42,15.9,15.4,2.9,4.73,4.73,4.59,4.79,4.79,0.2,90602,38.5,6.49,0,0,None,LOW,0,"Routine milking, clean dry udder cloth, post-milking dip (0.5% povidone iodine).",No medication needed. Maintain clean bedding and nutrition.
COW-2916,Devi,HF Cross,7.4,4,237,19.8,15.5,21.5,5.09,6.93,5.27,5.19,6.93,1.84,323850,38.9,6.78,1,1,RF,MEDIUM,10766,Subclinical warning in RF quarter. Apply ICAR herbal paste 3x daily for 5 days. Strip affected quarter completely.,ICAR Formulation: 250g Aloe Vera + 50g Pure Turmeric + 15g Edible Lime (Chuna) ground into paste.
COW-2917,Devi,Gir,7.1,6,89,14.3,14.2,1.0,4.96,4.95,5.1,4.88,5.1,0.22,117147,38.6,6.51,0,0,None,LOW,0,"Routine milking, clean dry udder cloth, post-milking dip (0.5% povidone iodine).",No medication needed. Maintain clean bedding and nutrition.
COW-2918,Ganga,Red Sindhi,7.6,1,138,11.5,11.1,3.5,4.94,4.95,4.99,4.83,4.99,0.16,99913,38.3,6.45,0,0,None,LOW,0,"Routine milking, clean dry udder cloth, post-milking dip (0.5% povidone iodine).",No medication needed. Maintain clean bedding and nutrition.
COW-2919,Tulsi,Murrah Buffalo,4.5,1,158,15.8,15.8,0.0,4.66,4.46,4.49,4.53,4.66,0.2,105971,38.7,6.64,0,0,None,LOW,0,"Routine milking, clean dry udder cloth, post-milking dip (0.5% povidone iodine).",No medication needed. Maintain clean bedding and nutrition.
COW-2920,Sita,Murrah Buffalo,4.1,1,31,16.1,7.4,54.3,8.45,8.23,8.55,8.36,8.55,0.32,819056,41.2,7.51,2,1,Both Front,HIGH,42812,Urgent: Acute clinical mastitis! Isolate animal immediately. Call government veterinary officer (1962). Administer prescribed veterinary therapy.,Immediate veterinary antibiotic injection + anti-inflammatory + frequent cold water fanning and stripping.
COW-2921,Sita,Sahiwal,5.2,3,44,19.5,19.1,2.1,4.48,4.58,4.65,4.47,4.65,0.18,128896,38.6,6.54,0,0,None,LOW,0,"Routine milking, clean dry udder cloth, post-milking dip (0.5% povidone iodine).",No medication needed. Maintain clean bedding and nutrition.
COW-2922,Lakshmi,HF Cross,6.0,2,91,19.3,19.0,1.5,4.67,4.52,4.59,4.56,4.67,0.15,104898,38.2,6.5,0,0,None,LOW,0,"Routine milking, clean dry udder cloth, post-milking dip (0.5% povidone iodine).",No medication needed. Maintain clean bedding and nutrition.
COW-2923,Kapila,Tharparkar,7.9,1,25,12.2,12.2,0.3,4.91,4.89,4.85,5.01,5.01,0.16,90412,38.5,6.52,0,0,None,LOW,0,"Routine milking, clean dry udder cloth, post-milking dip (0.5% povidone iodine).",No medication needed. Maintain clean bedding and nutrition.
COW-2924,Tulsi,Rathi,8.4,1,203,15.2,14.8,2.8,4.53,4.76,4.57,4.55,4.76,0.23,159860,38.5,6.58,0,0,None,LOW,0,"Routine milking, clean dry udder cloth, post-milking dip (0.5% povidone iodine).",No medication needed. Maintain clean bedding and nutrition.
COW-2925,Gauri,Tharparkar,7.7,5,136,13.4,13.3,0.9,4.43,4.65,4.56,4.63,4.65,0.22,146821,38.8,6.55,0,0,None,LOW,0,"Routine milking, clean dry udder cloth, post-milking dip (0.5% povidone iodine).",No medication needed. Maintain clean bedding and nutrition.
COW-2926,Ganga,Rathi,4.7,4,243,14.6,14.1,3.4,4.75,4.74,4.97,4.98,4.98,0.24,84461,38.4,6.64,0,0,None,LOW,0,"Routine milking, clean dry udder cloth, post-milking dip (0.5% povidone iodine).",No medication needed. Maintain clean bedding and nutrition.
COW-2927,Radha,Tharparkar,7.3,4,190,11.8,11.8,0.0,4.82,5.01,4.94,4.81,5.01,0.2,163610,38.2,6.64,0,0,None,LOW,0,"Routine milking, clean dry udder cloth, post-milking dip (0.5% povidone iodine).",No medication needed. Maintain clean bedding and nutrition.
COW-2928,Kamdhenu,Sahiwal,8.3,6,79,16.7,16.7,0.0,4.97,4.95,4.96,4.89,4.97,0.08,161434,38.4,6.62,0,0,None,LOW,0,"Routine milking, clean dry udder cloth, post-milking dip (0.5% povidone iodine).",No medication needed. Maintain clean bedding and nutrition.
COW-2929,Yamuna,Murrah Buffalo,3.6,1,62,13.4,10.6,20.6,4.8,6.81,4.9,4.79,6.81,2.02,401981,38.5,6.77,1,0,RF,MEDIUM,10192,Subclinical warning in RF quarter. Apply ICAR herbal paste 3x daily for 5 days. Strip affected quarter completely.,ICAR Formulation: 250g Aloe Vera + 50g Pure Turmeric + 15g Edible Lime (Chuna) ground into paste.
COW-2930,Bhavani,HF Cross,5.4,4,16,19.9,19.1,4.2,4.78,5.03,4.89,4.82,5.03,0.25,95066,38.2,6.59,0,0,None,LOW,0,"Routine milking, clean dry udder cloth, post-milking dip (0.5% povidone iodine).",No medication needed. Maintain clean bedding and nutrition.
COW-2931,Surabhi,Rathi,2.6,6,273,13.6,13.4,1.8,4.79,4.66,4.65,4.68,4.79,0.14,195000,38.5,6.65,0,0,None,LOW,0,"Routine milking, clean dry udder cloth, post-milking dip (0.5% povidone iodine).",No medication needed. Maintain clean bedding and nutrition.
COW-2932,Radha,HF Cross,7.5,1,254,25.3,24.7,2.3,4.69,4.72,4.85,4.85,4.85,0.16,147460,38.4,6.59,0,0,None,LOW,0,"Routine milking, clean dry udder cloth, post-milking dip (0.5% povidone iodine).",No medication needed. Maintain clean bedding and nutrition.
COW-2933,Gauri,Rathi,8.4,3,65,11.1,10.8,2.7,4.69,4.7,4.9,4.89,4.9,0.21,109753,38.5,6.58,0,0,None,LOW,0,"Routine milking, clean dry udder cloth, post-milking dip (0.5% povidone iodine).",No medication needed. Maintain clean bedding and nutrition.
COW-2934,Sita,Murrah Buffalo,8.1,3,197,13.6,13.2,3.2,4.76,4.83,4.81,4.96,4.96,0.2,92688,38.5,6.69,0,0,None,LOW,0,"Routine milking, clean dry udder cloth, post-milking dip (0.5% povidone iodine).",No medication needed. Maintain clean bedding and nutrition.
COW-2935,Sita,Sahiwal,5.7,4,52,15.4,14.9,3.0,4.8,4.99,4.91,4.89,4.99,0.19,177221,38.5,6.6,0,0,None,LOW,0,"Routine milking, clean dry udder cloth, post-milking dip (0.5% povidone iodine).",No medication needed. Maintain clean bedding and nutrition.
COW-2936,Ganga,Red Sindhi,5.5,5,193,12.4,12.0,3.5,4.84,4.87,4.72,4.66,4.87,0.21,184608,38.2,6.5,0,0,None,LOW,0,"Routine milking, clean dry udder cloth, post-milking dip (0.5% povidone iodine).",No medication needed. Maintain clean bedding and nutrition.
COW-2937,Lakshmi,Murrah Buffalo,5.0,2,246,12.6,12.5,0.7,5.0,4.95,5.16,4.91,5.16,0.25,120308,38.4,6.5,0,0,None,LOW,0,"Routine milking, clean dry udder cloth, post-milking dip (0.5% povidone iodine).",No medication needed. Maintain clean bedding and nutrition.
COW-2938,Ganga,Sahiwal,7.3,6,159,18.0,9.4,47.6,7.03,7.02,7.09,6.92,7.09,0.17,709170,41.0,7.25,2,2,LH,HIGH,33609,Urgent: Acute clinical mastitis! Isolate animal immediately. Call government veterinary officer (1962). Administer prescribed veterinary therapy.,Immediate veterinary antibiotic injection + anti-inflammatory + frequent cold water fanning and stripping.
COW-2939,Kamdhenu,Red Sindhi,5.7,1,164,11.0,8.7,20.6,4.8,4.68,6.41,4.8,6.41,1.73,315943,38.9,6.9,1,1,LH,MEDIUM,9691,Subclinical warning in LH quarter. Apply ICAR herbal paste 3x daily for 5 days. Strip affected quarter completely.,ICAR Formulation: 250g Aloe Vera + 50g Pure Turmeric + 15g Edible Lime (Chuna) ground into paste.
COW-2940,Lakshmi,Red Sindhi,4.3,3,205,13.2,13.1,1.1,4.98,4.98,4.77,4.87,4.98,0.21,163106,38.7,6.54,0,0,None,LOW,0,"Routine milking, clean dry udder cloth, post-milking dip (0.5% povidone iodine).",No medication needed. Maintain clean bedding and nutrition.
COW-2941,Bhavani,Sahiwal,2.5,3,289,15.3,12.0,21.4,4.82,6.28,4.98,4.92,6.28,1.46,373832,38.7,6.82,0,0,RF,MEDIUM,9978,Subclinical warning in RF quarter. Apply ICAR herbal paste 3x daily for 5 days. Strip affected quarter completely.,ICAR Formulation: 250g Aloe Vera + 50g Pure Turmeric + 15g Edible Lime (Chuna) ground into paste.
COW-2942,Devi,Gir,5.2,5,126,15.7,15.3,2.6,4.62,4.79,4.55,4.54,4.79,0.25,143956,38.7,6.47,0,0,None,LOW,0,"Routine milking, clean dry udder cloth, post-milking dip (0.5% povidone iodine).",No medication needed. Maintain clean bedding and nutrition.
COW-2943,Yamuna,Tharparkar,3.7,5,92,11.7,11.2,3.9,4.49,4.5,4.67,4.7,4.7,0.21,121819,38.6,6.63,0,0,None,LOW,0,"Routine milking, clean dry udder cloth, post-milking dip (0.5% povidone iodine).",No medication needed. Maintain clean bedding and nutrition.
COW-2944,Surabhi,HF Cross,2.9,4,183,23.4,23.0,1.9,5.04,4.94,4.86,4.96,5.04,0.18,177370,38.8,6.67,0,0,None,LOW,0,"Routine milking, clean dry udder cloth, post-milking dip (0.5% povidone iodine).",No medication needed. Maintain clean bedding and nutrition.
COW-2945,Devi,Murrah Buffalo,6.6,4,41,13.9,3.5,74.6,6.49,6.58,6.93,6.89,6.93,0.44,1211264,40.5,7.36,2,2,RF,HIGH,53766,Urgent: Acute clinical mastitis! Isolate animal immediately. Call government veterinary officer (1962). Administer prescribed veterinary therapy.,Immediate veterinary antibiotic injection + anti-inflammatory + frequent cold water fanning and stripping.
COW-2946,Tulsi,Gir,6.4,5,64,20.0,7.1,64.7,7.36,7.44,7.48,7.64,7.64,0.28,1091826,40.4,7.24,2,2,LF,HIGH,44335,Urgent: Acute clinical mastitis! Isolate animal immediately. Call government veterinary officer (1962). Administer prescribed veterinary therapy.,Immediate veterinary antibiotic injection + anti-inflammatory + frequent cold water fanning and stripping.
COW-2947,Kamdhenu,Tharparkar,3.9,1,98,13.6,6.2,54.6,8.13,7.97,8.39,8.11,8.39,0.42,901123,40.7,7.26,2,2,LH,HIGH,45274,Urgent: Acute clinical mastitis! Isolate animal immediately. Call government veterinary officer (1962). Administer prescribed veterinary therapy.,Immediate veterinary antibiotic injection + anti-inflammatory + frequent cold water fanning and stripping.
COW-2948,Surabhi,Sahiwal,5.9,5,271,14.4,14.2,1.5,5.04,5.09,5.06,5.06,5.09,0.05,195000,38.2,6.55,0,0,None,LOW,0,"Routine milking, clean dry udder cloth, post-milking dip (0.5% povidone iodine).",No medication needed. Maintain clean bedding and nutrition.
COW-2949,Sita,Gir,5.2,2,36,14.7,14.7,0.0,4.99,4.97,4.99,4.9,4.99,0.09,169808,38.6,6.6,0,0,None,LOW,0,"Routine milking, clean dry udder cloth, post-milking dip (0.5% povidone iodine).",No medication needed. Maintain clean bedding and nutrition.
COW-2950,Gauri,HF Cross,3.7,4,125,24.4,20.3,16.9,5.25,5.08,5.15,6.69,6.69,1.61,239014,38.9,6.72,0,1,RH,MEDIUM,8826,Subclinical warning in RH quarter. Apply ICAR herbal paste 3x daily for 5 days. Strip affected quarter completely.,ICAR Formulation: 250g Aloe Vera + 50g Pure Turmeric + 15g Edible Lime (Chuna) ground into paste.
COW-2951,Sita,Red Sindhi,2.9,4,95,13.6,11.9,12.8,4.91,4.88,6.98,5.08,6.98,2.1,282768,38.9,6.74,0,0,LH,MEDIUM,6966,Subclinical warning in LH quarter. Apply ICAR herbal paste 3x daily for 5 days. Strip affected quarter completely.,ICAR Formulation: 250g Aloe Vera + 50g Pure Turmeric + 15g Edible Lime (Chuna) ground into paste.
COW-2952,Kalyani,Murrah Buffalo,9.5,2,90,12.9,12.9,0.1,5.03,5.06,5.01,5.18,5.18,0.17,186187,38.7,6.49,0,0,None,LOW,0,"Routine milking, clean dry udder cloth, post-milking dip (0.5% povidone iodine).",No medication needed. Maintain clean bedding and nutrition.
COW-2953,Tulsi,HF Cross,3.8,5,46,23.0,20.2,12.2,5.23,5.24,7.02,5.0,7.02,2.02,210000,38.6,6.88,0,1,LH,MEDIUM,7431,Subclinical warning in LH quarter. Apply ICAR herbal paste 3x daily for 5 days. Strip affected quarter completely.,ICAR Formulation: 250g Aloe Vera + 50g Pure Turmeric + 15g Edible Lime (Chuna) ground into paste.
COW-2954,Lakshmi,Gir,7.4,4,131,17.4,16.9,2.7,4.75,4.72,4.67,4.6,4.75,0.15,115513,38.6,6.49,0,0,None,LOW,0,"Routine milking, clean dry udder cloth, post-milking dip (0.5% povidone iodine).",No medication needed. Maintain clean bedding and nutrition.
COW-2955,Kamdhenu,Murrah Buffalo,5.2,1,136,12.1,10.3,15.1,5.01,5.07,5.08,6.85,6.85,1.84,281142,38.8,6.81,1,1,RH,MEDIUM,8591,Subclinical warning in RH quarter. Apply ICAR herbal paste 3x daily for 5 days. Strip affected quarter completely.,ICAR Formulation: 250g Aloe Vera + 50g Pure Turmeric + 15g Edible Lime (Chuna) ground into paste.
COW-2956,Bhavani,Rathi,6.3,2,154,15.5,15.2,2.1,5.12,5.2,5.15,5.08,5.2,0.12,85495,38.3,6.64,0,0,None,LOW,0,"Routine milking, clean dry udder cloth, post-milking dip (0.5% povidone iodine).",No medication needed. Maintain clean bedding and nutrition.
COW-2957,Gauri,Red Sindhi,8.7,3,59,12.5,12.5,0.0,4.45,4.68,4.53,4.67,4.68,0.23,166751,38.6,6.59,0,0,None,LOW,0,"Routine milking, clean dry udder cloth, post-milking dip (0.5% povidone iodine).",No medication needed. Maintain clean bedding and nutrition.
COW-2958,Kapila,Gir,5.8,2,73,16.9,16.5,2.5,4.53,4.8,4.62,4.72,4.8,0.27,120537,38.5,6.7,0,0,None,LOW,0,"Routine milking, clean dry udder cloth, post-milking dip (0.5% povidone iodine).",No medication needed. Maintain clean bedding and nutrition.
COW-2959,Gauri,Sahiwal,7.6,3,60,18.1,17.8,1.7,5.04,5.07,4.84,5.03,5.07,0.23,183762,38.6,6.54,0,0,None,LOW,0,"Routine milking, clean dry udder cloth, post-milking dip (0.5% povidone iodine).",No medication needed. Maintain clean bedding and nutrition.
COW-2960,Meera,Sahiwal,7.6,4,172,15.9,15.7,1.2,4.91,5.12,4.97,4.94,5.12,0.21,138267,38.3,6.56,0,0,None,LOW,0,"Routine milking, clean dry udder cloth, post-milking dip (0.5% povidone iodine).",No medication needed. Maintain clean bedding and nutrition.
COW-2961,Bhavani,Rathi,8.6,3,91,14.0,11.9,14.9,4.97,6.55,5.01,5.11,6.55,1.58,432393,38.5,6.92,0,0,RF,MEDIUM,8083,Subclinical warning in RF quarter. Apply ICAR herbal paste 3x daily for 5 days. Strip affected quarter completely.,ICAR Formulation: 250g Aloe Vera + 50g Pure Turmeric + 15g Edible Lime (Chuna) ground into paste.
COW-2962,Tulsi,Rathi,5.5,1,184,12.5,12.2,2.6,4.89,4.75,4.87,4.78,4.89,0.14,97212,38.2,6.65,0,0,None,LOW,0,"Routine milking, clean dry udder cloth, post-milking dip (0.5% povidone iodine).",No medication needed. Maintain clean bedding and nutrition.
COW-2963,Yamuna,Rathi,7.4,2,251,10.2,10.0,2.3,4.82,4.83,4.76,4.92,4.92,0.16,173908,38.7,6.7,0,0,None,LOW,0,"Routine milking, clean dry udder cloth, post-milking dip (0.5% povidone iodine).",No medication needed. Maintain clean bedding and nutrition.
COW-2964,Lakshmi,Rathi,8.9,2,209,15.2,11.9,21.9,6.49,4.68,4.75,4.62,6.49,1.87,309046,38.9,6.92,0,0,LF,MEDIUM,9660,Subclinical warning in LF quarter. Apply ICAR herbal paste 3x daily for 5 days. Strip affected quarter completely.,ICAR Formulation: 250g Aloe Vera + 50g Pure Turmeric + 15g Edible Lime (Chuna) ground into paste.
COW-2965,Kapila,Tharparkar,7.5,4,228,13.6,11.4,16.5,4.83,4.69,6.64,4.92,6.64,1.95,265443,38.6,6.8,0,0,LH,MEDIUM,8986,Subclinical warning in LH quarter. Apply ICAR herbal paste 3x daily for 5 days. Strip affected quarter completely.,ICAR Formulation: 250g Aloe Vera + 50g Pure Turmeric + 15g Edible Lime (Chuna) ground into paste.
COW-2966,Sita,Red Sindhi,4.1,3,76,11.7,10.2,12.4,4.81,6.46,4.85,4.75,6.46,1.71,210000,38.8,6.72,1,0,RF,MEDIUM,7790,Subclinical warning in RF quarter. Apply ICAR herbal paste 3x daily for 5 days. Strip affected quarter completely.,ICAR Formulation: 250g Aloe Vera + 50g Pure Turmeric + 15g Edible Lime (Chuna) ground into paste.
COW-2967,Meera,Murrah Buffalo,4.0,3,64,17.6,15.2,13.5,4.95,4.99,4.92,6.48,6.48,1.56,323714,39.0,6.78,1,0,RH,MEDIUM,7714,Subclinical warning in RH quarter. Apply ICAR herbal paste 3x daily for 5 days. Strip affected quarter completely.,ICAR Formulation: 250g Aloe Vera + 50g Pure Turmeric + 15g Edible Lime (Chuna) ground into paste.
COW-2968,Yamuna,Sahiwal,5.2,5,80,17.3,16.9,2.5,4.68,4.87,4.63,4.88,4.88,0.25,188699,38.2,6.65,0,0,None,LOW,0,"Routine milking, clean dry udder cloth, post-milking dip (0.5% povidone iodine).",No medication needed. Maintain clean bedding and nutrition.
COW-2969,Ganga,Red Sindhi,8.5,6,279,14.8,5.9,59.9,7.34,7.03,7.12,6.75,7.34,0.59,600000,41.3,7.24,2,2,Both Hind,HIGH,42592,Urgent: Acute clinical mastitis! Isolate animal immediately. Call government veterinary officer (1962). Administer prescribed veterinary therapy.,Immediate veterinary antibiotic injection + anti-inflammatory + frequent cold water fanning and stripping.
COW-2970,Nandini,Sahiwal,4.8,1,252,16.4,16.2,1.3,4.87,4.78,4.63,4.85,4.87,0.24,99288,38.2,6.57,0,0,None,LOW,0,"Routine milking, clean dry udder cloth, post-milking dip (0.5% povidone iodine).",No medication needed. Maintain clean bedding and nutrition.
COW-2971,Bhavani,Rathi,4.9,2,272,15.7,15.6,0.9,4.6,4.73,4.71,4.71,4.73,0.13,133592,38.4,6.62,0,0,None,LOW,0,"Routine milking, clean dry udder cloth, post-milking dip (0.5% povidone iodine).",No medication needed. Maintain clean bedding and nutrition.
COW-2972,Yamuna,Tharparkar,5.5,5,287,13.7,13.4,2.0,4.57,4.5,4.62,4.55,4.62,0.12,62276,38.5,6.45,0,0,None,LOW,0,"Routine milking, clean dry udder cloth, post-milking dip (0.5% povidone iodine).",No medication needed. Maintain clean bedding and nutrition.
COW-2973,Kalyani,Red Sindhi,8.6,4,38,10.5,10.5,0.1,4.64,4.62,4.84,4.85,4.85,0.23,95724,38.5,6.66,0,0,None,LOW,0,"Routine milking, clean dry udder cloth, post-milking dip (0.5% povidone iodine).",No medication needed. Maintain clean bedding and nutrition.
COW-2974,Radha,Red Sindhi,9.2,6,241,10.6,10.5,1.0,4.97,5.07,4.85,4.95,5.07,0.22,167143,38.4,6.69,0,0,None,LOW,0,"Routine milking, clean dry udder cloth, post-milking dip (0.5% povidone iodine).",No medication needed. Maintain clean bedding and nutrition.
COW-2975,Yamuna,HF Cross,6.0,1,61,21.1,17.4,17.3,5.05,4.89,7.15,4.89,7.15,2.26,261165,39.0,6.79,1,1,LH,MEDIUM,7593,Subclinical warning in LH quarter. Apply ICAR herbal paste 3x daily for 5 days. Strip affected quarter completely.,ICAR Formulation: 250g Aloe Vera + 50g Pure Turmeric + 15g Edible Lime (Chuna) ground into paste.
COW-2976,Devi,Murrah Buffalo,4.8,1,183,16.7,16.1,3.5,5.01,4.84,4.88,4.79,5.01,0.22,100549,38.4,6.58,0,0,None,LOW,0,"Routine milking, clean dry udder cloth, post-milking dip (0.5% povidone iodine).",No medication needed. Maintain clean bedding and nutrition.
COW-2977,Kalyani,HF Cross,7.7,3,103,24.4,24.0,1.8,4.84,4.81,4.9,4.87,4.9,0.09,62306,38.5,6.62,0,0,None,LOW,0,"Routine milking, clean dry udder cloth, post-milking dip (0.5% povidone iodine).",No medication needed. Maintain clean bedding and nutrition.
COW-2978,Kamdhenu,Murrah Buffalo,9.2,2,181,12.3,5.8,53.2,7.8,7.88,7.53,7.38,7.88,0.5,1658452,40.2,7.22,2,2,RF,HIGH,43024,Urgent: Acute clinical mastitis! Isolate animal immediately. Call government veterinary officer (1962). Administer prescribed veterinary therapy.,Immediate veterinary antibiotic injection + anti-inflammatory + frequent cold water fanning and stripping.
COW-2979,Bhavani,Gir,6.9,2,276,17.9,17.5,2.3,4.93,4.97,4.82,4.92,4.97,0.15,150731,38.5,6.56,0,0,None,LOW,0,"Routine milking, clean dry udder cloth, post-milking dip (0.5% povidone iodine).",No medication needed. Maintain clean bedding and nutrition.
COW-2980,Nandini,Rathi,5.0,1,55,10.1,9.7,3.5,4.94,4.98,4.99,4.83,4.99,0.16,107161,38.4,6.55,0,0,None,LOW,0,"Routine milking, clean dry udder cloth, post-milking dip (0.5% povidone iodine).",No medication needed. Maintain clean bedding and nutrition.
COW-2981,Bhavani,Rathi,7.0,1,162,13.9,13.9,0.0,4.84,4.84,4.72,4.68,4.84,0.16,50000,38.6,6.58,0,0,None,LOW,0,"Routine milking, clean dry udder cloth, post-milking dip (0.5% povidone iodine).",No medication needed. Maintain clean bedding and nutrition.
COW-2982,Surabhi,Red Sindhi,5.8,2,210,12.0,12.0,0.0,5.14,4.98,5.01,5.0,5.14,0.16,140840,38.6,6.62,0,0,None,LOW,0,"Routine milking, clean dry udder cloth, post-milking dip (0.5% povidone iodine).",No medication needed. Maintain clean bedding and nutrition.
COW-2983,Gauri,Rathi,4.3,5,205,14.5,12.9,11.1,4.62,6.63,4.66,4.71,6.63,2.01,415647,38.6,6.87,0,1,RF,MEDIUM,7192,Subclinical warning in RF quarter. Apply ICAR herbal paste 3x daily for 5 days. Strip affected quarter completely.,ICAR Formulation: 250g Aloe Vera + 50g Pure Turmeric + 15g Edible Lime (Chuna) ground into paste.
COW-2984,Meera,Red Sindhi,3.4,4,166,11.7,11.6,0.9,4.76,4.83,4.89,4.74,4.89,0.15,155937,38.3,6.62,0,0,None,LOW,0,"Routine milking, clean dry udder cloth, post-milking dip (0.5% povidone iodine).",No medication needed. Maintain clean bedding and nutrition.
COW-2985,Surabhi,Tharparkar,6.3,6,33,13.1,4.3,67.1,8.39,8.52,8.19,8.33,8.52,0.33,600000,40.7,7.13,2,2,Both Hind,HIGH,46016,Urgent: Acute clinical mastitis! Isolate animal immediately. Call government veterinary officer (1962). Administer prescribed veterinary therapy.,Immediate veterinary antibiotic injection + anti-inflammatory + frequent cold water fanning and stripping.
COW-2986,Gauri,Murrah Buffalo,7.1,3,269,16.3,16.1,1.4,4.62,4.79,4.8,4.83,4.83,0.21,100092,38.4,6.6,0,0,None,LOW,0,"Routine milking, clean dry udder cloth, post-milking dip (0.5% povidone iodine).",No medication needed. Maintain clean bedding and nutrition.
COW-2987,Kalyani,Gir,9.2,2,255,16.3,16.1,1.3,4.64,4.9,4.64,4.9,4.9,0.26,149182,38.2,6.54,0,0,None,LOW,0,"Routine milking, clean dry udder cloth, post-milking dip (0.5% povidone iodine).",No medication needed. Maintain clean bedding and nutrition.
COW-2988,Surabhi,Tharparkar,5.0,3,239,12.1,11.9,1.6,4.62,4.63,4.59,4.46,4.63,0.17,195000,38.5,6.65,0,0,None,LOW,0,"Routine milking, clean dry udder cloth, post-milking dip (0.5% povidone iodine).",No medication needed. Maintain clean bedding and nutrition.
COW-2989,Sita,Rathi,2.9,1,35,13.4,13.1,2.4,4.49,4.49,4.59,4.42,4.59,0.17,113071,38.5,6.57,0,0,None,LOW,0,"Routine milking, clean dry udder cloth, post-milking dip (0.5% povidone iodine).",No medication needed. Maintain clean bedding and nutrition.
COW-2990,Tulsi,Murrah Buffalo,7.6,3,137,15.2,4.5,70.3,7.76,7.66,8.08,8.06,8.08,0.42,1681113,40.3,7.43,2,1,LH,HIGH,49893,Urgent: Acute clinical mastitis! Isolate animal immediately. Call government veterinary officer (1962). Administer prescribed veterinary therapy.,Immediate veterinary antibiotic injection + anti-inflammatory + frequent cold water fanning and stripping.
COW-2991,Surabhi,Gir,6.9,6,18,19.2,18.8,2.0,4.89,4.8,4.65,4.65,4.89,0.24,96232,38.4,6.54,0,0,None,LOW,0,"Routine milking, clean dry udder cloth, post-milking dip (0.5% povidone iodine).",No medication needed. Maintain clean bedding and nutrition.
COW-2992,Meera,Red Sindhi,4.7,6,197,14.9,14.7,1.6,4.94,4.86,4.89,4.83,4.94,0.11,117436,38.6,6.52,0,0,None,LOW,0,"Routine milking, clean dry udder cloth, post-milking dip (0.5% povidone iodine).",No medication needed. Maintain clean bedding and nutrition.
COW-2993,Nandini,Gir,3.1,1,174,17.0,13.4,21.1,5.03,5.07,5.04,6.74,6.74,1.71,368080,38.5,6.99,1,1,RH,MEDIUM,10254,Subclinical warning in RH quarter. Apply ICAR herbal paste 3x daily for 5 days. Strip affected quarter completely.,ICAR Formulation: 250g Aloe Vera + 50g Pure Turmeric + 15g Edible Lime (Chuna) ground into paste.
COW-2994,Lakshmi,Murrah Buffalo,7.5,6,222,14.4,12.4,14.1,4.87,5.01,5.05,6.54,6.54,1.67,300179,38.5,6.83,1,0,RH,MEDIUM,7513,Subclinical warning in RH quarter. Apply ICAR herbal paste 3x daily for 5 days. Strip affected quarter completely.,ICAR Formulation: 250g Aloe Vera + 50g Pure Turmeric + 15g Edible Lime (Chuna) ground into paste.
COW-2995,Gauri,Rathi,3.0,6,96,14.2,12.3,13.3,6.28,4.97,5.04,5.0,6.28,1.31,322341,38.8,6.9,1,0,LF,MEDIUM,7431,Subclinical warning in LF quarter. Apply ICAR herbal paste 3x daily for 5 days. Strip affected quarter completely.,ICAR Formulation: 250g Aloe Vera + 50g Pure Turmeric + 15g Edible Lime (Chuna) ground into paste.
COW-2996,Yamuna,Tharparkar,3.7,2,46,11.5,11.4,1.3,4.51,4.6,4.49,4.63,4.63,0.14,156160,38.6,6.61,0,0,None,LOW,0,"Routine milking, clean dry udder cloth, post-milking dip (0.5% povidone iodine).",No medication needed. Maintain clean bedding and nutrition.
COW-2997,Kapila,Red Sindhi,4.2,5,58,11.5,10.0,13.1,4.77,4.89,6.31,4.63,6.31,1.68,444284,38.5,6.83,0,0,LH,MEDIUM,7989,Subclinical warning in LH quarter. Apply ICAR herbal paste 3x daily for 5 days. Strip affected quarter completely.,ICAR Formulation: 250g Aloe Vera + 50g Pure Turmeric + 15g Edible Lime (Chuna) ground into paste.
COW-2998,Devi,HF Cross,8.6,2,127,24.3,24.3,0.0,4.59,4.51,4.76,4.69,4.76,0.25,132275,38.7,6.53,0,0,None,LOW,0,"Routine milking, clean dry udder cloth, post-milking dip (0.5% povidone iodine).",No medication needed. Maintain clean bedding and nutrition.
COW-2999,Bhavani,Red Sindhi,5.3,3,266,12.9,12.9,0.0,4.47,4.51,4.56,4.46,4.56,0.1,135488,38.6,6.67,0,0,None,LOW,0,"Routine milking, clean dry udder cloth, post-milking dip (0.5% povidone iodine).",No medication needed. Maintain clean bedding and nutrition.
COW-3000,Ganga,Murrah Buffalo,6.1,2,148,17.4,7.2,58.8,7.32,7.4,7.64,7.59,7.64,0.32,1604142,41.1,7.19,2,1,LH,HIGH,39348,Urgent: Acute clinical mastitis! Isolate animal immediately. Call government veterinary officer (1962). Administer prescribed veterinary therapy.,Immediate veterinary antibiotic injection + anti-inflammatory + frequent cold water fanning and stripping.
COW-3001,Kapila,Rathi,6.7,3,41,14.9,14.6,2.3,4.98,5.07,5.05,5.06,5.07,0.09,84817,38.4,6.58,0,0,None,LOW,0,"Routine milking, clean dry udder cloth, post-milking dip (0.5% povidone iodine).",No medication needed. Maintain clean bedding and nutrition.
COW-3002,Yamuna,Tharparkar,4.8,5,68,12.3,12.3,0.0,4.79,4.78,4.98,4.9,4.98,0.2,109301,38.8,6.51,0,0,None,LOW,0,"Routine milking, clean dry udder cloth, post-milking dip (0.5% povidone iodine).",No medication needed. Maintain clean bedding and nutrition.
COW-3003,Radha,Rathi,7.8,5,58,13.3,11.6,13.1,6.65,5.2,4.94,4.99,6.65,1.71,397469,38.5,6.8,0,1,LF,MEDIUM,7958,Subclinical warning in LF quarter. Apply ICAR herbal paste 3x daily for 5 days. Strip affected quarter completely.,ICAR Formulation: 250g Aloe Vera + 50g Pure Turmeric + 15g Edible Lime (Chuna) ground into paste.
COW-3004,Ganga,Gir,7.3,3,249,18.5,18.2,1.4,4.82,4.98,5.08,4.86,5.08,0.26,195000,38.5,6.51,0,0,None,LOW,0,"Routine milking, clean dry udder cloth, post-milking dip (0.5% povidone iodine).",No medication needed. Maintain clean bedding and nutrition.
COW-3005,Yamuna,Murrah Buffalo,3.6,2,163,12.5,12.5,0.0,4.81,4.86,4.88,4.98,4.98,0.17,128221,38.5,6.62,0,0,None,LOW,0,"Routine milking, clean dry udder cloth, post-milking dip (0.5% povidone iodine).",No medication needed. Maintain clean bedding and nutrition.
COW-3006,Nandini,Sahiwal,8.4,1,176,15.3,15.2,0.6,4.92,4.97,4.99,5.04,5.04,0.12,189064,38.5,6.62,0,0,None,LOW,0,"Routine milking, clean dry udder cloth, post-milking dip (0.5% povidone iodine).",No medication needed. Maintain clean bedding and nutrition.
COW-3007,Kamdhenu,Gir,6.8,6,220,16.2,16.2,0.1,4.84,4.89,4.97,4.96,4.97,0.13,175023,38.4,6.6,0,0,None,LOW,0,"Routine milking, clean dry udder cloth, post-milking dip (0.5% povidone iodine).",No medication needed. Maintain clean bedding and nutrition.
COW-3008,Meera,HF Cross,8.1,3,167,19.0,19.0,0.2,5.11,4.96,5.06,5.12,5.12,0.16,95107,38.6,6.55,0,0,None,LOW,0,"Routine milking, clean dry udder cloth, post-milking dip (0.5% povidone iodine).",No medication needed. Maintain clean bedding and nutrition.
COW-3009,Devi,Rathi,4.4,2,40,12.5,10.3,17.4,6.29,4.84,4.79,4.86,6.29,1.5,274977,39.0,6.77,0,0,LF,MEDIUM,9423,Subclinical warning in LF quarter. Apply ICAR herbal paste 3x daily for 5 days. Strip affected quarter completely.,ICAR Formulation: 250g Aloe Vera + 50g Pure Turmeric + 15g Edible Lime (Chuna) ground into paste.
COW-3010,Bhavani,Red Sindhi,8.4,6,281,13.8,13.8,0.0,4.74,4.54,4.66,4.63,4.74,0.2,125882,38.5,6.46,0,0,None,LOW,0,"Routine milking, clean dry udder cloth, post-milking dip (0.5% povidone iodine).",No medication needed. Maintain clean bedding and nutrition.
COW-3011,Yamuna,Sahiwal,3.6,1,267,16.1,14.1,12.3,4.99,6.26,5.11,5.16,6.26,1.27,343539,38.6,6.9,1,1,RF,MEDIUM,6978,Subclinical warning in RF quarter. Apply ICAR herbal paste 3x daily for 5 days. Strip affected quarter completely.,ICAR Formulation: 250g Aloe Vera + 50g Pure Turmeric + 15g Edible Lime (Chuna) ground into paste.
COW-3012,Bhavani,HF Cross,3.1,1,17,20.8,20.5,1.4,4.94,5.02,5.03,4.85,5.03,0.18,163838,38.6,6.69,0,0,None,LOW,0,"Routine milking, clean dry udder cloth, post-milking dip (0.5% povidone iodine).",No medication needed. Maintain clean bedding and nutrition.
COW-3013,Ganga,Red Sindhi,3.4,6,245,10.3,9.8,4.5,4.45,4.63,4.58,4.69,4.69,0.24,152710,38.4,6.7,0,0,None,LOW,0,"Routine milking, clean dry udder cloth, post-milking dip (0.5% povidone iodine).",No medication needed. Maintain clean bedding and nutrition.
COW-3014,Yamuna,Murrah Buffalo,6.8,6,77,13.5,13.3,1.3,4.66,4.81,4.65,4.73,4.81,0.16,130415,38.6,6.66,0,0,None,LOW,0,"Routine milking, clean dry udder cloth, post-milking dip (0.5% povidone iodine).",No medication needed. Maintain clean bedding and nutrition.
COW-3015,Devi,HF Cross,8.2,3,274,25.1,21.7,13.5,6.63,5.09,5.06,4.91,6.63,1.72,274036,39.0,6.83,0,0,LF,MEDIUM,7845,Subclinical warning in LF quarter. Apply ICAR herbal paste 3x daily for 5 days. Strip affected quarter completely.,ICAR Formulation: 250g Aloe Vera + 50g Pure Turmeric + 15g Edible Lime (Chuna) ground into paste.
COW-3016,Devi,Red Sindhi,3.8,1,226,14.7,12.2,17.0,4.97,4.8,4.98,6.07,6.07,1.27,332809,38.6,6.72,1,0,RH,MEDIUM,8749,Subclinical warning in RH quarter. Apply ICAR herbal paste 3x daily for 5 days. Strip affected quarter completely.,ICAR Formulation: 250g Aloe Vera + 50g Pure Turmeric + 15g Edible Lime (Chuna) ground into paste.
COW-3017,Yamuna,HF Cross,6.6,3,235,21.1,17.7,16.2,4.84,6.05,4.82,4.7,6.05,1.35,336529,39.0,6.8,1,1,RF,MEDIUM,8660,Subclinical warning in RF quarter. Apply ICAR herbal paste 3x daily for 5 days. Strip affected quarter completely.,ICAR Formulation: 250g Aloe Vera + 50g Pure Turmeric + 15g Edible Lime (Chuna) ground into paste.
COW-3018,Devi,Tharparkar,4.9,6,133,10.4,10.3,1.4,5.05,4.96,5.2,5.18,5.2,0.24,180275,38.4,6.52,0,0,None,LOW,0,"Routine milking, clean dry udder cloth, post-milking dip (0.5% povidone iodine).",No medication needed. Maintain clean bedding and nutrition.
COW-3019,Lakshmi,Gir,9.4,6,111,17.3,16.7,3.6,4.77,4.6,4.74,4.79,4.79,0.19,127109,38.7,6.53,0,0,None,LOW,0,"Routine milking, clean dry udder cloth, post-milking dip (0.5% povidone iodine).",No medication needed. Maintain clean bedding and nutrition.
COW-3020,Kamdhenu,Red Sindhi,6.5,1,121,13.1,13.1,0.0,4.64,4.5,4.72,4.6,4.72,0.22,195000,38.5,6.65,0,0,None,LOW,0,"Routine milking, clean dry udder cloth, post-milking dip (0.5% povidone iodine).",No medication needed. Maintain clean bedding and nutrition.
COW-3021,Bhavani,Murrah Buffalo,7.6,5,98,17.7,17.4,1.5,4.71,4.76,4.61,4.78,4.78,0.17,167632,38.7,6.63,0,0,None,LOW,0,"Routine milking, clean dry udder cloth, post-milking dip (0.5% povidone iodine).",No medication needed. Maintain clean bedding and nutrition.
COW-3022,Tulsi,Gir,9.2,2,169,16.6,16.6,0.0,4.97,4.99,4.83,4.77,4.99,0.22,50000,38.4,6.54,0,0,None,LOW,0,"Routine milking, clean dry udder cloth, post-milking dip (0.5% povidone iodine).",No medication needed. Maintain clean bedding and nutrition.
COW-3023,Lakshmi,Red Sindhi,6.5,6,125,10.8,8.7,19.0,4.72,4.81,4.78,6.53,6.53,1.81,328557,38.7,6.75,1,1,RH,MEDIUM,8928,Subclinical warning in RH quarter. Apply ICAR herbal paste 3x daily for 5 days. Strip affected quarter completely.,ICAR Formulation: 250g Aloe Vera + 50g Pure Turmeric + 15g Edible Lime (Chuna) ground into paste.
COW-3024,Tulsi,HF Cross,3.5,2,200,24.2,6.9,71.5,8.05,7.62,8.07,7.96,8.07,0.45,829419,39.9,7.42,2,1,Both Hind,HIGH,52383,Urgent: Acute clinical mastitis! Isolate animal immediately. Call government veterinary officer (1962). Administer prescribed veterinary therapy.,Immediate veterinary antibiotic injection + anti-inflammatory + frequent cold water fanning and stripping.
COW-3025,Meera,Sahiwal,4.2,2,33,16.6,16.3,2.0,4.72,4.65,4.84,4.68,4.84,0.19,106864,38.4,6.55,0,0,None,LOW,0,"Routine milking, clean dry udder cloth, post-milking dip (0.5% povidone iodine).",No medication needed. Maintain clean bedding and nutrition.
COW-3026,Devi,Tharparkar,7.0,5,21,13.7,13.2,3.7,4.71,4.69,4.63,4.63,4.71,0.08,145968,38.2,6.64,0,0,None,LOW,0,"Routine milking, clean dry udder cloth, post-milking dip (0.5% povidone iodine).",No medication needed. Maintain clean bedding and nutrition.
COW-3027,Nandini,Red Sindhi,6.5,3,87,10.5,10.5,0.4,4.75,4.57,4.57,4.71,4.75,0.18,93243,38.3,6.55,0,0,None,LOW,0,"Routine milking, clean dry udder cloth, post-milking dip (0.5% povidone iodine).",No medication needed. Maintain clean bedding and nutrition.
COW-3028,Nandini,Rathi,6.9,5,262,11.6,9.1,21.8,4.8,4.81,6.63,4.75,6.63,1.88,335674,38.5,6.73,0,1,LH,MEDIUM,10038,Subclinical warning in LH quarter. Apply ICAR herbal paste 3x daily for 5 days. Strip affected quarter completely.,ICAR Formulation: 250g Aloe Vera + 50g Pure Turmeric + 15g Edible Lime (Chuna) ground into paste.
COW-3029,Nandini,Red Sindhi,3.3,6,72,14.7,11.9,19.3,4.75,4.86,4.79,6.8,6.8,2.05,427743,38.6,6.92,1,1,RH,MEDIUM,10071,Subclinical warning in RH quarter. Apply ICAR herbal paste 3x daily for 5 days. Strip affected quarter completely.,ICAR Formulation: 250g Aloe Vera + 50g Pure Turmeric + 15g Edible Lime (Chuna) ground into paste.
COW-3030,Kamdhenu,Rathi,5.3,5,230,11.4,9.2,19.4,6.29,5.05,5.08,4.85,6.29,1.44,344873,38.5,6.87,0,0,LF,MEDIUM,9843,Subclinical warning in LF quarter. Apply ICAR herbal paste 3x daily for 5 days. Strip affected quarter completely.,ICAR Formulation: 250g Aloe Vera + 50g Pure Turmeric + 15g Edible Lime (Chuna) ground into paste.
COW-3031,Tulsi,Murrah Buffalo,6.5,6,91,13.0,12.7,2.2,4.51,4.59,4.65,4.52,4.65,0.14,125881,38.4,6.59,0,0,None,LOW,0,"Routine milking, clean dry udder cloth, post-milking dip (0.5% povidone iodine).",No medication needed. Maintain clean bedding and nutrition.
COW-3032,Gauri,Rathi,3.7,4,222,13.3,13.3,0.0,4.74,4.86,4.68,4.69,4.86,0.18,154765,38.7,6.6,0,0,None,LOW,0,"Routine milking, clean dry udder cloth, post-milking dip (0.5% povidone iodine).",No medication needed. Maintain clean bedding and nutrition.
COW-3033,Gauri,Red Sindhi,6.0,1,152,10.0,9.5,5.1,5.06,4.92,5.15,5.16,5.16,0.24,113422,38.9,6.62,0,0,None,LOW,0,"Routine milking, clean dry udder cloth, post-milking dip (0.5% povidone iodine).",No medication needed. Maintain clean bedding and nutrition.
COW-3034,Kapila,HF Cross,4.2,5,216,21.2,16.8,20.7,6.95,5.1,5.28,5.12,6.95,1.85,417680,38.9,6.84,0,1,LF,MEDIUM,9737,Subclinical warning in LF quarter. Apply ICAR herbal paste 3x daily for 5 days. Strip affected quarter completely.,ICAR Formulation: 250g Aloe Vera + 50g Pure Turmeric + 15g Edible Lime (Chuna) ground into paste.
COW-3035,Kalyani,Murrah Buffalo,9.0,4,82,15.0,14.5,3.3,4.61,4.83,4.81,4.64,4.83,0.22,128719,38.2,6.58,0,0,None,LOW,0,"Routine milking, clean dry udder cloth, post-milking dip (0.5% povidone iodine).",No medication needed. Maintain clean bedding and nutrition.
COW-3036,Sita,Gir,3.2,6,90,18.3,16.1,12.0,4.98,5.03,6.84,4.9,6.84,1.94,278025,38.9,6.89,0,1,LH,MEDIUM,7686,Subclinical warning in LH quarter. Apply ICAR herbal paste 3x daily for 5 days. Strip affected quarter completely.,ICAR Formulation: 250g Aloe Vera + 50g Pure Turmeric + 15g Edible Lime (Chuna) ground into paste.
COW-3037,Nandini,HF Cross,8.7,6,123,22.5,10.5,53.5,7.4,7.39,7.28,7.74,7.74,0.46,881611,40.0,7.1,2,2,Both Front,HIGH,39006,Urgent: Acute clinical mastitis! Isolate animal immediately. Call government veterinary officer (1962). Administer prescribed veterinary therapy.,Immediate veterinary antibiotic injection + anti-inflammatory + frequent cold water fanning and stripping.
COW-3038,Meera,Rathi,5.1,4,274,11.6,9.3,19.4,6.21,5.02,5.02,5.02,6.21,1.19,262448,38.5,6.75,0,0,LF,MEDIUM,9224,Subclinical warning in LF quarter. Apply ICAR herbal paste 3x daily for 5 days. Strip affected quarter completely.,ICAR Formulation: 250g Aloe Vera + 50g Pure Turmeric + 15g Edible Lime (Chuna) ground into paste.
COW-3039,Kapila,Murrah Buffalo,5.1,2,153,13.8,11.3,18.1,4.92,6.59,4.8,4.88,6.59,1.79,419361,38.6,6.83,0,1,RF,MEDIUM,9192,Subclinical warning in RF quarter. Apply ICAR herbal paste 3x daily for 5 days. Strip affected quarter completely.,ICAR Formulation: 250g Aloe Vera + 50g Pure Turmeric + 15g Edible Lime (Chuna) ground into paste.
COW-3040,Sita,Tharparkar,4.4,4,234,12.1,10.0,17.7,6.85,4.88,4.97,4.99,6.85,1.97,284799,39.1,6.92,1,0,LF,MEDIUM,9263,Subclinical warning in LF quarter. Apply ICAR herbal paste 3x daily for 5 days. Strip affected quarter completely.,ICAR Formulation: 250g Aloe Vera + 50g Pure Turmeric + 15g Edible Lime (Chuna) ground into paste.
COW-3041,Surabhi,Rathi,5.8,4,64,12.0,12.0,0.0,4.97,4.91,4.94,4.77,4.97,0.2,160242,38.6,6.57,0,0,None,LOW,0,"Routine milking, clean dry udder cloth, post-milking dip (0.5% povidone iodine).",No medication needed. Maintain clean bedding and nutrition.
COW-3042,Sita,Red Sindhi,8.8,4,219,15.7,14.0,10.6,5.09,5.09,6.38,5.02,6.38,1.36,456047,38.6,6.87,0,1,LH,MEDIUM,6527,Subclinical warning in LH quarter. Apply ICAR herbal paste 3x daily for 5 days. Strip affected quarter completely.,ICAR Formulation: 250g Aloe Vera + 50g Pure Turmeric + 15g Edible Lime (Chuna) ground into paste.
COW-3043,Radha,Tharparkar,5.7,2,159,13.7,13.3,2.6,4.99,4.95,4.96,4.89,4.99,0.1,167084,38.4,6.64,0,0,None,LOW,0,"Routine milking, clean dry udder cloth, post-milking dip (0.5% povidone iodine).",No medication needed. Maintain clean bedding and nutrition.
COW-3044,Ganga,Murrah Buffalo,9.1,4,268,14.0,13.9,0.7,4.57,4.77,4.67,4.58,4.77,0.2,190478,38.4,6.5,0,0,None,LOW,0,"Routine milking, clean dry udder cloth, post-milking dip (0.5% povidone iodine).",No medication needed. Maintain clean bedding and nutrition.
COW-3045,Surabhi,Rathi,4.8,6,203,12.8,10.3,19.3,4.88,4.79,5.99,4.73,5.99,1.26,334619,38.8,6.79,1,1,LH,MEDIUM,9784,Subclinical warning in LH quarter. Apply ICAR herbal paste 3x daily for 5 days. Strip affected quarter completely.,ICAR Formulation: 250g Aloe Vera + 50g Pure Turmeric + 15g Edible Lime (Chuna) ground into paste.
COW-3046,Sita,Murrah Buffalo,8.3,3,268,12.6,12.3,2.2,4.61,4.65,4.61,4.46,4.65,0.19,63178,38.6,6.7,0,0,None,LOW,0,"Routine milking, clean dry udder cloth, post-milking dip (0.5% povidone iodine).",No medication needed. Maintain clean bedding and nutrition.
COW-3047,Gauri,Gir,7.9,4,97,15.4,13.0,15.3,4.86,4.91,7.12,5.01,7.12,2.26,362639,38.9,6.85,0,1,LH,MEDIUM,8349,Subclinical warning in LH quarter. Apply ICAR herbal paste 3x daily for 5 days. Strip affected quarter completely.,ICAR Formulation: 250g Aloe Vera + 50g Pure Turmeric + 15g Edible Lime (Chuna) ground into paste.
COW-3048,Kapila,HF Cross,6.6,6,137,25.8,25.7,0.3,4.66,4.66,4.57,4.77,4.77,0.2,162608,38.6,6.56,0,0,None,LOW,0,"Routine milking, clean dry udder cloth, post-milking dip (0.5% povidone iodine).",No medication needed. Maintain clean bedding and nutrition.
COW-3049,Kapila,Murrah Buffalo,5.1,4,30,12.7,12.4,2.0,4.83,4.72,4.85,4.9,4.9,0.18,121285,38.6,6.56,0,0,None,LOW,0,"Routine milking, clean dry udder cloth, post-milking dip (0.5% povidone iodine).",No medication needed. Maintain clean bedding and nutrition.
COW-3050,Lakshmi,HF Cross,8.4,1,236,24.0,9.4,60.9,7.73,7.69,7.64,7.61,7.73,0.12,1353702,40.5,7.44,2,2,RH,HIGH,43591,Urgent: Acute clinical mastitis! Isolate animal immediately. Call government veterinary officer (1962). Administer prescribed veterinary therapy.,Immediate veterinary antibiotic injection + anti-inflammatory + frequent cold water fanning and stripping.
COW-3051,Gauri,Gir,5.3,6,91,14.7,11.5,22.0,5.11,6.48,5.01,5.0,6.48,1.48,325460,38.5,6.79,1,1,RF,MEDIUM,9691,Subclinical warning in RF quarter. Apply ICAR herbal paste 3x daily for 5 days. Strip affected quarter completely.,ICAR Formulation: 250g Aloe Vera + 50g Pure Turmeric + 15g Edible Lime (Chuna) ground into paste.
COW-3052,Nandini,HF Cross,8.1,6,281,22.8,22.4,1.7,4.42,4.54,4.45,4.62,4.62,0.2,131542,38.2,6.66,0,0,None,LOW,0,"Routine milking, clean dry udder cloth, post-milking dip (0.5% povidone iodine).",No medication needed. Maintain clean bedding and nutrition.
COW-3053,Meera,Sahiwal,8.1,1,111,17.7,17.3,2.4,4.64,4.74,4.56,4.61,4.74,0.18,143347,38.8,6.54,0,0,None,LOW,0,"Routine milking, clean dry udder cloth, post-milking dip (0.5% povidone iodine).",No medication needed. Maintain clean bedding and nutrition.
COW-3054,Radha,Rathi,4.1,4,127,11.9,9.7,18.4,5.02,4.79,4.98,6.14,6.14,1.35,312309,38.8,6.76,0,0,RH,MEDIUM,9812,Subclinical warning in RH quarter. Apply ICAR herbal paste 3x daily for 5 days. Strip affected quarter completely.,ICAR Formulation: 250g Aloe Vera + 50g Pure Turmeric + 15g Edible Lime (Chuna) ground into paste.
COW-3055,Kapila,HF Cross,7.5,3,235,24.7,24.7,0.0,4.69,4.6,4.73,4.54,4.73,0.19,188296,38.4,6.62,0,0,None,LOW,0,"Routine milking, clean dry udder cloth, post-milking dip (0.5% povidone iodine).",No medication needed. Maintain clean bedding and nutrition.
COW-3056,Gauri,Tharparkar,4.2,6,253,14.9,6.7,55.0,7.8,8.29,8.28,8.07,8.29,0.49,1612995,40.6,7.26,2,1,Both Front,HIGH,36949,Urgent: Acute clinical mastitis! Isolate animal immediately. Call government veterinary officer (1962). Administer prescribed veterinary therapy.,Immediate veterinary antibiotic injection + anti-inflammatory + frequent cold water fanning and stripping.
COW-3057,Bhavani,Sahiwal,7.2,2,97,14.5,12.1,16.6,4.76,6.85,4.99,4.89,6.85,2.09,304114,38.9,7.0,0,1,RF,MEDIUM,8968,Subclinical warning in RF quarter. Apply ICAR herbal paste 3x daily for 5 days. Strip affected quarter completely.,ICAR Formulation: 250g Aloe Vera + 50g Pure Turmeric + 15g Edible Lime (Chuna) ground into paste.
COW-3058,Sita,Red Sindhi,4.6,3,243,15.8,12.5,21.1,4.85,4.8,6.37,4.98,6.37,1.57,210000,39.0,6.75,0,0,LH,MEDIUM,10517,Subclinical warning in LH quarter. Apply ICAR herbal paste 3x daily for 5 days. Strip affected quarter completely.,ICAR Formulation: 250g Aloe Vera + 50g Pure Turmeric + 15g Edible Lime (Chuna) ground into paste.
COW-3059,Bhavani,HF Cross,6.2,6,187,18.7,18.4,1.5,4.77,4.63,4.72,4.64,4.77,0.14,129302,38.5,6.55,0,0,None,LOW,0,"Routine milking, clean dry udder cloth, post-milking dip (0.5% povidone iodine).",No medication needed. Maintain clean bedding and nutrition.
COW-3060,Yamuna,Red Sindhi,7.0,5,63,14.1,13.8,2.3,5.07,5.01,5.09,5.01,5.09,0.08,90304,38.7,6.47,0,0,None,LOW,0,"Routine milking, clean dry udder cloth, post-milking dip (0.5% povidone iodine).",No medication needed. Maintain clean bedding and nutrition.
COW-3061,Devi,Murrah Buffalo,8.5,1,145,14.3,14.3,0.0,4.39,4.57,4.44,4.44,4.57,0.18,118571,38.3,6.59,0,0,None,LOW,0,"Routine milking, clean dry udder cloth, post-milking dip (0.5% povidone iodine).",No medication needed. Maintain clean bedding and nutrition.
COW-3062,Radha,Gir,8.8,1,106,16.7,16.7,0.1,4.9,4.9,5.04,5.13,5.13,0.23,131389,38.2,6.61,0,0,None,LOW,0,"Routine milking, clean dry udder cloth, post-milking dip (0.5% povidone iodine).",No medication needed. Maintain clean bedding and nutrition.
COW-3063,Devi,Murrah Buffalo,5.8,4,35,16.4,16.2,1.4,4.8,4.73,4.89,4.67,4.89,0.22,114215,38.6,6.53,0,0,None,LOW,0,"Routine milking, clean dry udder cloth, post-milking dip (0.5% povidone iodine).",No medication needed. Maintain clean bedding and nutrition.
COW-3064,Kapila,Tharparkar,3.5,5,203,10.0,9.4,5.7,4.89,4.83,4.7,4.67,4.89,0.22,77015,38.6,6.69,0,0,None,LOW,0,"Routine milking, clean dry udder cloth, post-milking dip (0.5% povidone iodine).",No medication needed. Maintain clean bedding and nutrition.
COW-3065,Ganga,Gir,4.5,5,276,16.4,15.8,3.8,4.68,4.77,4.6,4.6,4.77,0.17,133190,38.7,6.47,0,0,None,LOW,0,"Routine milking, clean dry udder cloth, post-milking dip (0.5% povidone iodine).",No medication needed. Maintain clean bedding and nutrition.
COW-3066,Kalyani,HF Cross,3.6,3,180,24.4,24.1,1.1,4.7,4.78,4.63,4.62,4.78,0.16,157167,38.4,6.65,0,0,None,LOW,0,"Routine milking, clean dry udder cloth, post-milking dip (0.5% povidone iodine).",No medication needed. Maintain clean bedding and nutrition.
COW-3067,Tulsi,HF Cross,7.8,5,22,21.1,10.5,50.4,6.61,6.69,6.56,6.28,6.69,0.41,1039691,40.4,7.09,2,2,Both Hind,HIGH,35075,Urgent: Acute clinical mastitis! Isolate animal immediately. Call government veterinary officer (1962). Administer prescribed veterinary therapy.,Immediate veterinary antibiotic injection + anti-inflammatory + frequent cold water fanning and stripping.
COW-3068,Tulsi,Rathi,5.7,1,75,13.3,12.0,10.1,4.86,4.95,6.64,5.0,6.64,1.78,391513,38.5,6.74,1,0,LH,MEDIUM,5276,Subclinical warning in LH quarter. Apply ICAR herbal paste 3x daily for 5 days. Strip affected quarter completely.,ICAR Formulation: 250g Aloe Vera + 50g Pure Turmeric + 15g Edible Lime (Chuna) ground into paste.
COW-3069,Nandini,Sahiwal,3.0,2,215,18.4,14.9,19.1,5.15,5.03,7.11,5.15,7.11,2.08,256321,39.0,6.77,1,1,LH,MEDIUM,9808,Subclinical warning in LH quarter. Apply ICAR herbal paste 3x daily for 5 days. Strip affected quarter completely.,ICAR Formulation: 250g Aloe Vera + 50g Pure Turmeric + 15g Edible Lime (Chuna) ground into paste.
COW-3070,Radha,Rathi,2.6,5,130,11.2,6.4,42.9,6.96,6.84,7.07,7.03,7.07,0.23,728201,40.0,7.25,2,2,Both Hind,HIGH,35382,Urgent: Acute clinical mastitis! Isolate animal immediately. Call government veterinary officer (1962). Administer prescribed veterinary therapy.,Immediate veterinary antibiotic injection + anti-inflammatory + frequent cold water fanning and stripping.
COW-3071,Kapila,Sahiwal,8.7,3,55,16.9,16.9,0.2,4.67,4.73,4.71,4.54,4.73,0.19,88665,38.3,6.7,0,0,None,LOW,0,"Routine milking, clean dry udder cloth, post-milking dip (0.5% povidone iodine).",No medication needed. Maintain clean bedding and nutrition.
COW-3072,Devi,Sahiwal,7.6,3,36,19.4,15.8,18.5,5.08,6.99,5.1,5.16,6.99,1.91,297387,38.7,6.79,0,0,RF,MEDIUM,8669,Subclinical warning in RF quarter. Apply ICAR herbal paste 3x daily for 5 days. Strip affected quarter completely.,ICAR Formulation: 250g Aloe Vera + 50g Pure Turmeric + 15g Edible Lime (Chuna) ground into paste.
COW-3073,Bhavani,Red Sindhi,8.5,4,63,13.0,13.0,0.0,5.07,4.92,4.97,5.01,5.07,0.15,151747,38.7,6.56,0,0,None,LOW,0,"Routine milking, clean dry udder cloth, post-milking dip (0.5% povidone iodine).",No medication needed. Maintain clean bedding and nutrition.
COW-3074,Devi,Gir,8.8,3,49,14.8,4.9,66.6,7.16,7.54,7.12,7.45,7.54,0.42,1646054,40.2,7.51,2,2,Both Front,HIGH,44721,Urgent: Acute clinical mastitis! Isolate animal immediately. Call government veterinary officer (1962). Administer prescribed veterinary therapy.,Immediate veterinary antibiotic injection + anti-inflammatory + frequent cold water fanning and stripping.
COW-3075,Meera,Tharparkar,5.2,3,71,14.5,14.4,1.0,4.99,5.11,4.98,4.87,5.11,0.24,51404,38.5,6.7,0,0,None,LOW,0,"Routine milking, clean dry udder cloth, post-milking dip (0.5% povidone iodine).",No medication needed. Maintain clean bedding and nutrition.
COW-3076,Surabhi,Murrah Buffalo,4.1,3,244,16.1,13.4,17.0,5.16,6.5,5.04,5.04,6.5,1.46,304215,38.9,6.78,1,1,RF,MEDIUM,8132,Subclinical warning in RF quarter. Apply ICAR herbal paste 3x daily for 5 days. Strip affected quarter completely.,ICAR Formulation: 250g Aloe Vera + 50g Pure Turmeric + 15g Edible Lime (Chuna) ground into paste.
COW-3077,Devi,Red Sindhi,9.4,3,186,10.7,10.3,3.3,4.94,4.93,4.85,4.89,4.94,0.09,119077,38.4,6.54,0,0,None,LOW,0,"Routine milking, clean dry udder cloth, post-milking dip (0.5% povidone iodine).",No medication needed. Maintain clean bedding and nutrition.
COW-3078,Kapila,HF Cross,8.1,1,289,18.7,18.5,1.1,4.46,4.45,4.51,4.5,4.51,0.06,146137,38.6,6.63,0,0,None,LOW,0,"Routine milking, clean dry udder cloth, post-milking dip (0.5% povidone iodine).",No medication needed. Maintain clean bedding and nutrition.
COW-3079,Bhavani,Red Sindhi,6.6,3,165,14.8,14.8,0.0,4.45,4.57,4.72,4.56,4.72,0.27,102902,38.4,6.58,0,0,None,LOW,0,"Routine milking, clean dry udder cloth, post-milking dip (0.5% povidone iodine).",No medication needed. Maintain clean bedding and nutrition.
COW-3080,Radha,Tharparkar,5.0,6,191,12.5,12.5,0.0,4.89,4.7,4.77,4.83,4.89,0.19,112490,38.4,6.7,0,0,None,LOW,0,"Routine milking, clean dry udder cloth, post-milking dip (0.5% povidone iodine).",No medication needed. Maintain clean bedding and nutrition.
COW-3081,Radha,Rathi,4.9,6,24,14.5,14.1,2.6,4.79,4.92,4.87,4.82,4.92,0.13,123713,38.8,6.59,0,0,None,LOW,0,"Routine milking, clean dry udder cloth, post-milking dip (0.5% povidone iodine).",No medication needed. Maintain clean bedding and nutrition.
COW-3082,Surabhi,Gir,8.4,4,105,19.5,8.4,56.7,7.97,8.24,8.48,8.39,8.48,0.51,1234939,39.9,7.05,2,2,Both Front,HIGH,43570,Urgent: Acute clinical mastitis! Isolate animal immediately. Call government veterinary officer (1962). Administer prescribed veterinary therapy.,Immediate veterinary antibiotic injection + anti-inflammatory + frequent cold water fanning and stripping.
COW-3083,Devi,Tharparkar,5.6,3,251,10.2,8.6,15.3,4.69,4.76,4.68,6.73,6.73,2.05,334381,38.6,6.76,0,0,RH,MEDIUM,8793,Subclinical warning in RH quarter. Apply ICAR herbal paste 3x daily for 5 days. Strip affected quarter completely.,ICAR Formulation: 250g Aloe Vera + 50g Pure Turmeric + 15g Edible Lime (Chuna) ground into paste.
COW-3084,Kapila,Red Sindhi,4.2,3,75,10.8,10.6,1.8,4.65,4.46,4.62,4.72,4.72,0.26,112535,38.8,6.7,0,0,None,LOW,0,"Routine milking, clean dry udder cloth, post-milking dip (0.5% povidone iodine).",No medication needed. Maintain clean bedding and nutrition.
COW-3085,Devi,Sahiwal,4.5,2,130,15.2,7.1,53.3,6.39,6.67,6.86,6.46,6.86,0.47,1037331,39.7,7.32,2,2,RF,HIGH,35101,Urgent: Acute clinical mastitis! Isolate animal immediately. Call government veterinary officer (1962). Administer prescribed veterinary therapy.,Immediate veterinary antibiotic injection + anti-inflammatory + frequent cold water fanning and stripping.
COW-3086,Kalyani,Red Sindhi,9.2,4,144,14.2,11.5,19.3,6.49,4.79,4.85,4.91,6.49,1.7,444803,38.7,6.72,1,0,LF,MEDIUM,8534,Subclinical warning in LF quarter. Apply ICAR herbal paste 3x daily for 5 days. Strip affected quarter completely.,ICAR Formulation: 250g Aloe Vera + 50g Pure Turmeric + 15g Edible Lime (Chuna) ground into paste.
COW-3087,Yamuna,Murrah Buffalo,4.2,6,36,12.2,12.0,1.8,4.99,5.18,5.08,5.0,5.18,0.19,153451,38.7,6.48,0,0,None,LOW,0,"Routine milking, clean dry udder cloth, post-milking dip (0.5% povidone iodine).",No medication needed. Maintain clean bedding and nutrition.
COW-3088,Kapila,Red Sindhi,9.1,2,66,10.7,10.4,3.0,5.04,5.04,4.88,4.91,5.04,0.16,145792,38.5,6.53,0,0,None,LOW,0,"Routine milking, clean dry udder cloth, post-milking dip (0.5% povidone iodine).",No medication needed. Maintain clean bedding and nutrition.
COW-3089,Radha,Sahiwal,6.2,1,177,15.5,15.0,3.4,4.9,4.85,4.91,4.82,4.91,0.09,115881,38.2,6.46,0,0,None,LOW,0,"Routine milking, clean dry udder cloth, post-milking dip (0.5% povidone iodine).",No medication needed. Maintain clean bedding and nutrition.
COW-3090,Yamuna,Red Sindhi,9.3,4,283,13.8,13.7,0.7,4.79,4.6,4.8,4.87,4.87,0.27,151583,38.5,6.55,0,0,None,LOW,0,"Routine milking, clean dry udder cloth, post-milking dip (0.5% povidone iodine).",No medication needed. Maintain clean bedding and nutrition.
COW-3091,Ganga,Gir,4.2,1,258,14.2,3.8,73.3,8.68,8.47,8.72,8.69,8.72,0.25,823492,40.0,7.05,2,1,Both Hind,HIGH,53496,Urgent: Acute clinical mastitis! Isolate animal immediately. Call government veterinary officer (1962). Administer prescribed veterinary therapy.,Immediate veterinary antibiotic injection + anti-inflammatory + frequent cold water fanning and stripping.
COW-3092,Bhavani,Tharparkar,6.5,4,93,15.5,15.3,1.4,4.71,4.49,4.71,4.71,4.71,0.22,104237,38.4,6.62,0,0,None,LOW,0,"Routine milking, clean dry udder cloth, post-milking dip (0.5% povidone iodine).",No medication needed. Maintain clean bedding and nutrition.
COW-3093,Sita,Murrah Buffalo,8.1,2,69,14.8,13.3,10.1,4.74,4.71,4.76,6.61,6.61,1.9,375644,39.1,6.9,0,0,RH,MEDIUM,5698,Subclinical warning in RH quarter. Apply ICAR herbal paste 3x daily for 5 days. Strip affected quarter completely.,ICAR Formulation: 250g Aloe Vera + 50g Pure Turmeric + 15g Edible Lime (Chuna) ground into paste.
COW-3094,Kamdhenu,HF Cross,2.8,5,261,20.5,16.3,20.6,5.06,6.45,5.23,5.25,6.45,1.39,352935,38.8,6.74,1,1,RF,MEDIUM,9460,Subclinical warning in RF quarter. Apply ICAR herbal paste 3x daily for 5 days. Strip affected quarter completely.,ICAR Formulation: 250g Aloe Vera + 50g Pure Turmeric + 15g Edible Lime (Chuna) ground into paste.
COW-3095,Radha,Gir,5.3,5,267,17.7,15.9,10.2,6.58,4.7,4.62,4.72,6.58,1.96,371796,39.2,6.85,0,1,LF,MEDIUM,5420,Subclinical warning in LF quarter. Apply ICAR herbal paste 3x daily for 5 days. Strip affected quarter completely.,ICAR Formulation: 250g Aloe Vera + 50g Pure Turmeric + 15g Edible Lime (Chuna) ground into paste.
COW-3096,Surabhi,HF Cross,7.3,4,141,20.2,15.9,21.2,5.1,7.07,5.26,5.09,7.07,1.98,454208,38.5,6.73,0,0,RF,MEDIUM,8947,Subclinical warning in RF quarter. Apply ICAR herbal paste 3x daily for 5 days. Strip affected quarter completely.,ICAR Formulation: 250g Aloe Vera + 50g Pure Turmeric + 15g Edible Lime (Chuna) ground into paste.
COW-3097,Sita,Murrah Buffalo,6.1,4,84,17.4,14.7,15.3,4.96,6.36,4.76,4.78,6.36,1.6,379864,38.9,6.93,0,0,RF,MEDIUM,7130,Subclinical warning in RF quarter. Apply ICAR herbal paste 3x daily for 5 days. Strip affected quarter completely.,ICAR Formulation: 250g Aloe Vera + 50g Pure Turmeric + 15g Edible Lime (Chuna) ground into paste.
COW-3098,Surabhi,Tharparkar,3.0,6,284,12.1,9.5,21.7,4.66,4.77,4.72,6.88,6.88,2.22,318916,38.6,6.8,0,0,RH,MEDIUM,10359,Subclinical warning in RH quarter. Apply ICAR herbal paste 3x daily for 5 days. Strip affected quarter completely.,ICAR Formulation: 250g Aloe Vera + 50g Pure Turmeric + 15g Edible Lime (Chuna) ground into paste.
COW-3099,Ganga,Murrah Buffalo,3.0,2,35,12.7,12.3,2.8,4.9,4.72,4.75,4.72,4.9,0.18,76356,38.3,6.64,0,0,None,LOW,0,"Routine milking, clean dry udder cloth, post-milking dip (0.5% povidone iodine).",No medication needed. Maintain clean bedding and nutrition.
COW-3100,Sita,Tharparkar,8.4,3,113,14.5,14.5,0.0,4.83,4.68,4.81,4.93,4.93,0.25,142705,38.2,6.56,0,0,None,LOW,0,"Routine milking, clean dry udder cloth, post-milking dip (0.5% povidone iodine).",No medication needed. Maintain clean bedding and nutrition.
COW-3101,Devi,Murrah Buffalo,8.9,1,51,14.6,14.4,1.5,4.85,4.8,4.76,4.72,4.85,0.13,171178,38.4,6.51,0,0,None,LOW,0,"Routine milking, clean dry udder cloth, post-milking dip (0.5% povidone iodine).",No medication needed. Maintain clean bedding and nutrition.
COW-3102,Bhavani,Tharparkar,4.8,4,166,14.2,14.2,0.0,4.92,4.88,4.99,4.97,4.99,0.11,107594,38.8,6.54,0,0,None,LOW,0,"Routine milking, clean dry udder cloth, post-milking dip (0.5% povidone iodine).",No medication needed. Maintain clean bedding and nutrition.
COW-3103,Meera,Rathi,5.4,4,78,12.1,12.1,0.0,4.98,4.93,5.0,5.08,5.08,0.15,54648,38.5,6.55,0,0,None,LOW,0,"Routine milking, clean dry udder cloth, post-milking dip (0.5% povidone iodine).",No medication needed. Maintain clean bedding and nutrition.
COW-3104,Bhavani,Tharparkar,7.6,2,234,14.2,13.7,3.5,4.68,4.54,4.64,4.51,4.68,0.17,171622,38.6,6.58,0,0,None,LOW,0,"Routine milking, clean dry udder cloth, post-milking dip (0.5% povidone iodine).",No medication needed. Maintain clean bedding and nutrition.
COW-3105,Devi,Murrah Buffalo,8.5,5,248,15.1,14.7,2.7,5.05,5.08,5.04,5.06,5.08,0.04,153188,38.3,6.52,0,0,None,LOW,0,"Routine milking, clean dry udder cloth, post-milking dip (0.5% povidone iodine).",No medication needed. Maintain clean bedding and nutrition.
COW-3106,Tulsi,Red Sindhi,4.7,5,34,15.0,12.6,15.7,6.41,5.21,5.13,5.12,6.41,1.29,347745,38.8,6.75,1,0,LF,MEDIUM,8278,Subclinical warning in LF quarter. Apply ICAR herbal paste 3x daily for 5 days. Strip affected quarter completely.,ICAR Formulation: 250g Aloe Vera + 50g Pure Turmeric + 15g Edible Lime (Chuna) ground into paste.
COW-3107,Lakshmi,HF Cross,2.8,3,16,22.8,22.0,3.7,4.63,4.69,4.65,4.61,4.69,0.08,151278,38.3,6.57,0,0,None,LOW,0,"Routine milking, clean dry udder cloth, post-milking dip (0.5% povidone iodine).",No medication needed. Maintain clean bedding and nutrition.
COW-3108,Surabhi,HF Cross,8.0,6,82,19.0,18.4,3.0,4.45,4.57,4.62,4.46,4.62,0.17,106870,38.2,6.52,0,0,None,LOW,0,"Routine milking, clean dry udder cloth, post-milking dip (0.5% povidone iodine).",No medication needed. Maintain clean bedding and nutrition.
COW-3109,Bhavani,Gir,7.5,3,42,19.5,16.8,13.7,4.82,6.32,5.01,4.84,6.32,1.5,337831,38.8,6.78,0,1,RF,MEDIUM,7301,Subclinical warning in RF quarter. Apply ICAR herbal paste 3x daily for 5 days. Strip affected quarter completely.,ICAR Formulation: 250g Aloe Vera + 50g Pure Turmeric + 15g Edible Lime (Chuna) ground into paste.
COW-3110,Kalyani,Murrah Buffalo,5.4,1,17,15.8,15.7,0.4,4.61,4.49,4.72,4.61,4.72,0.23,146987,38.3,6.6,0,0,None,LOW,0,"Routine milking, clean dry udder cloth, post-milking dip (0.5% povidone iodine).",No medication needed. Maintain clean bedding and nutrition.
COW-3111,Tulsi,Murrah Buffalo,5.6,3,95,12.9,12.7,1.4,4.73,4.72,4.72,4.68,4.73,0.05,98581,38.4,6.56,0,0,None,LOW,0,"Routine milking, clean dry udder cloth, post-milking dip (0.5% povidone iodine).",No medication needed. Maintain clean bedding and nutrition.
COW-3112,Gauri,Tharparkar,8.9,4,256,14.8,14.7,0.9,4.82,4.57,4.61,4.69,4.82,0.25,138240,38.2,6.53,0,0,None,LOW,0,"Routine milking, clean dry udder cloth, post-milking dip (0.5% povidone iodine).",No medication needed. Maintain clean bedding and nutrition.
COW-3113,Devi,Sahiwal,7.7,4,132,16.4,15.8,3.7,4.82,4.95,4.95,4.99,4.99,0.17,182677,38.3,6.59,0,0,None,LOW,0,"Routine milking, clean dry udder cloth, post-milking dip (0.5% povidone iodine).",No medication needed. Maintain clean bedding and nutrition.
COW-3114,Gauri,Gir,5.5,4,220,14.4,11.8,17.9,4.84,4.85,6.37,4.91,6.37,1.53,228092,38.9,6.76,0,1,LH,MEDIUM,8124,Subclinical warning in LH quarter. Apply ICAR herbal paste 3x daily for 5 days. Strip affected quarter completely.,ICAR Formulation: 250g Aloe Vera + 50g Pure Turmeric + 15g Edible Lime (Chuna) ground into paste.
COW-3115,Gauri,Sahiwal,3.4,5,264,17.6,15.4,12.4,6.49,5.03,5.18,5.2,6.49,1.46,284675,38.6,6.76,0,1,LF,MEDIUM,7043,Subclinical warning in LF quarter. Apply ICAR herbal paste 3x daily for 5 days. Strip affected quarter completely.,ICAR Formulation: 250g Aloe Vera + 50g Pure Turmeric + 15g Edible Lime (Chuna) ground into paste.
COW-3116,Lakshmi,Murrah Buffalo,4.7,2,105,16.7,14.0,16.1,4.97,6.95,4.94,4.88,6.95,2.07,480000,39.0,6.91,0,0,RF,MEDIUM,7175,Subclinical warning in RF quarter. Apply ICAR herbal paste 3x daily for 5 days. Strip affected quarter completely.,ICAR Formulation: 250g Aloe Vera + 50g Pure Turmeric + 15g Edible Lime (Chuna) ground into paste.
COW-3117,Devi,Tharparkar,4.1,3,139,13.8,11.6,15.7,4.87,6.22,4.61,4.63,6.22,1.61,354439,38.5,6.85,1,0,RF,MEDIUM,8292,Subclinical warning in RF quarter. Apply ICAR herbal paste 3x daily for 5 days. Strip affected quarter completely.,ICAR Formulation: 250g Aloe Vera + 50g Pure Turmeric + 15g Edible Lime (Chuna) ground into paste.
COW-3118,Sita,Rathi,5.1,6,246,10.9,10.6,2.6,4.66,4.58,4.57,4.63,4.66,0.09,167552,38.3,6.64,0,0,None,LOW,0,"Routine milking, clean dry udder cloth, post-milking dip (0.5% povidone iodine).",No medication needed. Maintain clean bedding and nutrition.
COW-3119,Ganga,Murrah Buffalo,3.2,1,261,16.3,16.1,1.0,4.72,4.71,4.81,4.85,4.85,0.14,194821,38.4,6.51,0,0,None,LOW,0,"Routine milking, clean dry udder cloth, post-milking dip (0.5% povidone iodine).",No medication needed. Maintain clean bedding and nutrition.
COW-3120,Radha,HF Cross,9.5,1,151,19.2,10.5,45.5,8.12,7.79,7.59,7.91,8.12,0.53,1702449,39.6,7.05,2,2,Both Front,HIGH,32185,Urgent: Acute clinical mastitis! Isolate animal immediately. Call government veterinary officer (1962). Administer prescribed veterinary therapy.,Immediate veterinary antibiotic injection + anti-inflammatory + frequent cold water fanning and stripping.
COW-3121,Ganga,Murrah Buffalo,4.1,1,260,16.6,16.1,2.9,4.48,4.7,4.7,4.51,4.7,0.22,133128,38.4,6.58,0,0,None,LOW,0,"Routine milking, clean dry udder cloth, post-milking dip (0.5% povidone iodine).",No medication needed. Maintain clean bedding and nutrition.
COW-3122,Lakshmi,Murrah Buffalo,7.5,2,170,15.7,15.7,0.0,4.83,5.02,4.95,4.91,5.02,0.19,110660,38.2,6.7,0,0,None,LOW,0,"Routine milking, clean dry udder cloth, post-milking dip (0.5% povidone iodine).",No medication needed. Maintain clean bedding and nutrition.
COW-3123,Kapila,Red Sindhi,7.8,3,266,15.7,7.9,49.7,7.2,7.64,7.44,7.14,7.64,0.5,829337,40.6,7.19,2,1,RH,HIGH,33135,Urgent: Acute clinical mastitis! Isolate animal immediately. Call government veterinary officer (1962). Administer prescribed veterinary therapy.,Immediate veterinary antibiotic injection + anti-inflammatory + frequent cold water fanning and stripping.
COW-3124,Kalyani,Red Sindhi,5.5,6,222,10.8,5.3,51.1,7.86,7.76,8.11,7.8,8.11,0.35,1177813,40.4,7.41,2,1,Both Front,HIGH,33562,Urgent: Acute clinical mastitis! Isolate animal immediately. Call government veterinary officer (1962). Administer prescribed veterinary therapy.,Immediate veterinary antibiotic injection + anti-inflammatory + frequent cold water fanning and stripping.
COW-3125,Kapila,Tharparkar,9.1,3,33,11.7,11.4,2.6,4.91,4.86,4.82,4.91,4.91,0.09,118328,38.8,6.45,0,0,None,LOW,0,"Routine milking, clean dry udder cloth, post-milking dip (0.5% povidone iodine).",No medication needed. Maintain clean bedding and nutrition.
COW-3126,Sita,Tharparkar,5.7,1,168,11.1,11.0,0.5,4.94,5.21,4.94,5.16,5.21,0.27,100616,38.8,6.59,0,0,None,LOW,0,"Routine milking, clean dry udder cloth, post-milking dip (0.5% povidone iodine).",No medication needed. Maintain clean bedding and nutrition.
COW-3127,Lakshmi,Gir,2.8,3,225,18.4,16.5,10.5,5.0,6.79,5.0,4.88,6.79,1.91,366398,39.0,6.87,1,0,RF,MEDIUM,5965,Subclinical warning in RF quarter. Apply ICAR herbal paste 3x daily for 5 days. Strip affected quarter completely.,ICAR Formulation: 250g Aloe Vera + 50g Pure Turmeric + 15g Edible Lime (Chuna) ground into paste.
COW-3128,Meera,Rathi,6.2,4,272,12.8,12.6,1.4,4.72,4.77,4.84,4.84,4.84,0.12,93960,38.4,6.58,0,0,None,LOW,0,"Routine milking, clean dry udder cloth, post-milking dip (0.5% povidone iodine).",No medication needed. Maintain clean bedding and nutrition.
COW-3129,Lakshmi,Murrah Buffalo,6.9,6,207,14.0,13.8,1.1,4.91,4.8,4.74,4.69,4.91,0.22,156241,38.2,6.6,0,0,None,LOW,0,"Routine milking, clean dry udder cloth, post-milking dip (0.5% povidone iodine).",No medication needed. Maintain clean bedding and nutrition.
COW-3130,Kapila,Sahiwal,7.5,2,12,18.3,9.6,47.4,8.11,7.72,7.64,7.66,8.11,0.47,906524,39.9,7.22,2,2,LF,HIGH,36332,Urgent: Acute clinical mastitis! Isolate animal immediately. Call government veterinary officer (1962). Administer prescribed veterinary therapy.,Immediate veterinary antibiotic injection + anti-inflammatory + frequent cold water fanning and stripping.
COW-3131,Lakshmi,Tharparkar,6.1,6,26,15.8,15.4,2.3,4.99,5.1,4.97,4.99,5.1,0.13,50000,38.4,6.53,0,0,None,LOW,0,"Routine milking, clean dry udder cloth, post-milking dip (0.5% povidone iodine).",No medication needed. Maintain clean bedding and nutrition.
COW-3132,Gauri,Rathi,5.1,6,142,12.1,11.7,3.0,4.8,4.95,4.76,4.82,4.95,0.19,101806,38.5,6.67,0,0,None,LOW,0,"Routine milking, clean dry udder cloth, post-milking dip (0.5% povidone iodine).",No medication needed. Maintain clean bedding and nutrition.
COW-3133,Sita,Gir,9.1,4,281,17.1,16.9,1.1,4.83,4.67,4.72,4.6,4.83,0.23,161579,38.4,6.61,0,0,None,LOW,0,"Routine milking, clean dry udder cloth, post-milking dip (0.5% povidone iodine).",No medication needed. Maintain clean bedding and nutrition.
COW-3134,Surabhi,Murrah Buffalo,5.0,1,191,16.0,13.6,15.3,4.74,4.93,4.68,6.63,6.63,1.95,306273,38.9,6.77,0,0,RH,MEDIUM,8329,Subclinical warning in RH quarter. Apply ICAR herbal paste 3x daily for 5 days. Strip affected quarter completely.,ICAR Formulation: 250g Aloe Vera + 50g Pure Turmeric + 15g Edible Lime (Chuna) ground into paste.
COW-3135,Lakshmi,Sahiwal,4.9,3,231,16.0,13.5,15.9,5.15,6.38,5.01,5.14,6.38,1.37,424510,38.8,6.87,1,0,RF,MEDIUM,8277,Subclinical warning in RF quarter. Apply ICAR herbal paste 3x daily for 5 days. Strip affected quarter completely.,ICAR Formulation: 250g Aloe Vera + 50g Pure Turmeric + 15g Edible Lime (Chuna) ground into paste.
COW-3136,Bhavani,Sahiwal,8.4,1,202,15.7,15.4,2.2,4.7,4.49,4.64,4.48,4.7,0.22,180946,38.7,6.5,0,0,None,LOW,0,"Routine milking, clean dry udder cloth, post-milking dip (0.5% povidone iodine).",No medication needed. Maintain clean bedding and nutrition.
COW-3137,Nandini,Red Sindhi,4.5,3,24,13.9,5.5,60.5,7.4,7.98,7.81,7.78,7.98,0.58,1497751,40.6,7.08,2,1,LH,HIGH,47556,Urgent: Acute clinical mastitis! Isolate animal immediately. Call government veterinary officer (1962). Administer prescribed veterinary therapy.,Immediate veterinary antibiotic injection + anti-inflammatory + frequent cold water fanning and stripping.
COW-3138,Kalyani,Tharparkar,5.3,4,133,13.1,13.0,1.1,4.57,4.6,4.6,4.77,4.77,0.2,107003,38.7,6.53,0,0,None,LOW,0,"Routine milking, clean dry udder cloth, post-milking dip (0.5% povidone iodine).",No medication needed. Maintain clean bedding and nutrition.
COW-3139,Radha,Sahiwal,6.2,6,42,14.2,14.2,0.2,4.62,4.71,4.71,4.59,4.71,0.12,185155,38.5,6.54,0,0,None,LOW,0,"Routine milking, clean dry udder cloth, post-milking dip (0.5% povidone iodine).",No medication needed. Maintain clean bedding and nutrition.
COW-3140,Lakshmi,Tharparkar,7.3,6,154,10.6,4.5,57.9,8.37,8.72,8.37,8.36,8.72,0.36,1316451,39.7,7.21,2,2,Both Hind,HIGH,40139,Urgent: Acute clinical mastitis! Isolate animal immediately. Call government veterinary officer (1962). Administer prescribed veterinary therapy.,Immediate veterinary antibiotic injection + anti-inflammatory + frequent cold water fanning and stripping.
COW-3141,Nandini,Gir,6.2,4,92,14.9,14.8,0.4,5.01,4.83,4.87,4.89,5.01,0.18,141663,38.8,6.62,0,0,None,LOW,0,"Routine milking, clean dry udder cloth, post-milking dip (0.5% povidone iodine).",No medication needed. Maintain clean bedding and nutrition.
COW-3142,Ganga,Sahiwal,8.8,3,31,16.2,13.2,18.8,5.27,5.01,5.08,6.85,6.85,1.84,402489,38.7,6.72,1,0,RH,MEDIUM,9970,Subclinical warning in RH quarter. Apply ICAR herbal paste 3x daily for 5 days. Strip affected quarter completely.,ICAR Formulation: 250g Aloe Vera + 50g Pure Turmeric + 15g Edible Lime (Chuna) ground into paste.
COW-3143,Yamuna,Red Sindhi,6.9,5,18,12.0,11.8,1.5,4.82,4.85,4.86,4.67,4.86,0.19,123978,38.8,6.59,0,0,None,LOW,0,"Routine milking, clean dry udder cloth, post-milking dip (0.5% povidone iodine).",No medication needed. Maintain clean bedding and nutrition.
COW-3144,Ganga,Tharparkar,6.2,3,153,12.9,10.4,19.7,5.07,5.05,5.09,7.13,7.13,2.08,434604,38.5,6.72,1,1,RH,MEDIUM,9015,Subclinical warning in RH quarter. Apply ICAR herbal paste 3x daily for 5 days. Strip affected quarter completely.,ICAR Formulation: 250g Aloe Vera + 50g Pure Turmeric + 15g Edible Lime (Chuna) ground into paste.
COW-3145,Ganga,Gir,3.5,3,88,15.5,14.9,3.8,4.8,4.66,4.72,4.72,4.8,0.14,73445,38.6,6.59,0,0,None,LOW,0,"Routine milking, clean dry udder cloth, post-milking dip (0.5% povidone iodine).",No medication needed. Maintain clean bedding and nutrition.
COW-3146,Radha,Murrah Buffalo,2.8,1,68,17.5,17.2,1.7,4.65,4.63,4.69,4.72,4.72,0.09,138521,38.4,6.58,0,0,None,LOW,0,"Routine milking, clean dry udder cloth, post-milking dip (0.5% povidone iodine).",No medication needed. Maintain clean bedding and nutrition.
COW-3147,Bhavani,Gir,6.7,2,221,14.0,13.7,1.8,4.79,4.74,4.77,4.68,4.79,0.11,71488,38.9,6.61,0,0,None,LOW,0,"Routine milking, clean dry udder cloth, post-milking dip (0.5% povidone iodine).",No medication needed. Maintain clean bedding and nutrition.
COW-3148,Tulsi,Gir,8.3,5,76,18.4,15.1,18.0,5.23,5.07,5.12,6.94,6.94,1.87,363061,39.0,6.81,0,1,RH,MEDIUM,7929,Subclinical warning in RH quarter. Apply ICAR herbal paste 3x daily for 5 days. Strip affected quarter completely.,ICAR Formulation: 250g Aloe Vera + 50g Pure Turmeric + 15g Edible Lime (Chuna) ground into paste.
COW-3149,Lakshmi,Sahiwal,4.3,3,59,15.2,15.2,0.3,4.7,4.71,4.58,4.44,4.71,0.27,107906,38.6,6.6,0,0,None,LOW,0,"Routine milking, clean dry udder cloth, post-milking dip (0.5% povidone iodine).",No medication needed. Maintain clean bedding and nutrition.
COW-3150,Lakshmi,Murrah Buffalo,9.0,6,130,12.9,10.7,16.9,5.19,5.08,5.12,6.75,6.75,1.67,419332,38.9,6.88,1,0,RH,MEDIUM,9067,Subclinical warning in RH quarter. Apply ICAR herbal paste 3x daily for 5 days. Strip affected quarter completely.,ICAR Formulation: 250g Aloe Vera + 50g Pure Turmeric + 15g Edible Lime (Chuna) ground into paste.
COW-3151,Devi,Tharparkar,5.7,3,269,12.8,12.5,2.7,4.39,4.61,4.47,4.64,4.64,0.25,178717,38.5,6.6,0,0,None,LOW,0,"Routine milking, clean dry udder cloth, post-milking dip (0.5% povidone iodine).",No medication needed. Maintain clean bedding and nutrition.
COW-3152,Radha,Murrah Buffalo,5.8,2,246,14.0,3.5,74.8,6.77,7.17,6.75,6.87,7.17,0.42,946298,40.2,7.27,2,2,Both Hind,HIGH,49750,Urgent: Acute clinical mastitis! Isolate animal immediately. Call government veterinary officer (1962). Administer prescribed veterinary therapy.,Immediate veterinary antibiotic injection + anti-inflammatory + frequent cold water fanning and stripping.
COW-3153,Radha,Rathi,6.9,5,280,12.7,11.2,12.2,4.71,6.31,4.9,4.97,6.31,1.6,253075,39.3,6.72,1,1,RF,MEDIUM,5915,Subclinical warning in RF quarter. Apply ICAR herbal paste 3x daily for 5 days. Strip affected quarter completely.,ICAR Formulation: 250g Aloe Vera + 50g Pure Turmeric + 15g Edible Lime (Chuna) ground into paste.
COW-3154,Lakshmi,Red Sindhi,5.2,2,97,12.6,11.0,12.9,4.69,4.86,6.96,4.81,6.96,2.27,229132,39.1,6.88,0,0,LH,MEDIUM,6069,Subclinical warning in LH quarter. Apply ICAR herbal paste 3x daily for 5 days. Strip affected quarter completely.,ICAR Formulation: 250g Aloe Vera + 50g Pure Turmeric + 15g Edible Lime (Chuna) ground into paste.
COW-3155,Yamuna,Rathi,5.3,3,163,12.4,12.2,1.5,4.66,4.66,4.63,4.56,4.66,0.1,94091,38.6,6.67,0,0,None,LOW,0,"Routine milking, clean dry udder cloth, post-milking dip (0.5% povidone iodine).",No medication needed. Maintain clean bedding and nutrition.
COW-3156,Kapila,Murrah Buffalo,9.2,4,249,15.6,6.5,58.1,8.13,8.24,8.1,8.06,8.24,0.18,2109588,39.6,7.35,2,2,RH,HIGH,37248,Urgent: Acute clinical mastitis! Isolate animal immediately. Call government veterinary officer (1962). Administer prescribed veterinary therapy.,Immediate veterinary antibiotic injection + anti-inflammatory + frequent cold water fanning and stripping.
COW-3157,Devi,HF Cross,4.2,1,24,25.9,7.7,70.2,7.8,7.84,8.09,8.37,8.37,0.57,1608284,40.6,7.22,2,2,RH,HIGH,48231,Urgent: Acute clinical mastitis! Isolate animal immediately. Call government veterinary officer (1962). Administer prescribed veterinary therapy.,Immediate veterinary antibiotic injection + anti-inflammatory + frequent cold water fanning and stripping.
COW-3158,Sita,Murrah Buffalo,6.7,2,30,14.7,14.3,2.4,4.93,4.94,5.12,5.04,5.12,0.19,119834,38.6,6.63,0,0,None,LOW,0,"Routine milking, clean dry udder cloth, post-milking dip (0.5% povidone iodine).",No medication needed. Maintain clean bedding and nutrition.
COW-3159,Lakshmi,Gir,4.4,1,99,19.5,19.5,0.1,4.81,4.77,4.63,4.7,4.81,0.18,166402,38.3,6.57,0,0,None,LOW,0,"Routine milking, clean dry udder cloth, post-milking dip (0.5% povidone iodine).",No medication needed. Maintain clean bedding and nutrition.
COW-3160,Kapila,Murrah Buffalo,4.1,2,277,13.8,13.1,5.4,4.8,4.7,4.88,4.66,4.88,0.22,116486,38.7,6.59,0,0,None,LOW,0,"Routine milking, clean dry udder cloth, post-milking dip (0.5% povidone iodine).",No medication needed. Maintain clean bedding and nutrition.
COW-3161,Kamdhenu,Tharparkar,7.9,1,120,14.4,14.3,0.5,5.16,5.12,4.99,5.1,5.16,0.17,136769,38.5,6.59,0,0,None,LOW,0,"Routine milking, clean dry udder cloth, post-milking dip (0.5% povidone iodine).",No medication needed. Maintain clean bedding and nutrition.
COW-3162,Sita,Rathi,3.8,6,218,15.9,15.9,0.3,4.62,4.8,4.72,4.83,4.83,0.21,127975,38.7,6.59,0,0,None,LOW,0,"Routine milking, clean dry udder cloth, post-milking dip (0.5% povidone iodine).",No medication needed. Maintain clean bedding and nutrition.
COW-3163,Meera,Gir,9.5,2,167,18.6,15.5,16.7,4.84,6.78,4.97,4.75,6.78,2.03,255244,38.7,6.83,1,1,RF,MEDIUM,9101,Subclinical warning in RF quarter. Apply ICAR herbal paste 3x daily for 5 days. Strip affected quarter completely.,ICAR Formulation: 250g Aloe Vera + 50g Pure Turmeric + 15g Edible Lime (Chuna) ground into paste.
COW-3164,Nandini,HF Cross,4.2,5,90,24.9,20.7,16.9,5.03,4.9,4.85,6.42,6.42,1.57,403551,38.5,6.79,0,1,RH,MEDIUM,9293,Subclinical warning in RH quarter. Apply ICAR herbal paste 3x daily for 5 days. Strip affected quarter completely.,ICAR Formulation: 250g Aloe Vera + 50g Pure Turmeric + 15g Edible Lime (Chuna) ground into paste.
COW-3165,Sita,Tharparkar,5.6,1,232,10.0,9.9,0.5,4.88,4.8,4.83,4.92,4.92,0.12,135050,38.2,6.53,0,0,None,LOW,0,"Routine milking, clean dry udder cloth, post-milking dip (0.5% povidone iodine).",No medication needed. Maintain clean bedding and nutrition.
COW-3166,Kamdhenu,HF Cross,3.4,2,185,18.2,14.9,18.3,5.13,6.96,5.11,5.08,6.96,1.88,264282,38.8,6.81,1,0,RF,MEDIUM,8113,Subclinical warning in RF quarter. Apply ICAR herbal paste 3x daily for 5 days. Strip affected quarter completely.,ICAR Formulation: 250g Aloe Vera + 50g Pure Turmeric + 15g Edible Lime (Chuna) ground into paste.
COW-3167,Radha,HF Cross,9.3,6,179,20.9,20.1,4.0,5.05,4.95,5.07,5.02,5.07,0.12,110564,38.6,6.68,0,0,None,LOW,0,"Routine milking, clean dry udder cloth, post-milking dip (0.5% povidone iodine).",No medication needed. Maintain clean bedding and nutrition.
COW-3168,Kalyani,Gir,7.6,4,215,19.7,19.4,1.7,4.54,4.62,4.7,4.46,4.7,0.24,62702,38.6,6.57,0,0,None,LOW,0,"Routine milking, clean dry udder cloth, post-milking dip (0.5% povidone iodine).",No medication needed. Maintain clean bedding and nutrition.
COW-3169,Lakshmi,Rathi,9.0,4,39,10.0,8.3,17.0,6.3,4.91,4.98,4.91,6.3,1.39,292120,38.8,6.83,0,1,LF,MEDIUM,9063,Subclinical warning in LF quarter. Apply ICAR herbal paste 3x daily for 5 days. Strip affected quarter completely.,ICAR Formulation: 250g Aloe Vera + 50g Pure Turmeric + 15g Edible Lime (Chuna) ground into paste.
COW-3170,Radha,Red Sindhi,7.7,6,275,10.5,4.3,58.6,6.61,6.54,6.29,6.66,6.66,0.37,997366,39.8,7.18,2,2,RF,HIGH,43451,Urgent: Acute clinical mastitis! Isolate animal immediately. Call government veterinary officer (1962). Administer prescribed veterinary therapy.,Immediate veterinary antibiotic injection + anti-inflammatory + frequent cold water fanning and stripping.
COW-3171,Kalyani,Rathi,6.9,6,219,12.9,12.8,0.8,4.93,4.99,4.99,4.95,4.99,0.06,138199,38.6,6.63,0,0,None,LOW,0,"Routine milking, clean dry udder cloth, post-milking dip (0.5% povidone iodine).",No medication needed. Maintain clean bedding and nutrition.
COW-3172,Gauri,Tharparkar,9.1,2,223,15.1,6.3,58.6,7.69,7.73,8.24,8.11,8.24,0.55,1299345,40.6,7.42,2,1,LH,HIGH,39588,Urgent: Acute clinical mastitis! Isolate animal immediately. Call government veterinary officer (1962). Administer prescribed veterinary therapy.,Immediate veterinary antibiotic injection + anti-inflammatory + frequent cold water fanning and stripping.
COW-3173,Lakshmi,Tharparkar,4.0,1,281,14.4,14.4,0.0,4.67,4.54,4.71,4.81,4.81,0.27,127940,38.5,6.59,0,0,None,LOW,0,"Routine milking, clean dry udder cloth, post-milking dip (0.5% povidone iodine).",No medication needed. Maintain clean bedding and nutrition.
COW-3174,Meera,Red Sindhi,2.7,2,223,11.6,11.5,1.1,4.91,4.85,4.78,5.0,5.0,0.22,123223,38.6,6.62,0,0,None,LOW,0,"Routine milking, clean dry udder cloth, post-milking dip (0.5% povidone iodine).",No medication needed. Maintain clean bedding and nutrition.
COW-3175,Sita,Rathi,3.0,4,234,11.6,10.0,14.1,4.84,6.19,4.83,4.73,6.19,1.46,335240,38.6,6.88,0,1,RF,MEDIUM,8083,Subclinical warning in RF quarter. Apply ICAR herbal paste 3x daily for 5 days. Strip affected quarter completely.,ICAR Formulation: 250g Aloe Vera + 50g Pure Turmeric + 15g Edible Lime (Chuna) ground into paste.
COW-3176,Kapila,Gir,3.7,5,135,16.8,16.6,1.4,5.03,5.11,4.91,4.91,5.11,0.2,127276,38.4,6.56,0,0,None,LOW,0,"Routine milking, clean dry udder cloth, post-milking dip (0.5% povidone iodine).",No medication needed. Maintain clean bedding and nutrition.
COW-3177,Ganga,Rathi,5.4,3,144,11.8,11.3,3.9,4.88,5.08,5.0,5.04,5.08,0.2,114324,38.6,6.56,0,0,None,LOW,0,"Routine milking, clean dry udder cloth, post-milking dip (0.5% povidone iodine).",No medication needed. Maintain clean bedding and nutrition.
COW-3178,Tulsi,Rathi,5.5,1,71,10.4,8.8,15.7,4.79,6.57,4.87,4.67,6.57,1.9,422564,38.6,6.83,1,1,RF,MEDIUM,8433,Subclinical warning in RF quarter. Apply ICAR herbal paste 3x daily for 5 days. Strip affected quarter completely.,ICAR Formulation: 250g Aloe Vera + 50g Pure Turmeric + 15g Edible Lime (Chuna) ground into paste.
COW-3179,Nandini,Rathi,7.2,6,40,14.6,4.0,72.3,8.45,8.3,8.53,8.01,8.53,0.52,972270,40.1,7.55,2,1,Both Front,HIGH,46639,Urgent: Acute clinical mastitis! Isolate animal immediately. Call government veterinary officer (1962). Administer prescribed veterinary therapy.,Immediate veterinary antibiotic injection + anti-inflammatory + frequent cold water fanning and stripping.
COW-3180,Lakshmi,HF Cross,7.6,4,132,21.7,21.7,0.0,4.67,4.58,4.67,4.52,4.67,0.15,119235,38.6,6.61,0,0,None,LOW,0,"Routine milking, clean dry udder cloth, post-milking dip (0.5% povidone iodine).",No medication needed. Maintain clean bedding and nutrition.
COW-3181,Meera,Murrah Buffalo,6.1,1,286,16.8,16.8,0.0,4.74,4.72,4.83,4.68,4.83,0.15,100071,38.3,6.53,0,0,None,LOW,0,"Routine milking, clean dry udder cloth, post-milking dip (0.5% povidone iodine).",No medication needed. Maintain clean bedding and nutrition.
COW-3182,Meera,HF Cross,5.7,5,112,22.8,22.8,0.0,4.82,4.87,4.66,4.93,4.93,0.27,149060,38.9,6.59,0,0,None,LOW,0,"Routine milking, clean dry udder cloth, post-milking dip (0.5% povidone iodine).",No medication needed. Maintain clean bedding and nutrition.
COW-3183,Kalyani,Sahiwal,4.3,4,149,18.1,17.6,2.8,4.7,4.76,4.91,4.64,4.91,0.27,107502,38.4,6.52,0,0,None,LOW,0,"Routine milking, clean dry udder cloth, post-milking dip (0.5% povidone iodine).",No medication needed. Maintain clean bedding and nutrition.
COW-3184,Tulsi,Rathi,5.5,3,213,15.7,15.1,3.8,4.64,4.72,4.78,4.83,4.83,0.19,158359,38.3,6.62,0,0,None,LOW,0,"Routine milking, clean dry udder cloth, post-milking dip (0.5% povidone iodine).",No medication needed. Maintain clean bedding and nutrition.
COW-3185,Ganga,Sahiwal,4.0,1,290,14.3,13.5,5.7,4.72,4.65,4.54,4.79,4.79,0.25,195000,38.9,6.53,0,0,None,LOW,0,"Routine milking, clean dry udder cloth, post-milking dip (0.5% povidone iodine).",No medication needed. Maintain clean bedding and nutrition.
COW-3186,Gauri,Murrah Buffalo,9.5,5,83,15.1,15.0,0.6,5.15,5.14,4.91,5.04,5.15,0.24,117602,38.4,6.6,0,0,None,LOW,0,"Routine milking, clean dry udder cloth, post-milking dip (0.5% povidone iodine).",No medication needed. Maintain clean bedding and nutrition.
COW-3187,Tulsi,Rathi,6.2,1,99,13.8,13.3,3.4,4.71,4.88,4.77,4.65,4.88,0.23,143966,38.2,6.57,0,0,None,LOW,0,"Routine milking, clean dry udder cloth, post-milking dip (0.5% povidone iodine).",No medication needed. Maintain clean bedding and nutrition.
COW-3188,Lakshmi,Tharparkar,3.4,1,241,15.1,14.6,3.3,4.57,4.68,4.45,4.64,4.68,0.23,128002,38.5,6.61,0,0,None,LOW,0,"Routine milking, clean dry udder cloth, post-milking dip (0.5% povidone iodine).",No medication needed. Maintain clean bedding and nutrition.
COW-3189,Ganga,Tharparkar,6.8,4,119,13.8,13.6,1.7,4.66,4.54,4.54,4.65,4.66,0.12,72067,38.6,6.56,0,0,None,LOW,0,"Routine milking, clean dry udder cloth, post-milking dip (0.5% povidone iodine).",No medication needed. Maintain clean bedding and nutrition.
COW-3190,Lakshmi,Gir,9.2,1,28,17.1,15.4,10.1,4.94,5.17,6.46,4.92,6.46,1.54,394196,38.5,6.74,1,0,LH,MEDIUM,5299,Subclinical warning in LH quarter. Apply ICAR herbal paste 3x daily for 5 days. Strip affected quarter completely.,ICAR Formulation: 250g Aloe Vera + 50g Pure Turmeric + 15g Edible Lime (Chuna) ground into paste.
COW-3191,Meera,Murrah Buffalo,2.8,6,282,13.4,10.8,19.7,5.09,6.69,5.08,4.94,6.69,1.75,210000,38.7,6.93,0,1,RF,MEDIUM,9966,Subclinical warning in RF quarter. Apply ICAR herbal paste 3x daily for 5 days. Strip affected quarter completely.,ICAR Formulation: 250g Aloe Vera + 50g Pure Turmeric + 15g Edible Lime (Chuna) ground into paste.
COW-3192,Sita,Sahiwal,8.4,5,27,19.2,19.2,0.0,4.72,4.64,4.85,4.83,4.85,0.21,125779,38.2,6.55,0,0,None,LOW,0,"Routine milking, clean dry udder cloth, post-milking dip (0.5% povidone iodine).",No medication needed. Maintain clean bedding and nutrition.
COW-3193,Sita,Tharparkar,8.4,4,168,10.1,9.8,3.2,4.46,4.62,4.37,4.36,4.62,0.26,90618,38.6,6.51,0,0,None,LOW,0,"Routine milking, clean dry udder cloth, post-milking dip (0.5% povidone iodine).",No medication needed. Maintain clean bedding and nutrition.
COW-3194,Kamdhenu,Tharparkar,5.2,5,249,10.0,8.5,14.9,4.92,4.86,6.14,4.91,6.14,1.28,315021,38.8,6.8,0,1,LH,MEDIUM,8415,Subclinical warning in LH quarter. Apply ICAR herbal paste 3x daily for 5 days. Strip affected quarter completely.,ICAR Formulation: 250g Aloe Vera + 50g Pure Turmeric + 15g Edible Lime (Chuna) ground into paste.
COW-3195,Tulsi,Sahiwal,6.1,5,78,15.8,15.4,2.3,4.6,4.55,4.64,4.48,4.64,0.16,157049,38.7,6.6,0,0,None,LOW,0,"Routine milking, clean dry udder cloth, post-milking dip (0.5% povidone iodine).",No medication needed. Maintain clean bedding and nutrition.
COW-3196,Sita,HF Cross,5.4,6,111,19.0,17.0,10.6,4.95,4.95,6.64,4.97,6.64,1.69,305153,38.9,6.79,0,1,LH,MEDIUM,6536,Subclinical warning in LH quarter. Apply ICAR herbal paste 3x daily for 5 days. Strip affected quarter completely.,ICAR Formulation: 250g Aloe Vera + 50g Pure Turmeric + 15g Edible Lime (Chuna) ground into paste.
COW-3197,Kapila,HF Cross,4.6,3,150,23.9,12.7,46.9,7.41,6.92,7.02,7.33,7.41,0.49,1200781,40.1,7.18,2,2,Both Front,HIGH,32215,Urgent: Acute clinical mastitis! Isolate animal immediately. Call government veterinary officer (1962). Administer prescribed veterinary therapy.,Immediate veterinary antibiotic injection + anti-inflammatory + frequent cold water fanning and stripping.
COW-3198,Bhavani,Gir,3.1,3,93,18.9,18.3,3.3,5.01,4.9,4.97,4.93,5.01,0.11,105881,38.6,6.66,0,0,None,LOW,0,"Routine milking, clean dry udder cloth, post-milking dip (0.5% povidone iodine).",No medication needed. Maintain clean bedding and nutrition.
COW-3199,Ganga,Tharparkar,2.8,1,239,11.7,11.4,2.4,4.94,5.2,5.04,5.2,5.2,0.26,86020,38.8,6.56,0,0,None,LOW,0,"Routine milking, clean dry udder cloth, post-milking dip (0.5% povidone iodine).",No medication needed. Maintain clean bedding and nutrition.
COW-3200,Devi,Red Sindhi,6.1,6,253,10.7,10.7,0.0,4.66,4.64,4.64,4.43,4.66,0.23,98282,38.5,6.6,0,0,None,LOW,0,"Routine milking, clean dry udder cloth, post-milking dip (0.5% povidone iodine).",No medication needed. Maintain clean bedding and nutrition.
COW-3201,Sita,Sahiwal,5.1,6,180,19.8,16.8,15.3,4.9,4.95,6.64,5.02,6.64,1.74,362578,39.1,6.81,0,0,LH,MEDIUM,8248,Subclinical warning in LH quarter. Apply ICAR herbal paste 3x daily for 5 days. Strip affected quarter completely.,ICAR Formulation: 250g Aloe Vera + 50g Pure Turmeric + 15g Edible Lime (Chuna) ground into paste.
COW-3202,Meera,Red Sindhi,5.6,5,126,10.1,10.1,0.0,4.67,4.59,4.81,4.65,4.81,0.22,177605,38.5,6.63,0,0,None,LOW,0,"Routine milking, clean dry udder cloth, post-milking dip (0.5% povidone iodine).",No medication needed. Maintain clean bedding and nutrition.
COW-3203,Kalyani,HF Cross,3.2,4,12,22.4,6.6,70.7,8.48,8.68,8.16,8.59,8.68,0.52,2046572,40.8,7.21,2,1,LH,HIGH,46324,Urgent: Acute clinical mastitis! Isolate animal immediately. Call government veterinary officer (1962). Administer prescribed veterinary therapy.,Immediate veterinary antibiotic injection + anti-inflammatory + frequent cold water fanning and stripping.
COW-3204,Kamdhenu,Red Sindhi,3.9,4,279,13.6,13.3,2.2,4.51,4.44,4.48,4.58,4.58,0.14,60976,38.6,6.49,0,0,None,LOW,0,"Routine milking, clean dry udder cloth, post-milking dip (0.5% povidone iodine).",No medication needed. Maintain clean bedding and nutrition.
COW-3205,Ganga,HF Cross,6.1,5,276,22.7,18.4,18.8,6.99,4.98,5.16,5.12,6.99,2.01,348809,38.6,6.91,1,0,LF,MEDIUM,9035,Subclinical warning in LF quarter. Apply ICAR herbal paste 3x daily for 5 days. Strip affected quarter completely.,ICAR Formulation: 250g Aloe Vera + 50g Pure Turmeric + 15g Edible Lime (Chuna) ground into paste.
COW-3206,Kamdhenu,HF Cross,8.8,3,213,25.5,7.4,70.9,7.03,7.07,7.15,7.03,7.15,0.12,1481951,40.6,7.25,2,1,RF,HIGH,51860,Urgent: Acute clinical mastitis! Isolate animal immediately. Call government veterinary officer (1962). Administer prescribed veterinary therapy.,Immediate veterinary antibiotic injection + anti-inflammatory + frequent cold water fanning and stripping.
COW-3207,Nandini,HF Cross,7.0,5,274,21.2,17.6,16.8,5.23,5.08,7.2,4.95,7.2,2.25,220913,39.0,6.8,0,1,LH,MEDIUM,7865,Subclinical warning in LH quarter. Apply ICAR herbal paste 3x daily for 5 days. Strip affected quarter completely.,ICAR Formulation: 250g Aloe Vera + 50g Pure Turmeric + 15g Edible Lime (Chuna) ground into paste.
COW-3208,Kapila,Rathi,4.5,5,164,14.7,14.5,1.4,4.95,4.84,5.0,4.84,5.0,0.16,81357,38.8,6.7,0,0,None,LOW,0,"Routine milking, clean dry udder cloth, post-milking dip (0.5% povidone iodine).",No medication needed. Maintain clean bedding and nutrition.
COW-3209,Kalyani,Gir,5.7,5,99,18.5,18.4,0.6,5.01,4.82,4.8,4.96,5.01,0.21,195000,38.5,6.56,0,0,None,LOW,0,"Routine milking, clean dry udder cloth, post-milking dip (0.5% povidone iodine).",No medication needed. Maintain clean bedding and nutrition.
COW-3210,Kalyani,Murrah Buffalo,9.5,1,212,12.2,10.1,17.5,4.85,4.95,6.35,4.86,6.35,1.5,434595,38.6,6.88,0,1,LH,MEDIUM,9288,Subclinical warning in LH quarter. Apply ICAR herbal paste 3x daily for 5 days. Strip affected quarter completely.,ICAR Formulation: 250g Aloe Vera + 50g Pure Turmeric + 15g Edible Lime (Chuna) ground into paste.
COW-3211,Sita,HF Cross,8.0,4,198,22.1,21.9,0.9,4.72,4.86,4.75,4.85,4.86,0.14,110429,38.4,6.64,0,0,None,LOW,0,"Routine milking, clean dry udder cloth, post-milking dip (0.5% povidone iodine).",No medication needed. Maintain clean bedding and nutrition.
COW-3212,Bhavani,Rathi,3.0,4,281,11.9,10.6,11.2,5.04,5.18,6.89,5.19,6.89,1.85,291664,39.1,6.95,1,1,LH,MEDIUM,7380,Subclinical warning in LH quarter. Apply ICAR herbal paste 3x daily for 5 days. Strip affected quarter completely.,ICAR Formulation: 250g Aloe Vera + 50g Pure Turmeric + 15g Edible Lime (Chuna) ground into paste.
COW-3213,Surabhi,Gir,8.7,6,110,15.9,15.6,1.6,4.87,4.89,4.84,4.77,4.89,0.12,152564,38.4,6.55,0,0,None,LOW,0,"Routine milking, clean dry udder cloth, post-milking dip (0.5% povidone iodine).",No medication needed. Maintain clean bedding and nutrition.
COW-3214,Meera,Sahiwal,7.5,5,176,15.7,15.4,1.6,4.64,4.64,4.5,4.63,4.64,0.14,141232,38.3,6.62,0,0,None,LOW,0,"Routine milking, clean dry udder cloth, post-milking dip (0.5% povidone iodine).",No medication needed. Maintain clean bedding and nutrition.
COW-3215,Gauri,Red Sindhi,2.8,2,126,10.5,5.1,51.0,8.47,8.29,8.18,8.33,8.47,0.29,600000,39.8,7.17,2,2,RF,HIGH,35447,Urgent: Acute clinical mastitis! Isolate animal immediately. Call government veterinary officer (1962). Administer prescribed veterinary therapy.,Immediate veterinary antibiotic injection + anti-inflammatory + frequent cold water fanning and stripping.
COW-3216,Radha,Rathi,5.7,3,39,11.1,6.5,41.2,7.03,6.91,7.21,6.93,7.21,0.3,1174499,41.0,7.29,2,1,RF,HIGH,34448,Urgent: Acute clinical mastitis! Isolate animal immediately. Call government veterinary officer (1962). Administer prescribed veterinary therapy.,Immediate veterinary antibiotic injection + anti-inflammatory + frequent cold water fanning and stripping.
COW-3217,Nandini,Murrah Buffalo,4.9,4,33,17.5,17.1,2.0,4.41,4.45,4.43,4.67,4.67,0.26,100572,38.5,6.56,0,0,None,LOW,0,"Routine milking, clean dry udder cloth, post-milking dip (0.5% povidone iodine).",No medication needed. Maintain clean bedding and nutrition.
COW-3218,Radha,Red Sindhi,5.0,3,252,14.8,14.2,4.0,4.61,4.52,4.64,4.47,4.64,0.17,150319,38.7,6.58,0,0,None,LOW,0,"Routine milking, clean dry udder cloth, post-milking dip (0.5% povidone iodine).",No medication needed. Maintain clean bedding and nutrition.
COW-3219,Gauri,Sahiwal,5.8,6,19,19.1,18.7,2.0,4.73,4.88,4.66,4.66,4.88,0.22,161780,38.4,6.7,0,0,None,LOW,0,"Routine milking, clean dry udder cloth, post-milking dip (0.5% povidone iodine).",No medication needed. Maintain clean bedding and nutrition.
COW-3220,Yamuna,HF Cross,4.2,6,25,20.9,20.6,1.5,4.81,4.68,4.6,4.68,4.81,0.21,100770,38.8,6.7,0,0,None,LOW,0,"Routine milking, clean dry udder cloth, post-milking dip (0.5% povidone iodine).",No medication needed. Maintain clean bedding and nutrition.
COW-3221,Nandini,Murrah Buffalo,8.2,3,182,12.3,3.9,68.1,7.87,7.91,7.9,7.93,7.93,0.06,1023722,40.1,7.36,2,2,RF,HIGH,45595,Urgent: Acute clinical mastitis! Isolate animal immediately. Call government veterinary officer (1962). Administer prescribed veterinary therapy.,Immediate veterinary antibiotic injection + anti-inflammatory + frequent cold water fanning and stripping.
COW-3222,Meera,HF Cross,3.5,4,110,22.6,18.8,16.8,5.01,4.9,6.48,5.11,6.48,1.58,409449,38.9,6.83,0,1,LH,MEDIUM,9202,Subclinical warning in LH quarter. Apply ICAR herbal paste 3x daily for 5 days. Strip affected quarter completely.,ICAR Formulation: 250g Aloe Vera + 50g Pure Turmeric + 15g Edible Lime (Chuna) ground into paste.
COW-3223,Devi,Rathi,2.6,6,106,10.9,10.8,1.1,4.68,4.58,4.61,4.81,4.81,0.23,182430,38.4,6.64,0,0,None,LOW,0,"Routine milking, clean dry udder cloth, post-milking dip (0.5% povidone iodine).",No medication needed. Maintain clean bedding and nutrition.
COW-3224,Lakshmi,Tharparkar,7.0,4,24,15.5,15.4,0.9,4.59,4.57,4.62,4.81,4.81,0.24,145085,38.5,6.58,0,0,None,LOW,0,"Routine milking, clean dry udder cloth, post-milking dip (0.5% povidone iodine).",No medication needed. Maintain clean bedding and nutrition.
COW-3225,Radha,Murrah Buffalo,6.8,4,235,15.6,5.6,64.0,7.4,7.3,7.08,7.11,7.4,0.32,1670698,39.9,7.14,2,1,LF,HIGH,49636,Urgent: Acute clinical mastitis! Isolate animal immediately. Call government veterinary officer (1962). Administer prescribed veterinary therapy.,Immediate veterinary antibiotic injection + anti-inflammatory + frequent cold water fanning and stripping.
COW-3226,Tulsi,HF Cross,8.5,1,92,22.6,22.4,0.7,4.78,4.74,4.84,4.75,4.84,0.1,195000,38.7,6.45,0,0,None,LOW,0,"Routine milking, clean dry udder cloth, post-milking dip (0.5% povidone iodine).",No medication needed. Maintain clean bedding and nutrition.
COW-3227,Kamdhenu,Sahiwal,3.7,4,33,19.2,8.5,55.9,8.28,8.36,8.24,8.14,8.36,0.22,600000,39.8,7.05,2,1,RF,HIGH,41120,Urgent: Acute clinical mastitis! Isolate animal immediately. Call government veterinary officer (1962). Administer prescribed veterinary therapy.,Immediate veterinary antibiotic injection + anti-inflammatory + frequent cold water fanning and stripping.
COW-3228,Radha,Rathi,6.4,4,289,13.2,13.2,0.0,4.61,4.49,4.57,4.5,4.61,0.12,125205,38.3,6.58,0,0,None,LOW,0,"Routine milking, clean dry udder cloth, post-milking dip (0.5% povidone iodine).",No medication needed. Maintain clean bedding and nutrition.
COW-3229,Tulsi,HF Cross,6.1,6,25,25.7,11.6,54.7,7.39,7.07,7.22,7.29,7.39,0.32,1229019,40.0,7.48,2,2,RF,HIGH,37600,Urgent: Acute clinical mastitis! Isolate animal immediately. Call government veterinary officer (1962). Administer prescribed veterinary therapy.,Immediate veterinary antibiotic injection + anti-inflammatory + frequent cold water fanning and stripping.
COW-3230,Tulsi,Murrah Buffalo,5.9,1,225,16.9,14.5,14.1,5.28,5.13,5.2,7.16,7.16,2.03,418794,39.0,6.79,1,1,RH,MEDIUM,6880,Subclinical warning in RH quarter. Apply ICAR herbal paste 3x daily for 5 days. Strip affected quarter completely.,ICAR Formulation: 250g Aloe Vera + 50g Pure Turmeric + 15g Edible Lime (Chuna) ground into paste.
COW-3231,Kapila,Rathi,5.8,3,252,13.0,5.6,56.7,6.23,6.65,6.59,6.48,6.65,0.42,1894883,39.6,7.05,2,2,LH,HIGH,37216,Urgent: Acute clinical mastitis! Isolate animal immediately. Call government veterinary officer (1962). Administer prescribed veterinary therapy.,Immediate veterinary antibiotic injection + anti-inflammatory + frequent cold water fanning and stripping.
COW-3232,Surabhi,Gir,3.5,5,275,17.0,16.8,1.2,5.07,4.95,5.06,5.14,5.14,0.19,127067,38.9,6.57,0,0,None,LOW,0,"Routine milking, clean dry udder cloth, post-milking dip (0.5% povidone iodine).",No medication needed. Maintain clean bedding and nutrition.
COW-3233,Ganga,Rathi,8.1,2,217,14.1,13.7,2.7,4.85,4.77,4.74,4.84,4.85,0.11,79533,38.7,6.64,0,0,None,LOW,0,"Routine milking, clean dry udder cloth, post-milking dip (0.5% povidone iodine).",No medication needed. Maintain clean bedding and nutrition.
COW-3234,Kalyani,Tharparkar,3.0,5,229,10.2,10.0,1.6,4.94,4.78,4.84,4.99,4.99,0.21,107977,38.4,6.5,0,0,None,LOW,0,"Routine milking, clean dry udder cloth, post-milking dip (0.5% povidone iodine).",No medication needed. Maintain clean bedding and nutrition.
COW-3235,Gauri,Tharparkar,5.1,4,200,13.8,13.7,0.8,4.76,4.74,4.75,4.93,4.93,0.19,92185,38.3,6.55,0,0,None,LOW,0,"Routine milking, clean dry udder cloth, post-milking dip (0.5% povidone iodine).",No medication needed. Maintain clean bedding and nutrition.
COW-3236,Radha,Sahiwal,6.4,3,133,19.9,16.3,18.2,4.71,4.6,6.56,4.62,6.56,1.96,282341,38.9,6.83,0,1,LH,MEDIUM,7875,Subclinical warning in LH quarter. Apply ICAR herbal paste 3x daily for 5 days. Strip affected quarter completely.,ICAR Formulation: 250g Aloe Vera + 50g Pure Turmeric + 15g Edible Lime (Chuna) ground into paste.
COW-3237,Devi,HF Cross,3.3,1,275,24.2,21.6,10.7,5.02,5.04,5.13,7.06,7.06,2.04,299829,38.8,6.74,1,0,RH,MEDIUM,5828,Subclinical warning in RH quarter. Apply ICAR herbal paste 3x daily for 5 days. Strip affected quarter completely.,ICAR Formulation: 250g Aloe Vera + 50g Pure Turmeric + 15g Edible Lime (Chuna) ground into paste.
COW-3238,Meera,Sahiwal,5.5,5,202,18.4,17.8,3.0,4.67,4.9,4.75,4.82,4.9,0.23,133684,38.5,6.49,0,0,None,LOW,0,"Routine milking, clean dry udder cloth, post-milking dip (0.5% povidone iodine).",No medication needed. Maintain clean bedding and nutrition.
COW-3239,Nandini,Gir,3.1,5,12,14.3,13.9,2.9,4.99,5.06,4.85,4.89,5.06,0.21,99149,38.5,6.65,0,0,None,LOW,0,"Routine milking, clean dry udder cloth, post-milking dip (0.5% povidone iodine).",No medication needed. Maintain clean bedding and nutrition.
COW-3240,Nandini,Gir,3.5,6,159,17.4,17.0,2.5,5.0,5.02,4.99,4.82,5.02,0.2,131201,38.4,6.64,0,0,None,LOW,0,"Routine milking, clean dry udder cloth, post-milking dip (0.5% povidone iodine).",No medication needed. Maintain clean bedding and nutrition.
COW-3241,Lakshmi,HF Cross,3.7,4,198,25.2,20.1,20.4,4.82,4.89,4.88,6.67,6.67,1.85,276714,38.6,6.72,1,1,RH,MEDIUM,9858,Subclinical warning in RH quarter. Apply ICAR herbal paste 3x daily for 5 days. Strip affected quarter completely.,ICAR Formulation: 250g Aloe Vera + 50g Pure Turmeric + 15g Edible Lime (Chuna) ground into paste.
COW-3242,Kalyani,HF Cross,9.4,6,170,20.0,17.9,10.7,4.82,4.83,6.62,4.7,6.62,1.92,330782,38.8,6.91,0,1,LH,MEDIUM,5827,Subclinical warning in LH quarter. Apply ICAR herbal paste 3x daily for 5 days. Strip affected quarter completely.,ICAR Formulation: 250g Aloe Vera + 50g Pure Turmeric + 15g Edible Lime (Chuna) ground into paste.
COW-3243,Kamdhenu,Murrah Buffalo,7.9,2,237,13.8,4.5,67.3,7.96,8.44,8.01,8.18,8.44,0.48,1325669,40.7,7.15,2,1,Both Front,HIGH,48926,Urgent: Acute clinical mastitis! Isolate animal immediately. Call government veterinary officer (1962). Administer prescribed veterinary therapy.,Immediate veterinary antibiotic injection + anti-inflammatory + frequent cold water fanning and stripping.
COW-3244,Bhavani,Tharparkar,8.1,4,241,12.3,12.3,0.0,4.87,5.03,5.01,4.85,5.03,0.18,169835,38.4,6.63,0,0,None,LOW,0,"Routine milking, clean dry udder cloth, post-milking dip (0.5% povidone iodine).",No medication needed. Maintain clean bedding and nutrition.
COW-3245,Kapila,Red Sindhi,3.1,4,166,13.6,13.3,2.2,4.66,4.78,4.72,4.59,4.78,0.19,138229,38.2,6.56,0,0,None,LOW,0,"Routine milking, clean dry udder cloth, post-milking dip (0.5% povidone iodine).",No medication needed. Maintain clean bedding and nutrition.
COW-3246,Radha,Rathi,6.8,5,41,11.3,10.1,10.3,4.85,5.02,6.42,4.93,6.42,1.57,283532,38.5,6.89,1,0,LH,MEDIUM,5479,Subclinical warning in LH quarter. Apply ICAR herbal paste 3x daily for 5 days. Strip affected quarter completely.,ICAR Formulation: 250g Aloe Vera + 50g Pure Turmeric + 15g Edible Lime (Chuna) ground into paste.
COW-3247,Radha,Murrah Buffalo,7.9,3,86,17.8,14.5,18.3,6.32,4.81,4.62,4.81,6.32,1.7,312757,38.7,6.82,0,1,LF,MEDIUM,8745,Subclinical warning in LF quarter. Apply ICAR herbal paste 3x daily for 5 days. Strip affected quarter completely.,ICAR Formulation: 250g Aloe Vera + 50g Pure Turmeric + 15g Edible Lime (Chuna) ground into paste.
COW-3248,Gauri,Tharparkar,8.8,5,176,13.6,11.5,15.4,6.84,4.79,4.82,4.73,6.84,2.11,480000,39.1,6.91,0,1,LF,MEDIUM,8309,Subclinical warning in LF quarter. Apply ICAR herbal paste 3x daily for 5 days. Strip affected quarter completely.,ICAR Formulation: 250g Aloe Vera + 50g Pure Turmeric + 15g Edible Lime (Chuna) ground into paste.
COW-3249,Devi,Red Sindhi,6.2,1,91,10.9,5.3,51.7,6.88,7.08,6.91,6.59,7.08,0.49,1352441,40.3,7.05,2,2,LH,HIGH,38707,Urgent: Acute clinical mastitis! Isolate animal immediately. Call government veterinary officer (1962). Administer prescribed veterinary therapy.,Immediate veterinary antibiotic injection + anti-inflammatory + frequent cold water fanning and stripping.
COW-3250,Yamuna,Red Sindhi,3.6,5,276,15.2,7.6,49.9,8.36,8.01,7.97,8.38,8.38,0.41,962356,40.0,7.05,2,2,Both Hind,HIGH,42925,Urgent: Acute clinical mastitis! Isolate animal immediately. Call government veterinary officer (1962). Administer prescribed veterinary therapy.,Immediate veterinary antibiotic injection + anti-inflammatory + frequent cold water fanning and stripping.
COW-3251,Tulsi,Rathi,4.5,3,209,10.0,9.7,2.7,4.64,4.53,4.72,4.77,4.77,0.24,89490,38.2,6.58,0,0,None,LOW,0,"Routine milking, clean dry udder cloth, post-milking dip (0.5% povidone iodine).",No medication needed. Maintain clean bedding and nutrition.
COW-3252,Gauri,Tharparkar,9.4,2,53,11.6,11.6,0.0,4.56,4.47,4.54,4.7,4.7,0.23,168737,38.6,6.52,0,0,None,LOW,0,"Routine milking, clean dry udder cloth, post-milking dip (0.5% povidone iodine).",No medication needed. Maintain clean bedding and nutrition.
COW-3253,Sita,Red Sindhi,8.8,4,240,15.2,13.2,13.1,5.01,4.98,4.99,6.52,6.52,1.54,210000,38.5,6.75,1,1,RH,MEDIUM,8064,Subclinical warning in RH quarter. Apply ICAR herbal paste 3x daily for 5 days. Strip affected quarter completely.,ICAR Formulation: 250g Aloe Vera + 50g Pure Turmeric + 15g Edible Lime (Chuna) ground into paste.
COW-3254,Kamdhenu,Sahiwal,4.4,1,81,18.3,18.1,1.2,4.83,5.06,5.04,4.97,5.06,0.23,124408,38.3,6.6,0,0,None,LOW,0,"Routine milking, clean dry udder cloth, post-milking dip (0.5% povidone iodine).",No medication needed. Maintain clean bedding and nutrition.
COW-3255,Sita,Tharparkar,3.8,4,182,14.0,13.7,2.1,4.83,4.88,4.84,4.95,4.95,0.12,130369,38.7,6.51,0,0,None,LOW,0,"Routine milking, clean dry udder cloth, post-milking dip (0.5% povidone iodine).",No medication needed. Maintain clean bedding and nutrition.
COW-3256,Kamdhenu,Sahiwal,8.4,5,158,18.7,18.2,2.8,4.71,4.7,4.62,4.77,4.77,0.15,129510,38.4,6.63,0,0,None,LOW,0,"Routine milking, clean dry udder cloth, post-milking dip (0.5% povidone iodine).",No medication needed. Maintain clean bedding and nutrition.
COW-3257,Kamdhenu,Murrah Buffalo,5.4,4,81,16.2,14.1,13.0,5.0,6.67,5.12,5.18,6.67,1.67,253745,38.8,6.84,0,1,RF,MEDIUM,8032,Subclinical warning in RF quarter. Apply ICAR herbal paste 3x daily for 5 days. Strip affected quarter completely.,ICAR Formulation: 250g Aloe Vera + 50g Pure Turmeric + 15g Edible Lime (Chuna) ground into paste.
COW-3258,Meera,Gir,5.2,2,78,16.7,4.7,72.0,6.82,6.96,7.1,7.18,7.18,0.36,1104447,40.4,7.29,2,2,RF,HIGH,45104,Urgent: Acute clinical mastitis! Isolate animal immediately. Call government veterinary officer (1962). Administer prescribed veterinary therapy.,Immediate veterinary antibiotic injection + anti-inflammatory + frequent cold water fanning and stripping.
COW-3259,Yamuna,Tharparkar,7.0,2,157,11.8,6.2,47.3,7.55,7.52,7.1,7.41,7.55,0.45,1841396,39.6,7.23,2,1,LH,HIGH,39703,Urgent: Acute clinical mastitis! Isolate animal immediately. Call government veterinary officer (1962). Administer prescribed veterinary therapy.,Immediate veterinary antibiotic injection + anti-inflammatory + frequent cold water fanning and stripping.
COW-3260,Yamuna,Red Sindhi,3.8,4,288,14.5,14.2,2.0,4.61,4.8,4.68,4.77,4.8,0.19,98202,38.6,6.48,0,0,None,LOW,0,"Routine milking, clean dry udder cloth, post-milking dip (0.5% povidone iodine).",No medication needed. Maintain clean bedding and nutrition.
COW-3261,Yamuna,Murrah Buffalo,6.1,4,130,14.1,14.0,0.8,4.87,5.13,4.9,5.11,5.13,0.26,107948,38.4,6.49,0,0,None,LOW,0,"Routine milking, clean dry udder cloth, post-milking dip (0.5% povidone iodine).",No medication needed. Maintain clean bedding and nutrition.
COW-3262,Gauri,Rathi,3.7,2,50,15.6,4.2,73.3,7.84,7.96,8.16,7.8,8.16,0.36,1579575,40.2,7.34,2,2,Both Hind,HIGH,51041,Urgent: Acute clinical mastitis! Isolate animal immediately. Call government veterinary officer (1962). Administer prescribed veterinary therapy.,Immediate veterinary antibiotic injection + anti-inflammatory + frequent cold water fanning and stripping.
COW-3263,Sita,HF Cross,6.7,3,101,22.3,11.5,48.5,8.48,8.15,7.9,7.97,8.48,0.58,1782624,40.3,7.17,2,1,Both Front,HIGH,34995,Urgent: Acute clinical mastitis! Isolate animal immediately. Call government veterinary officer (1962). Administer prescribed veterinary therapy.,Immediate veterinary antibiotic injection + anti-inflammatory + frequent cold water fanning and stripping.
COW-3264,Kalyani,Rathi,6.3,4,58,14.8,11.6,21.8,4.7,6.53,4.92,4.94,6.53,1.83,352707,38.7,6.78,0,1,RF,MEDIUM,11033,Subclinical warning in RF quarter. Apply ICAR herbal paste 3x daily for 5 days. Strip affected quarter completely.,ICAR Formulation: 250g Aloe Vera + 50g Pure Turmeric + 15g Edible Lime (Chuna) ground into paste.
COW-3265,Kalyani,HF Cross,5.9,4,81,21.4,21.0,1.8,4.85,4.89,4.91,4.97,4.97,0.12,76803,38.7,6.56,0,0,None,LOW,0,"Routine milking, clean dry udder cloth, post-milking dip (0.5% povidone iodine).",No medication needed. Maintain clean bedding and nutrition.
COW-3266,Lakshmi,HF Cross,4.2,1,270,26.0,25.7,1.3,4.94,4.82,4.71,4.91,4.94,0.23,93741,38.6,6.53,0,0,None,LOW,0,"Routine milking, clean dry udder cloth, post-milking dip (0.5% povidone iodine).",No medication needed. Maintain clean bedding and nutrition.
COW-3267,Surabhi,Sahiwal,7.2,2,125,15.6,12.4,20.2,4.89,4.92,7.0,4.99,7.0,2.11,381447,39.0,6.82,1,1,LH,MEDIUM,9889,Subclinical warning in LH quarter. Apply ICAR herbal paste 3x daily for 5 days. Strip affected quarter completely.,ICAR Formulation: 250g Aloe Vera + 50g Pure Turmeric + 15g Edible Lime (Chuna) ground into paste.
COW-3268,Tulsi,Red Sindhi,2.8,3,181,11.3,11.0,2.6,4.91,4.79,4.81,4.91,4.91,0.12,68115,38.9,6.68,0,0,None,LOW,0,"Routine milking, clean dry udder cloth, post-milking dip (0.5% povidone iodine).",No medication needed. Maintain clean bedding and nutrition.
COW-3269,Tulsi,HF Cross,7.2,2,99,22.4,19.8,11.8,5.02,5.22,5.25,7.09,7.09,2.07,267275,38.8,6.78,1,1,RH,MEDIUM,6224,Subclinical warning in RH quarter. Apply ICAR herbal paste 3x daily for 5 days. Strip affected quarter completely.,ICAR Formulation: 250g Aloe Vera + 50g Pure Turmeric + 15g Edible Lime (Chuna) ground into paste.
COW-3270,Devi,Tharparkar,6.1,6,126,15.9,14.2,10.8,4.96,4.91,5.02,7.08,7.08,2.17,408469,38.9,6.76,1,1,RH,MEDIUM,6098,Subclinical warning in RH quarter. Apply ICAR herbal paste 3x daily for 5 days. Strip affected quarter completely.,ICAR Formulation: 250g Aloe Vera + 50g Pure Turmeric + 15g Edible Lime (Chuna) ground into paste.
COW-3271,Kalyani,HF Cross,5.7,5,212,24.7,7.1,71.4,6.97,7.54,7.13,7.36,7.54,0.57,1035235,40.6,7.49,2,2,LH,HIGH,51883,Urgent: Acute clinical mastitis! Isolate animal immediately. Call government veterinary officer (1962). Administer prescribed veterinary therapy.,Immediate veterinary antibiotic injection + anti-inflammatory + frequent cold water fanning and stripping.
COW-3272,Tulsi,Sahiwal,4.0,6,103,17.7,17.7,0.0,4.85,4.94,4.87,4.9,4.94,0.09,183491,38.7,6.56,0,0,None,LOW,0,"Routine milking, clean dry udder cloth, post-milking dip (0.5% povidone iodine).",No medication needed. Maintain clean bedding and nutrition.
COW-3273,Tulsi,Tharparkar,2.7,6,228,15.3,15.1,1.6,5.0,4.89,4.9,4.97,5.0,0.11,140400,38.5,6.59,0,0,None,LOW,0,"Routine milking, clean dry udder cloth, post-milking dip (0.5% povidone iodine).",No medication needed. Maintain clean bedding and nutrition.
COW-3274,Ganga,Tharparkar,4.4,4,223,10.1,9.8,2.5,4.56,4.58,4.76,4.61,4.76,0.2,83580,38.6,6.62,0,0,None,LOW,0,"Routine milking, clean dry udder cloth, post-milking dip (0.5% povidone iodine).",No medication needed. Maintain clean bedding and nutrition.
COW-3275,Meera,Rathi,6.1,6,72,11.4,4.7,59.2,6.84,6.47,6.52,6.6,6.84,0.37,1531301,40.4,7.19,2,1,RH,HIGH,42850,Urgent: Acute clinical mastitis! Isolate animal immediately. Call government veterinary officer (1962). Administer prescribed veterinary therapy.,Immediate veterinary antibiotic injection + anti-inflammatory + frequent cold water fanning and stripping.
COW-3276,Devi,Rathi,7.9,1,31,13.2,12.8,3.0,4.67,4.48,4.5,4.66,4.67,0.19,127520,38.5,6.59,0,0,None,LOW,0,"Routine milking, clean dry udder cloth, post-milking dip (0.5% povidone iodine).",No medication needed. Maintain clean bedding and nutrition.
COW-3277,Nandini,Tharparkar,5.7,2,242,12.9,12.7,1.6,4.93,4.9,4.74,4.76,4.93,0.19,152528,38.9,6.7,0,0,None,LOW,0,"Routine milking, clean dry udder cloth, post-milking dip (0.5% povidone iodine).",No medication needed. Maintain clean bedding and nutrition.
COW-3278,Sita,Murrah Buffalo,5.7,5,163,14.1,14.1,0.3,4.87,4.8,4.8,4.96,4.96,0.16,50000,38.7,6.55,0,0,None,LOW,0,"Routine milking, clean dry udder cloth, post-milking dip (0.5% povidone iodine).",No medication needed. Maintain clean bedding and nutrition.
COW-3279,Nandini,HF Cross,4.2,6,210,19.1,15.9,16.7,7.02,4.88,5.04,5.02,7.02,2.14,292108,38.7,6.87,1,0,LF,MEDIUM,8757,Subclinical warning in LF quarter. Apply ICAR herbal paste 3x daily for 5 days. Strip affected quarter completely.,ICAR Formulation: 250g Aloe Vera + 50g Pure Turmeric + 15g Edible Lime (Chuna) ground into paste.
COW-3280,Nandini,Sahiwal,7.7,6,199,14.9,8.6,42.6,8.45,8.38,8.29,8.45,8.45,0.16,654197,39.8,7.3,2,2,RH,HIGH,30877,Urgent: Acute clinical mastitis! Isolate animal immediately. Call government veterinary officer (1962). Administer prescribed veterinary therapy.,Immediate veterinary antibiotic injection + anti-inflammatory + frequent cold water fanning and stripping.
COW-3281,Kalyani,Gir,6.8,6,106,14.6,12.0,18.0,5.01,4.89,6.94,4.86,6.94,2.08,363606,39.0,6.76,1,1,LH,MEDIUM,9366,Subclinical warning in LH quarter. Apply ICAR herbal paste 3x daily for 5 days. Strip affected quarter completely.,ICAR Formulation: 250g Aloe Vera + 50g Pure Turmeric + 15g Edible Lime (Chuna) ground into paste.
COW-3282,Sita,Murrah Buffalo,5.7,1,274,16.4,15.8,3.7,4.55,4.78,4.64,4.79,4.79,0.24,95760,38.4,6.59,0,0,None,LOW,0,"Routine milking, clean dry udder cloth, post-milking dip (0.5% povidone iodine).",No medication needed. Maintain clean bedding and nutrition.
COW-3283,Ganga,HF Cross,9.1,2,157,25.0,25.0,0.0,4.84,4.85,5.02,4.86,5.02,0.18,58339,38.5,6.5,0,0,None,LOW,0,"Routine milking, clean dry udder cloth, post-milking dip (0.5% povidone iodine).",No medication needed. Maintain clean bedding and nutrition.
COW-3284,Gauri,Red Sindhi,8.1,1,140,10.5,9.1,13.8,6.79,5.07,5.21,5.01,6.79,1.78,387686,38.9,6.86,0,0,LF,MEDIUM,6908,Subclinical warning in LF quarter. Apply ICAR herbal paste 3x daily for 5 days. Strip affected quarter completely.,ICAR Formulation: 250g Aloe Vera + 50g Pure Turmeric + 15g Edible Lime (Chuna) ground into paste.
COW-3285,Devi,Red Sindhi,5.8,3,57,10.8,6.2,43.0,8.2,8.25,8.06,8.55,8.55,0.49,1522359,40.0,7.19,2,1,RF,HIGH,32841,Urgent: Acute clinical mastitis! Isolate animal immediately. Call government veterinary officer (1962). Administer prescribed veterinary therapy.,Immediate veterinary antibiotic injection + anti-inflammatory + frequent cold water fanning and stripping.
COW-3286,Bhavani,Murrah Buffalo,7.7,6,131,13.6,13.4,1.5,4.59,4.63,4.8,4.76,4.8,0.21,195000,38.5,6.62,0,0,None,LOW,0,"Routine milking, clean dry udder cloth, post-milking dip (0.5% povidone iodine).",No medication needed. Maintain clean bedding and nutrition.
COW-3287,Tulsi,Sahiwal,8.7,4,224,14.5,14.1,3.1,4.56,4.75,4.57,4.76,4.76,0.2,65310,38.2,6.55,0,0,None,LOW,0,"Routine milking, clean dry udder cloth, post-milking dip (0.5% povidone iodine).",No medication needed. Maintain clean bedding and nutrition.
COW-3288,Sita,Gir,8.7,6,116,17.0,4.5,73.3,6.74,6.57,6.41,6.76,6.76,0.35,1475902,40.6,7.1,2,1,LF,HIGH,53760,Urgent: Acute clinical mastitis! Isolate animal immediately. Call government veterinary officer (1962). Administer prescribed veterinary therapy.,Immediate veterinary antibiotic injection + anti-inflammatory + frequent cold water fanning and stripping.
COW-3289,Yamuna,HF Cross,6.2,1,206,23.4,23.0,1.5,4.62,4.81,4.6,4.74,4.81,0.21,186555,38.3,6.59,0,0,None,LOW,0,"Routine milking, clean dry udder cloth, post-milking dip (0.5% povidone iodine).",No medication needed. Maintain clean bedding and nutrition.
COW-3290,Sita,Gir,6.1,1,123,15.2,15.2,0.0,4.93,4.75,4.82,4.73,4.93,0.2,123914,38.8,6.54,0,0,None,LOW,0,"Routine milking, clean dry udder cloth, post-milking dip (0.5% povidone iodine).",No medication needed. Maintain clean bedding and nutrition.
COW-3291,Bhavani,Tharparkar,8.7,6,216,12.9,6.8,47.6,8.55,8.51,8.01,8.47,8.55,0.54,1206998,40.0,7.6,2,1,Both Front,HIGH,33686,Urgent: Acute clinical mastitis! Isolate animal immediately. Call government veterinary officer (1962). Administer prescribed veterinary therapy.,Immediate veterinary antibiotic injection + anti-inflammatory + frequent cold water fanning and stripping.
COW-3292,Devi,Rathi,8.1,4,160,10.2,8.0,21.4,6.21,4.84,4.61,4.87,6.21,1.6,367355,38.7,6.74,1,1,LF,MEDIUM,9870,Subclinical warning in LF quarter. Apply ICAR herbal paste 3x daily for 5 days. Strip affected quarter completely.,ICAR Formulation: 250g Aloe Vera + 50g Pure Turmeric + 15g Edible Lime (Chuna) ground into paste.
COW-3293,Lakshmi,Tharparkar,3.0,5,255,14.6,14.1,3.6,4.99,4.95,5.06,4.95,5.06,0.11,64189,38.3,6.59,0,0,None,LOW,0,"Routine milking, clean dry udder cloth, post-milking dip (0.5% povidone iodine).",No medication needed. Maintain clean bedding and nutrition.
COW-3294,Kalyani,HF Cross,5.7,2,50,24.6,21.9,11.1,4.62,6.69,4.76,4.8,6.69,2.07,398518,38.9,6.79,0,1,RF,MEDIUM,6963,Subclinical warning in RF quarter. Apply ICAR herbal paste 3x daily for 5 days. Strip affected quarter completely.,ICAR Formulation: 250g Aloe Vera + 50g Pure Turmeric + 15g Edible Lime (Chuna) ground into paste.
COW-3295,Devi,HF Cross,7.8,1,108,24.1,23.8,1.2,4.81,4.6,4.7,4.72,4.81,0.21,139408,38.4,6.68,0,0,None,LOW,0,"Routine milking, clean dry udder cloth, post-milking dip (0.5% povidone iodine).",No medication needed. Maintain clean bedding and nutrition.
COW-3296,Lakshmi,Murrah Buffalo,6.7,3,218,17.5,9.2,47.6,7.36,7.51,7.08,7.45,7.51,0.43,1169781,39.6,7.22,2,2,RH,HIGH,32771,Urgent: Acute clinical mastitis! Isolate animal immediately. Call government veterinary officer (1962). Administer prescribed veterinary therapy.,Immediate veterinary antibiotic injection + anti-inflammatory + frequent cold water fanning and stripping.
COW-3297,Lakshmi,Tharparkar,3.3,6,174,13.1,12.7,2.7,4.51,4.64,4.45,4.38,4.64,0.26,159276,38.3,6.53,0,0,None,LOW,0,"Routine milking, clean dry udder cloth, post-milking dip (0.5% povidone iodine).",No medication needed. Maintain clean bedding and nutrition.
COW-3298,Surabhi,Sahiwal,4.2,2,164,15.3,15.2,0.9,4.9,4.96,4.95,4.89,4.96,0.07,78316,38.7,6.55,0,0,None,LOW,0,"Routine milking, clean dry udder cloth, post-milking dip (0.5% povidone iodine).",No medication needed. Maintain clean bedding and nutrition.
COW-3299,Tulsi,Rathi,7.4,5,110,13.7,10.9,20.7,4.96,6.66,4.96,4.84,6.66,1.82,241328,38.9,7.0,0,1,RF,MEDIUM,9872,Subclinical warning in RF quarter. Apply ICAR herbal paste 3x daily for 5 days. Strip affected quarter completely.,ICAR Formulation: 250g Aloe Vera + 50g Pure Turmeric + 15g Edible Lime (Chuna) ground into paste.
COW-3300,Nandini,HF Cross,4.4,3,69,19.7,16.7,15.1,5.23,5.22,5.1,7.04,7.04,1.94,374704,38.6,6.91,0,1,RH,MEDIUM,7185,Subclinical warning in RH quarter. Apply ICAR herbal paste 3x daily for 5 days. Strip affected quarter completely.,ICAR Formulation: 250g Aloe Vera + 50g Pure Turmeric + 15g Edible Lime (Chuna) ground into paste.
COW-3301,Surabhi,Rathi,8.4,2,86,15.7,15.7,0.0,4.58,4.49,4.5,4.53,4.58,0.09,118916,38.8,6.63,0,0,None,LOW,0,"Routine milking, clean dry udder cloth, post-milking dip (0.5% povidone iodine).",No medication needed. Maintain clean bedding and nutrition.
COW-3302,Surabhi,Tharparkar,8.8,3,276,12.6,12.6,0.0,4.81,4.85,5.01,4.82,5.01,0.2,94857,38.7,6.59,0,0,None,LOW,0,"Routine milking, clean dry udder cloth, post-milking dip (0.5% povidone iodine).",No medication needed. Maintain clean bedding and nutrition.
COW-3303,Surabhi,Sahiwal,3.2,3,188,19.3,18.4,4.8,4.65,4.72,4.79,4.64,4.79,0.15,107824,38.2,6.57,0,0,None,LOW,0,"Routine milking, clean dry udder cloth, post-milking dip (0.5% povidone iodine).",No medication needed. Maintain clean bedding and nutrition.
COW-3304,Kamdhenu,Gir,7.7,3,141,18.8,18.2,3.0,4.49,4.55,4.52,4.57,4.57,0.08,158172,38.9,6.63,0,0,None,LOW,0,"Routine milking, clean dry udder cloth, post-milking dip (0.5% povidone iodine).",No medication needed. Maintain clean bedding and nutrition.
COW-3305,Kamdhenu,Gir,5.4,4,72,14.6,14.2,3.0,4.43,4.48,4.4,4.55,4.55,0.15,195000,38.6,6.57,0,0,None,LOW,0,"Routine milking, clean dry udder cloth, post-milking dip (0.5% povidone iodine).",No medication needed. Maintain clean bedding and nutrition.
COW-3306,Surabhi,HF Cross,7.7,3,186,20.7,16.8,19.0,5.31,5.09,5.16,6.77,6.77,1.68,421768,38.7,6.76,0,1,RH,MEDIUM,9075,Subclinical warning in RH quarter. Apply ICAR herbal paste 3x daily for 5 days. Strip affected quarter completely.,ICAR Formulation: 250g Aloe Vera + 50g Pure Turmeric + 15g Edible Lime (Chuna) ground into paste.
COW-3307,Kamdhenu,Murrah Buffalo,8.1,2,160,17.3,15.1,12.8,4.79,4.86,6.07,4.93,6.07,1.28,329719,39.0,6.88,0,0,LH,MEDIUM,6169,Subclinical warning in LH quarter. Apply ICAR herbal paste 3x daily for 5 days. Strip affected quarter completely.,ICAR Formulation: 250g Aloe Vera + 50g Pure Turmeric + 15g Edible Lime (Chuna) ground into paste.
COW-3308,Sita,Tharparkar,7.0,2,89,13.0,12.9,1.1,4.64,4.72,4.62,4.56,4.72,0.16,80154,38.9,6.54,0,0,None,LOW,0,"Routine milking, clean dry udder cloth, post-milking dip (0.5% povidone iodine).",No medication needed. Maintain clean bedding and nutrition.
COW-3309,Ganga,HF Cross,3.2,6,239,23.9,19.1,20.1,5.02,5.06,5.18,6.88,6.88,1.86,256814,39.3,6.84,1,0,RH,MEDIUM,10152,Subclinical warning in RH quarter. Apply ICAR herbal paste 3x daily for 5 days. Strip affected quarter completely.,ICAR Formulation: 250g Aloe Vera + 50g Pure Turmeric + 15g Edible Lime (Chuna) ground into paste.
COW-3310,Sita,Sahiwal,4.3,6,55,16.4,4.9,70.0,6.33,6.38,6.75,6.74,6.75,0.42,902158,40.5,7.37,2,1,LH,HIGH,46941,Urgent: Acute clinical mastitis! Isolate animal immediately. Call government veterinary officer (1962). Administer prescribed veterinary therapy.,Immediate veterinary antibiotic injection + anti-inflammatory + frequent cold water fanning and stripping.
COW-3311,Radha,Red Sindhi,6.2,3,151,11.1,9.0,18.6,4.97,5.16,5.01,6.88,6.88,1.91,306859,39.0,6.75,1,0,RH,MEDIUM,8634,Subclinical warning in RH quarter. Apply ICAR herbal paste 3x daily for 5 days. Strip affected quarter completely.,ICAR Formulation: 250g Aloe Vera + 50g Pure Turmeric + 15g Edible Lime (Chuna) ground into paste.
COW-3312,Bhavani,Sahiwal,6.7,3,142,15.7,12.8,18.3,4.93,5.09,5.13,6.66,6.66,1.73,285495,38.5,6.72,1,1,RH,MEDIUM,8172,Subclinical warning in RH quarter. Apply ICAR herbal paste 3x daily for 5 days. Strip affected quarter completely.,ICAR Formulation: 250g Aloe Vera + 50g Pure Turmeric + 15g Edible Lime (Chuna) ground into paste.
COW-3313,Kapila,Murrah Buffalo,3.7,1,18,12.7,6.7,47.2,8.51,8.41,8.02,8.57,8.57,0.55,1832670,40.9,7.26,2,2,Both Front,HIGH,39152,Urgent: Acute clinical mastitis! Isolate animal immediately. Call government veterinary officer (1962). Administer prescribed veterinary therapy.,Immediate veterinary antibiotic injection + anti-inflammatory + frequent cold water fanning and stripping.
COW-3314,Sita,HF Cross,8.0,6,175,22.7,22.3,1.6,5.0,4.97,4.92,5.0,5.0,0.08,188202,38.5,6.57,0,0,None,LOW,0,"Routine milking, clean dry udder cloth, post-milking dip (0.5% povidone iodine).",No medication needed. Maintain clean bedding and nutrition.
COW-3315,Surabhi,Murrah Buffalo,8.9,5,261,16.3,13.4,17.5,6.61,4.72,4.87,4.61,6.61,2.0,311255,38.7,6.91,1,1,LF,MEDIUM,8454,Subclinical warning in LF quarter. Apply ICAR herbal paste 3x daily for 5 days. Strip affected quarter completely.,ICAR Formulation: 250g Aloe Vera + 50g Pure Turmeric + 15g Edible Lime (Chuna) ground into paste.
COW-3316,Kamdhenu,HF Cross,7.7,1,150,25.0,20.0,20.2,4.86,5.11,7.07,5.02,7.07,2.21,330509,39.0,6.9,0,1,LH,MEDIUM,10031,Subclinical warning in LH quarter. Apply ICAR herbal paste 3x daily for 5 days. Strip affected quarter completely.,ICAR Formulation: 250g Aloe Vera + 50g Pure Turmeric + 15g Edible Lime (Chuna) ground into paste.
COW-3317,Nandini,Red Sindhi,3.5,5,115,13.8,13.6,1.7,5.0,4.97,5.01,4.95,5.01,0.06,143586,38.3,6.5,0,0,None,LOW,0,"Routine milking, clean dry udder cloth, post-milking dip (0.5% povidone iodine).",No medication needed. Maintain clean bedding and nutrition.
COW-3318,Sita,Rathi,3.4,2,36,15.5,14.7,5.4,4.63,4.68,4.76,4.57,4.76,0.19,124006,38.5,6.58,0,0,None,LOW,0,"Routine milking, clean dry udder cloth, post-milking dip (0.5% povidone iodine).",No medication needed. Maintain clean bedding and nutrition.
COW-3319,Kamdhenu,Murrah Buffalo,6.1,2,45,17.0,5.9,65.3,8.52,8.43,8.48,8.16,8.52,0.36,734420,39.6,7.3,2,1,RH,HIGH,48639,Urgent: Acute clinical mastitis! Isolate animal immediately. Call government veterinary officer (1962). Administer prescribed veterinary therapy.,Immediate veterinary antibiotic injection + anti-inflammatory + frequent cold water fanning and stripping.
COW-3320,Tulsi,Rathi,3.3,4,73,10.5,4.4,57.7,7.14,6.76,6.77,7.06,7.14,0.38,1068252,40.3,7.34,2,1,LH,HIGH,46296,Urgent: Acute clinical mastitis! Isolate animal immediately. Call government veterinary officer (1962). Administer prescribed veterinary therapy.,Immediate veterinary antibiotic injection + anti-inflammatory + frequent cold water fanning and stripping.
COW-3321,Kapila,Murrah Buffalo,8.1,2,166,17.2,16.8,2.1,5.17,5.13,5.2,5.18,5.2,0.07,174943,38.2,6.55,0,0,None,LOW,0,"Routine milking, clean dry udder cloth, post-milking dip (0.5% povidone iodine).",No medication needed. Maintain clean bedding and nutrition.
COW-3322,Bhavani,Murrah Buffalo,9.3,2,135,15.0,12.5,16.7,5.2,5.29,5.25,6.44,6.44,1.24,373932,39.3,6.9,0,0,RH,MEDIUM,8042,Subclinical warning in RH quarter. Apply ICAR herbal paste 3x daily for 5 days. Strip affected quarter completely.,ICAR Formulation: 250g Aloe Vera + 50g Pure Turmeric + 15g Edible Lime (Chuna) ground into paste.
COW-3323,Meera,Sahiwal,4.8,1,92,14.5,12.3,14.9,6.24,4.88,4.97,5.12,6.24,1.36,316024,38.6,6.77,1,1,LF,MEDIUM,8205,Subclinical warning in LF quarter. Apply ICAR herbal paste 3x daily for 5 days. Strip affected quarter completely.,ICAR Formulation: 250g Aloe Vera + 50g Pure Turmeric + 15g Edible Lime (Chuna) ground into paste.
COW-3324,Lakshmi,Sahiwal,6.3,3,116,17.3,17.3,0.0,4.99,4.83,4.82,4.81,4.99,0.18,109255,38.6,6.6,0,0,None,LOW,0,"Routine milking, clean dry udder cloth, post-milking dip (0.5% povidone iodine).",No medication needed. Maintain clean bedding and nutrition.
COW-3325,Kalyani,HF Cross,6.2,1,12,24.6,24.0,2.4,5.09,5.2,5.17,5.2,5.2,0.11,114743,38.7,6.6,0,0,None,LOW,0,"Routine milking, clean dry udder cloth, post-milking dip (0.5% povidone iodine).",No medication needed. Maintain clean bedding and nutrition.
COW-3326,Lakshmi,Tharparkar,2.8,2,261,13.1,13.0,0.9,4.95,4.85,4.94,4.96,4.96,0.11,143402,38.8,6.59,0,0,None,LOW,0,"Routine milking, clean dry udder cloth, post-milking dip (0.5% povidone iodine).",No medication needed. Maintain clean bedding and nutrition.
COW-3327,Bhavani,Red Sindhi,9.1,2,96,10.2,8.3,18.3,6.34,4.99,4.92,4.92,6.34,1.42,255897,38.9,6.72,1,1,LF,MEDIUM,9384,Subclinical warning in LF quarter. Apply ICAR herbal paste 3x daily for 5 days. Strip affected quarter completely.,ICAR Formulation: 250g Aloe Vera + 50g Pure Turmeric + 15g Edible Lime (Chuna) ground into paste.
COW-3328,Radha,Rathi,5.6,4,102,13.7,13.7,0.1,5.1,5.06,4.94,4.96,5.1,0.16,123549,38.5,6.5,0,0,None,LOW,0,"Routine milking, clean dry udder cloth, post-milking dip (0.5% povidone iodine).",No medication needed. Maintain clean bedding and nutrition.
COW-3329,Nandini,Tharparkar,3.4,4,214,12.2,12.0,2.0,4.97,4.96,4.95,4.99,4.99,0.04,158338,38.5,6.59,0,0,None,LOW,0,"Routine milking, clean dry udder cloth, post-milking dip (0.5% povidone iodine).",No medication needed. Maintain clean bedding and nutrition.
COW-3330,Kapila,Tharparkar,6.5,1,32,11.2,11.2,0.0,4.47,4.49,4.72,4.55,4.72,0.25,133241,38.7,6.59,0,0,None,LOW,0,"Routine milking, clean dry udder cloth, post-milking dip (0.5% povidone iodine).",No medication needed. Maintain clean bedding and nutrition.
COW-3331,Meera,Gir,4.0,6,211,18.0,5.1,71.9,7.1,7.12,6.68,6.55,7.12,0.57,1770545,40.3,7.16,2,1,LH,HIGH,51510,Urgent: Acute clinical mastitis! Isolate animal immediately. Call government veterinary officer (1962). Administer prescribed veterinary therapy.,Immediate veterinary antibiotic injection + anti-inflammatory + frequent cold water fanning and stripping.
COW-3332,Bhavani,Red Sindhi,8.2,1,207,11.4,11.0,3.9,4.7,4.7,4.8,4.88,4.88,0.18,86130,38.6,6.57,0,0,None,LOW,0,"Routine milking, clean dry udder cloth, post-milking dip (0.5% povidone iodine).",No medication needed. Maintain clean bedding and nutrition.
COW-3333,Nandini,Gir,3.4,6,114,16.9,14.4,14.9,6.86,4.83,4.84,4.7,6.86,2.16,295786,38.6,6.89,0,0,LF,MEDIUM,6993,Subclinical warning in LF quarter. Apply ICAR herbal paste 3x daily for 5 days. Strip affected quarter completely.,ICAR Formulation: 250g Aloe Vera + 50g Pure Turmeric + 15g Edible Lime (Chuna) ground into paste.
COW-3334,Kapila,Tharparkar,4.1,3,78,10.9,3.5,67.5,7.46,7.46,7.14,7.08,7.46,0.38,1523848,40.3,7.35,2,1,Both Front,HIGH,49897,Urgent: Acute clinical mastitis! Isolate animal immediately. Call government veterinary officer (1962). Administer prescribed veterinary therapy.,Immediate veterinary antibiotic injection + anti-inflammatory + frequent cold water fanning and stripping.
COW-3335,Gauri,Sahiwal,3.8,5,118,14.6,14.2,2.4,4.63,4.72,4.7,4.75,4.75,0.12,128680,38.5,6.65,0,0,None,LOW,0,"Routine milking, clean dry udder cloth, post-milking dip (0.5% povidone iodine).",No medication needed. Maintain clean bedding and nutrition.
COW-3336,Lakshmi,Rathi,7.4,3,84,13.9,13.3,4.6,4.95,5.02,4.97,4.94,5.02,0.08,124075,38.8,6.45,0,0,None,LOW,0,"Routine milking, clean dry udder cloth, post-milking dip (0.5% povidone iodine).",No medication needed. Maintain clean bedding and nutrition.
COW-3337,Devi,Red Sindhi,3.9,1,287,15.3,15.1,1.3,4.78,4.86,4.96,4.71,4.96,0.25,70291,38.4,6.58,0,0,None,LOW,0,"Routine milking, clean dry udder cloth, post-milking dip (0.5% povidone iodine).",No medication needed. Maintain clean bedding and nutrition.
COW-3338,Gauri,Tharparkar,8.7,6,18,11.6,11.5,0.6,4.57,4.62,4.6,4.64,4.64,0.07,165224,38.3,6.6,0,0,None,LOW,0,"Routine milking, clean dry udder cloth, post-milking dip (0.5% povidone iodine).",No medication needed. Maintain clean bedding and nutrition.
COW-3339,Gauri,HF Cross,3.3,4,209,22.3,6.9,69.1,7.63,7.96,7.67,7.64,7.96,0.33,1303299,40.2,7.26,2,1,Both Front,HIGH,44120,Urgent: Acute clinical mastitis! Isolate animal immediately. Call government veterinary officer (1962). Administer prescribed veterinary therapy.,Immediate veterinary antibiotic injection + anti-inflammatory + frequent cold water fanning and stripping.
COW-3340,Nandini,Tharparkar,7.2,5,125,12.8,10.0,21.9,4.79,4.91,4.88,6.69,6.69,1.9,281505,38.7,6.84,1,1,RH,MEDIUM,10428,Subclinical warning in RH quarter. Apply ICAR herbal paste 3x daily for 5 days. Strip affected quarter completely.,ICAR Formulation: 250g Aloe Vera + 50g Pure Turmeric + 15g Edible Lime (Chuna) ground into paste.
COW-3341,Meera,Murrah Buffalo,7.6,2,281,18.0,17.6,2.4,4.84,5.01,5.02,5.01,5.02,0.18,163030,38.4,6.53,0,0,None,LOW,0,"Routine milking, clean dry udder cloth, post-milking dip (0.5% povidone iodine).",No medication needed. Maintain clean bedding and nutrition.
COW-3342,Devi,HF Cross,7.2,2,120,18.6,18.6,0.0,4.52,4.65,4.72,4.74,4.74,0.22,128862,38.7,6.53,0,0,None,LOW,0,"Routine milking, clean dry udder cloth, post-milking dip (0.5% povidone iodine).",No medication needed. Maintain clean bedding and nutrition.
COW-3343,Surabhi,Murrah Buffalo,8.1,1,27,12.8,12.7,0.5,4.87,4.83,4.77,4.8,4.87,0.1,111344,38.3,6.58,0,0,None,LOW,0,"Routine milking, clean dry udder cloth, post-milking dip (0.5% povidone iodine).",No medication needed. Maintain clean bedding and nutrition.
COW-3344,Bhavani,Gir,5.3,4,126,19.9,19.6,1.7,4.89,4.88,4.81,4.79,4.89,0.1,155935,38.4,6.59,0,0,None,LOW,0,"Routine milking, clean dry udder cloth, post-milking dip (0.5% povidone iodine).",No medication needed. Maintain clean bedding and nutrition.
COW-3345,Meera,Sahiwal,6.4,3,57,19.3,19.2,0.3,4.72,4.71,4.81,4.72,4.81,0.1,136823,38.5,6.61,0,0,None,LOW,0,"Routine milking, clean dry udder cloth, post-milking dip (0.5% povidone iodine).",No medication needed. Maintain clean bedding and nutrition.
COW-3346,Kamdhenu,Murrah Buffalo,5.0,4,135,17.4,17.1,1.8,4.68,4.6,4.65,4.55,4.68,0.13,178979,38.5,6.5,0,0,None,LOW,0,"Routine milking, clean dry udder cloth, post-milking dip (0.5% povidone iodine).",No medication needed. Maintain clean bedding and nutrition.
COW-3347,Nandini,Rathi,4.5,2,190,11.9,10.4,12.6,4.96,4.93,4.79,6.59,6.59,1.8,260417,39.0,7.0,0,0,RH,MEDIUM,7422,Subclinical warning in RH quarter. Apply ICAR herbal paste 3x daily for 5 days. Strip affected quarter completely.,ICAR Formulation: 250g Aloe Vera + 50g Pure Turmeric + 15g Edible Lime (Chuna) ground into paste.
COW-3348,Kalyani,Gir,2.6,2,251,19.6,19.2,2.2,4.78,4.87,4.68,4.69,4.87,0.19,102469,38.6,6.47,0,0,None,LOW,0,"Routine milking, clean dry udder cloth, post-milking dip (0.5% povidone iodine).",No medication needed. Maintain clean bedding and nutrition.
COW-3349,Bhavani,Tharparkar,3.9,6,107,11.0,9.9,10.1,5.14,5.18,7.03,5.03,7.03,2.0,258000,38.6,6.73,0,0,LH,MEDIUM,5103,Subclinical warning in LH quarter. Apply ICAR herbal paste 3x daily for 5 days. Strip affected quarter completely.,ICAR Formulation: 250g Aloe Vera + 50g Pure Turmeric + 15g Edible Lime (Chuna) ground into paste.
COW-3350,Sita,Gir,4.6,5,232,16.4,4.5,72.3,7.82,8.21,7.79,7.88,8.21,0.42,1456252,40.6,7.25,2,2,LF,HIGH,53286,Urgent: Acute clinical mastitis! Isolate animal immediately. Call government veterinary officer (1962). Administer prescribed veterinary therapy.,Immediate veterinary antibiotic injection + anti-inflammatory + frequent cold water fanning and stripping.
COW-3351,Devi,Rathi,6.9,2,252,13.1,11.5,12.4,4.89,4.83,5.97,4.78,5.97,1.19,259490,39.2,6.76,0,1,LH,MEDIUM,6439,Subclinical warning in LH quarter. Apply ICAR herbal paste 3x daily for 5 days. Strip affected quarter completely.,ICAR Formulation: 250g Aloe Vera + 50g Pure Turmeric + 15g Edible Lime (Chuna) ground into paste.
COW-3352,Devi,Red Sindhi,7.5,6,199,13.8,13.4,3.0,4.46,4.51,4.43,4.44,4.51,0.08,54328,38.6,6.51,0,0,None,LOW,0,"Routine milking, clean dry udder cloth, post-milking dip (0.5% povidone iodine).",No medication needed. Maintain clean bedding and nutrition.
COW-3353,Surabhi,Rathi,8.3,3,264,14.8,12.7,13.9,5.05,7.11,5.04,5.06,7.11,2.07,293320,39.0,6.93,0,1,RF,MEDIUM,7161,Subclinical warning in RF quarter. Apply ICAR herbal paste 3x daily for 5 days. Strip affected quarter completely.,ICAR Formulation: 250g Aloe Vera + 50g Pure Turmeric + 15g Edible Lime (Chuna) ground into paste.
COW-3354,Surabhi,Murrah Buffalo,8.9,1,109,14.7,12.5,15.3,5.05,5.1,6.51,5.08,6.51,1.46,235379,38.7,6.81,0,1,LH,MEDIUM,7581,Subclinical warning in LH quarter. Apply ICAR herbal paste 3x daily for 5 days. Strip affected quarter completely.,ICAR Formulation: 250g Aloe Vera + 50g Pure Turmeric + 15g Edible Lime (Chuna) ground into paste.
COW-3355,Lakshmi,Rathi,8.2,5,175,13.7,13.4,2.2,4.81,4.6,4.66,4.74,4.81,0.21,183814,38.4,6.54,0,0,None,LOW,0,"Routine milking, clean dry udder cloth, post-milking dip (0.5% povidone iodine).",No medication needed. Maintain clean bedding and nutrition.
COW-3356,Sita,HF Cross,6.6,6,211,20.2,17.4,14.0,4.75,6.44,4.75,4.76,6.44,1.69,279593,38.8,6.72,0,0,RF,MEDIUM,8079,Subclinical warning in RF quarter. Apply ICAR herbal paste 3x daily for 5 days. Strip affected quarter completely.,ICAR Formulation: 250g Aloe Vera + 50g Pure Turmeric + 15g Edible Lime (Chuna) ground into paste.
COW-3357,Kamdhenu,HF Cross,5.0,1,132,22.0,21.7,1.5,4.68,4.76,4.76,4.85,4.85,0.17,195000,38.2,6.56,0,0,None,LOW,0,"Routine milking, clean dry udder cloth, post-milking dip (0.5% povidone iodine).",No medication needed. Maintain clean bedding and nutrition.
COW-3358,Surabhi,Tharparkar,2.5,3,42,11.3,11.0,2.6,4.75,4.84,4.79,4.81,4.84,0.09,195000,38.2,6.7,0,0,None,LOW,0,"Routine milking, clean dry udder cloth, post-milking dip (0.5% povidone iodine).",No medication needed. Maintain clean bedding and nutrition.
COW-3359,Devi,Gir,5.5,2,102,14.7,14.6,0.4,5.01,5.11,5.15,5.15,5.15,0.14,144598,38.3,6.61,0,0,None,LOW,0,"Routine milking, clean dry udder cloth, post-milking dip (0.5% povidone iodine).",No medication needed. Maintain clean bedding and nutrition.
COW-3360,Nandini,Rathi,8.0,6,269,14.3,12.6,11.6,6.14,4.61,4.73,4.64,6.14,1.53,408666,38.6,6.81,1,1,LF,MEDIUM,5562,Subclinical warning in LF quarter. Apply ICAR herbal paste 3x daily for 5 days. Strip affected quarter completely.,ICAR Formulation: 250g Aloe Vera + 50g Pure Turmeric + 15g Edible Lime (Chuna) ground into paste.
COW-3361,Kamdhenu,Red Sindhi,4.1,3,173,14.5,11.5,20.5,6.09,4.89,4.69,4.79,6.09,1.4,281130,38.6,6.88,0,0,LF,MEDIUM,9052,Subclinical warning in LF quarter. Apply ICAR herbal paste 3x daily for 5 days. Strip affected quarter completely.,ICAR Formulation: 250g Aloe Vera + 50g Pure Turmeric + 15g Edible Lime (Chuna) ground into paste.
COW-3362,Kalyani,Murrah Buffalo,8.2,4,60,17.8,17.2,3.1,4.59,4.8,4.77,4.6,4.8,0.21,148741,38.7,6.47,0,0,None,LOW,0,"Routine milking, clean dry udder cloth, post-milking dip (0.5% povidone iodine).",No medication needed. Maintain clean bedding and nutrition.
COW-3363,Radha,Rathi,6.5,5,71,11.1,11.0,1.1,4.93,5.08,4.92,4.99,5.08,0.16,195000,38.4,6.69,0,0,None,LOW,0,"Routine milking, clean dry udder cloth, post-milking dip (0.5% povidone iodine).",No medication needed. Maintain clean bedding and nutrition.
COW-3364,Gauri,Red Sindhi,7.7,5,125,15.0,15.0,0.2,4.69,4.8,4.87,4.69,4.87,0.18,81965,38.4,6.64,0,0,None,LOW,0,"Routine milking, clean dry udder cloth, post-milking dip (0.5% povidone iodine).",No medication needed. Maintain clean bedding and nutrition.
COW-3365,Lakshmi,Rathi,2.6,3,87,13.6,13.3,2.4,4.7,4.74,4.62,4.66,4.74,0.12,108988,38.6,6.58,0,0,None,LOW,0,"Routine milking, clean dry udder cloth, post-milking dip (0.5% povidone iodine).",No medication needed. Maintain clean bedding and nutrition.
COW-3366,Bhavani,Red Sindhi,9.1,3,20,12.9,7.4,42.6,7.45,7.98,7.53,7.89,7.98,0.53,1283240,40.4,7.19,2,1,LF,HIGH,33878,Urgent: Acute clinical mastitis! Isolate animal immediately. Call government veterinary officer (1962). Administer prescribed veterinary therapy.,Immediate veterinary antibiotic injection + anti-inflammatory + frequent cold water fanning and stripping.
COW-3367,Sita,Murrah Buffalo,3.6,2,33,15.4,8.8,42.6,6.31,6.88,6.41,6.81,6.88,0.57,1281105,39.8,7.44,2,2,LH,HIGH,37426,Urgent: Acute clinical mastitis! Isolate animal immediately. Call government veterinary officer (1962). Administer prescribed veterinary therapy.,Immediate veterinary antibiotic injection + anti-inflammatory + frequent cold water fanning and stripping.
COW-3368,Nandini,Rathi,6.4,4,91,14.3,14.0,1.8,4.47,4.37,4.63,4.64,4.64,0.27,107800,38.7,6.57,0,0,None,LOW,0,"Routine milking, clean dry udder cloth, post-milking dip (0.5% povidone iodine).",No medication needed. Maintain clean bedding and nutrition.
COW-3369,Ganga,Tharparkar,8.0,6,79,14.3,12.7,11.1,6.89,5.3,5.33,5.18,6.89,1.71,285352,38.5,6.72,0,0,LF,MEDIUM,6520,Subclinical warning in LF quarter. Apply ICAR herbal paste 3x daily for 5 days. Strip affected quarter completely.,ICAR Formulation: 250g Aloe Vera + 50g Pure Turmeric + 15g Edible Lime (Chuna) ground into paste.
COW-3370,Surabhi,Gir,8.3,1,289,14.5,14.1,3.0,5.05,5.0,5.02,5.05,5.05,0.05,93063,38.4,6.59,0,0,None,LOW,0,"Routine milking, clean dry udder cloth, post-milking dip (0.5% povidone iodine).",No medication needed. Maintain clean bedding and nutrition.
COW-3371,Sita,Red Sindhi,6.8,2,112,10.4,10.2,2.2,4.92,4.93,4.87,4.97,4.97,0.1,114398,38.3,6.49,0,0,None,LOW,0,"Routine milking, clean dry udder cloth, post-milking dip (0.5% povidone iodine).",No medication needed. Maintain clean bedding and nutrition.
COW-3372,Lakshmi,Tharparkar,8.0,2,70,14.7,11.7,20.1,5.02,5.06,7.02,5.15,7.02,2.0,416823,39.1,6.88,1,0,LH,MEDIUM,9703,Subclinical warning in LH quarter. Apply ICAR herbal paste 3x daily for 5 days. Strip affected quarter completely.,ICAR Formulation: 250g Aloe Vera + 50g Pure Turmeric + 15g Edible Lime (Chuna) ground into paste.
COW-3373,Bhavani,Tharparkar,8.5,1,159,12.2,11.9,2.5,4.45,4.42,4.47,4.53,4.53,0.11,152349,38.8,6.6,0,0,None,LOW,0,"Routine milking, clean dry udder cloth, post-milking dip (0.5% povidone iodine).",No medication needed. Maintain clean bedding and nutrition.
COW-3374,Yamuna,Gir,5.3,3,64,19.6,6.9,64.6,7.15,7.19,7.21,7.23,7.23,0.08,1087725,39.7,7.15,2,2,LF,HIGH,41974,Urgent: Acute clinical mastitis! Isolate animal immediately. Call government veterinary officer (1962). Administer prescribed veterinary therapy.,Immediate veterinary antibiotic injection + anti-inflammatory + frequent cold water fanning and stripping.
COW-3375,Radha,Gir,8.1,5,132,15.6,15.4,1.6,4.68,4.61,4.75,4.51,4.75,0.24,129679,38.5,6.7,0,0,None,LOW,0,"Routine milking, clean dry udder cloth, post-milking dip (0.5% povidone iodine).",No medication needed. Maintain clean bedding and nutrition.
COW-3376,Gauri,Red Sindhi,8.4,3,268,10.2,8.2,20.0,4.8,4.86,4.75,6.58,6.58,1.83,402519,38.7,6.8,0,1,RH,MEDIUM,9028,Subclinical warning in RH quarter. Apply ICAR herbal paste 3x daily for 5 days. Strip affected quarter completely.,ICAR Formulation: 250g Aloe Vera + 50g Pure Turmeric + 15g Edible Lime (Chuna) ground into paste.
COW-3377,Ganga,Rathi,9.4,1,168,10.9,9.4,13.8,6.48,4.97,4.99,4.83,6.48,1.65,226969,38.6,6.86,0,1,LF,MEDIUM,7260,Subclinical warning in LF quarter. Apply ICAR herbal paste 3x daily for 5 days. Strip affected quarter completely.,ICAR Formulation: 250g Aloe Vera + 50g Pure Turmeric + 15g Edible Lime (Chuna) ground into paste.
COW-3378,Surabhi,Red Sindhi,5.2,1,188,11.2,11.1,1.0,5.2,5.06,5.07,5.1,5.2,0.14,130264,38.7,6.59,0,0,None,LOW,0,"Routine milking, clean dry udder cloth, post-milking dip (0.5% povidone iodine).",No medication needed. Maintain clean bedding and nutrition.
COW-3379,Kamdhenu,Tharparkar,9.4,6,204,15.3,15.2,0.9,4.93,5.13,5.1,4.93,5.13,0.2,195000,38.5,6.65,0,0,None,LOW,0,"Routine milking, clean dry udder cloth, post-milking dip (0.5% povidone iodine).",No medication needed. Maintain clean bedding and nutrition.
COW-3380,Bhavani,Tharparkar,9.2,1,73,14.6,14.6,0.0,4.97,4.94,5.04,4.9,5.04,0.14,154835,38.7,6.59,0,0,None,LOW,0,"Routine milking, clean dry udder cloth, post-milking dip (0.5% povidone iodine).",No medication needed. Maintain clean bedding and nutrition.
COW-3381,Yamuna,Sahiwal,4.4,4,223,16.9,16.5,2.2,4.7,4.84,4.81,4.83,4.84,0.14,130638,38.7,6.61,0,0,None,LOW,0,"Routine milking, clean dry udder cloth, post-milking dip (0.5% povidone iodine).",No medication needed. Maintain clean bedding and nutrition.
COW-3382,Radha,Gir,3.6,3,266,19.7,19.3,2.1,4.82,4.82,4.83,4.84,4.84,0.02,69721,38.4,6.6,0,0,None,LOW,0,"Routine milking, clean dry udder cloth, post-milking dip (0.5% povidone iodine).",No medication needed. Maintain clean bedding and nutrition.
COW-3383,Ganga,Murrah Buffalo,8.3,4,29,12.0,11.8,1.5,5.1,4.94,4.97,4.87,5.1,0.23,172513,38.5,6.6,0,0,None,LOW,0,"Routine milking, clean dry udder cloth, post-milking dip (0.5% povidone iodine).",No medication needed. Maintain clean bedding and nutrition.
COW-3384,Ganga,Gir,5.0,1,185,18.6,18.3,1.8,4.79,4.63,4.63,4.59,4.79,0.2,95457,38.2,6.61,0,0,None,LOW,0,"Routine milking, clean dry udder cloth, post-milking dip (0.5% povidone iodine).",No medication needed. Maintain clean bedding and nutrition.
COW-3385,Tulsi,Gir,6.1,3,223,14.1,12.5,11.0,4.74,6.05,4.91,4.91,6.05,1.31,276727,38.5,6.87,0,1,RF,MEDIUM,7226,Subclinical warning in RF quarter. Apply ICAR herbal paste 3x daily for 5 days. Strip affected quarter completely.,ICAR Formulation: 250g Aloe Vera + 50g Pure Turmeric + 15g Edible Lime (Chuna) ground into paste.
COW-3386,Radha,HF Cross,4.1,1,153,25.3,20.7,18.3,6.26,4.96,4.97,4.84,6.26,1.42,301385,38.9,6.97,0,1,LF,MEDIUM,9698,Subclinical warning in LF quarter. Apply ICAR herbal paste 3x daily for 5 days. Strip affected quarter completely.,ICAR Formulation: 250g Aloe Vera + 50g Pure Turmeric + 15g Edible Lime (Chuna) ground into paste.
COW-3387,Kalyani,Tharparkar,6.6,5,89,14.1,13.6,3.7,4.83,4.84,5.08,4.85,5.08,0.25,55049,38.4,6.57,0,0,None,LOW,0,"Routine milking, clean dry udder cloth, post-milking dip (0.5% povidone iodine).",No medication needed. Maintain clean bedding and nutrition.
COW-3388,Kamdhenu,Sahiwal,5.9,5,276,14.5,14.3,1.4,4.37,4.56,4.47,4.62,4.62,0.25,72725,38.9,6.59,0,0,None,LOW,0,"Routine milking, clean dry udder cloth, post-milking dip (0.5% povidone iodine).",No medication needed. Maintain clean bedding and nutrition.
COW-3389,Ganga,Tharparkar,4.9,4,277,14.6,11.6,20.5,5.16,5.06,5.1,7.08,7.08,2.02,306135,38.7,6.9,0,1,RH,MEDIUM,9111,Subclinical warning in RH quarter. Apply ICAR herbal paste 3x daily for 5 days. Strip affected quarter completely.,ICAR Formulation: 250g Aloe Vera + 50g Pure Turmeric + 15g Edible Lime (Chuna) ground into paste.
COW-3390,Bhavani,HF Cross,4.6,5,284,19.1,16.4,13.9,5.01,5.06,5.19,6.63,6.63,1.62,245203,38.9,6.79,0,1,RH,MEDIUM,8351,Subclinical warning in RH quarter. Apply ICAR herbal paste 3x daily for 5 days. Strip affected quarter completely.,ICAR Formulation: 250g Aloe Vera + 50g Pure Turmeric + 15g Edible Lime (Chuna) ground into paste.
COW-3391,Yamuna,HF Cross,6.4,2,24,20.6,11.2,45.6,7.01,7.31,6.98,7.45,7.45,0.47,933253,41.2,7.31,2,2,LH,HIGH,38031,Urgent: Acute clinical mastitis! Isolate animal immediately. Call government veterinary officer (1962). Administer prescribed veterinary therapy.,Immediate veterinary antibiotic injection + anti-inflammatory + frequent cold water fanning and stripping.
COW-3392,Surabhi,Tharparkar,5.5,4,34,13.2,12.7,4.1,5.02,5.14,5.18,5.07,5.18,0.16,151464,38.7,6.49,0,0,None,LOW,0,"Routine milking, clean dry udder cloth, post-milking dip (0.5% povidone iodine).",No medication needed. Maintain clean bedding and nutrition.
COW-3393,Tulsi,HF Cross,3.4,6,253,20.5,20.0,2.4,4.92,5.13,5.02,5.04,5.13,0.21,50000,38.3,6.55,0,0,None,LOW,0,"Routine milking, clean dry udder cloth, post-milking dip (0.5% povidone iodine).",No medication needed. Maintain clean bedding and nutrition.
COW-3394,Kamdhenu,Murrah Buffalo,7.9,6,81,14.4,14.4,0.0,4.89,4.83,5.01,4.77,5.01,0.24,137655,38.5,6.58,0,0,None,LOW,0,"Routine milking, clean dry udder cloth, post-milking dip (0.5% povidone iodine).",No medication needed. Maintain clean bedding and nutrition.
COW-3395,Bhavani,Murrah Buffalo,4.0,6,74,12.1,11.6,3.9,4.6,4.56,4.75,4.7,4.75,0.19,77596,38.6,6.62,0,0,None,LOW,0,"Routine milking, clean dry udder cloth, post-milking dip (0.5% povidone iodine).",No medication needed. Maintain clean bedding and nutrition.
COW-3396,Devi,Murrah Buffalo,5.0,4,171,13.6,13.2,3.3,4.63,4.65,4.42,4.43,4.65,0.23,102349,38.6,6.56,0,0,None,LOW,0,"Routine milking, clean dry udder cloth, post-milking dip (0.5% povidone iodine).",No medication needed. Maintain clean bedding and nutrition.
COW-3397,Kalyani,Murrah Buffalo,4.1,2,153,16.7,5.7,66.1,7.95,7.72,7.5,7.89,7.95,0.45,1557686,40.3,7.2,2,2,RF,HIGH,44757,Urgent: Acute clinical mastitis! Isolate animal immediately. Call government veterinary officer (1962). Administer prescribed veterinary therapy.,Immediate veterinary antibiotic injection + anti-inflammatory + frequent cold water fanning and stripping.
COW-3398,Radha,Murrah Buffalo,6.7,4,198,16.4,16.4,0.0,4.73,4.69,4.58,4.72,4.73,0.15,163632,38.6,6.54,0,0,None,LOW,0,"Routine milking, clean dry udder cloth, post-milking dip (0.5% povidone iodine).",No medication needed. Maintain clean bedding and nutrition.
COW-3399,Yamuna,Gir,8.4,4,274,16.4,7.3,55.3,6.77,6.52,6.8,6.56,6.8,0.28,1099013,40.8,7.42,2,1,RF,HIGH,44087,Urgent: Acute clinical mastitis! Isolate animal immediately. Call government veterinary officer (1962). Administer prescribed veterinary therapy.,Immediate veterinary antibiotic injection + anti-inflammatory + frequent cold water fanning and stripping.
COW-3400,Ganga,Tharparkar,8.8,5,35,15.7,15.7,0.0,4.47,4.49,4.6,4.5,4.6,0.13,91068,38.3,6.66,0,0,None,LOW,0,"Routine milking, clean dry udder cloth, post-milking dip (0.5% povidone iodine).",No medication needed. Maintain clean bedding and nutrition.
COW-3401,Lakshmi,Tharparkar,2.6,4,117,14.1,6.2,56.2,8.53,8.63,8.21,8.32,8.63,0.42,1378253,40.0,7.49,2,2,Both Front,HIGH,43826,Urgent: Acute clinical mastitis! Isolate animal immediately. Call government veterinary officer (1962). Administer prescribed veterinary therapy.,Immediate veterinary antibiotic injection + anti-inflammatory + frequent cold water fanning and stripping.
COW-3402,Tulsi,Red Sindhi,6.0,1,247,10.1,9.9,1.9,4.9,4.83,4.72,4.6,4.9,0.3,103035,38.7,6.59,0,0,None,LOW,0,"Routine milking, clean dry udder cloth, post-milking dip (0.5% povidone iodine).",No medication needed. Maintain clean bedding and nutrition.
COW-3403,Kapila,Tharparkar,9.2,2,94,15.1,14.8,1.9,4.7,4.5,4.65,4.6,4.7,0.2,61039,38.2,6.57,0,0,None,LOW,0,"Routine milking, clean dry udder cloth, post-milking dip (0.5% povidone iodine).",No medication needed. Maintain clean bedding and nutrition.
COW-3404,Kamdhenu,Rathi,8.3,2,269,12.5,4.0,67.7,7.64,7.62,7.24,7.32,7.64,0.4,806180,39.8,7.33,2,1,RF,HIGH,45086,Urgent: Acute clinical mastitis! Isolate animal immediately. Call government veterinary officer (1962). Administer prescribed veterinary therapy.,Immediate veterinary antibiotic injection + anti-inflammatory + frequent cold water fanning and stripping.
COW-3405,Kalyani,Gir,8.8,6,196,17.9,8.3,53.9,7.74,7.36,7.58,7.74,7.74,0.38,1396999,40.1,7.37,2,2,RH,HIGH,43847,Urgent: Acute clinical mastitis! Isolate animal immediately. Call government veterinary officer (1962). Administer prescribed veterinary therapy.,Immediate veterinary antibiotic injection + anti-inflammatory + frequent cold water fanning and stripping.
COW-3406,Nandini,Sahiwal,3.2,2,141,17.9,17.6,1.6,5.11,5.17,5.12,5.25,5.25,0.14,88902,38.4,6.68,0,0,None,LOW,0,"Routine milking, clean dry udder cloth, post-milking dip (0.5% povidone iodine).",No medication needed. Maintain clean bedding and nutrition.
COW-3407,Kamdhenu,Gir,9.3,6,170,19.9,16.6,16.7,4.89,4.65,6.18,4.72,6.18,1.53,328841,39.3,6.72,0,1,LH,MEDIUM,8895,Subclinical warning in LH quarter. Apply ICAR herbal paste 3x daily for 5 days. Strip affected quarter completely.,ICAR Formulation: 250g Aloe Vera + 50g Pure Turmeric + 15g Edible Lime (Chuna) ground into paste.
COW-3408,Tulsi,Gir,4.6,6,127,18.7,18.2,2.8,4.95,5.13,5.14,5.09,5.14,0.19,157875,38.8,6.56,0,0,None,LOW,0,"Routine milking, clean dry udder cloth, post-milking dip (0.5% povidone iodine).",No medication needed. Maintain clean bedding and nutrition.
COW-3409,Devi,Murrah Buffalo,7.7,5,202,15.4,15.0,2.7,4.47,4.57,4.45,4.43,4.57,0.14,95629,38.4,6.6,0,0,None,LOW,0,"Routine milking, clean dry udder cloth, post-milking dip (0.5% povidone iodine).",No medication needed. Maintain clean bedding and nutrition.
COW-3410,Bhavani,Red Sindhi,5.4,6,213,12.0,11.6,3.3,4.78,4.8,4.79,4.75,4.8,0.05,169232,38.8,6.58,0,0,None,LOW,0,"Routine milking, clean dry udder cloth, post-milking dip (0.5% povidone iodine).",No medication needed. Maintain clean bedding and nutrition.
COW-3411,Meera,Murrah Buffalo,8.0,4,48,13.3,11.9,10.3,7.14,4.81,4.9,5.03,7.14,2.33,296038,39.0,6.84,1,0,LF,MEDIUM,5990,Subclinical warning in LF quarter. Apply ICAR herbal paste 3x daily for 5 days. Strip affected quarter completely.,ICAR Formulation: 250g Aloe Vera + 50g Pure Turmeric + 15g Edible Lime (Chuna) ground into paste.
COW-3412,Bhavani,Tharparkar,8.5,2,114,13.6,13.6,0.0,5.09,4.87,5.1,4.85,5.1,0.25,145598,38.6,6.48,0,0,None,LOW,0,"Routine milking, clean dry udder cloth, post-milking dip (0.5% povidone iodine).",No medication needed. Maintain clean bedding and nutrition.
COW-3413,Kamdhenu,Gir,4.1,1,183,15.8,5.3,66.5,7.22,7.01,6.92,7.14,7.22,0.3,1235889,39.6,7.37,2,2,LH,HIGH,50835,Urgent: Acute clinical mastitis! Isolate animal immediately. Call government veterinary officer (1962). Administer prescribed veterinary therapy.,Immediate veterinary antibiotic injection + anti-inflammatory + frequent cold water fanning and stripping.
COW-3414,Sita,Gir,3.1,6,280,19.7,19.0,3.6,5.14,5.18,4.99,5.05,5.18,0.19,160504,38.6,6.51,0,0,None,LOW,0,"Routine milking, clean dry udder cloth, post-milking dip (0.5% povidone iodine).",No medication needed. Maintain clean bedding and nutrition.
COW-3415,Sita,Gir,4.7,6,57,16.1,7.1,56.2,7.81,7.49,7.63,7.6,7.81,0.32,1913023,40.3,7.33,2,1,RF,HIGH,42442,Urgent: Acute clinical mastitis! Isolate animal immediately. Call government veterinary officer (1962). Administer prescribed veterinary therapy.,Immediate veterinary antibiotic injection + anti-inflammatory + frequent cold water fanning and stripping.
COW-3416,Kapila,Sahiwal,9.3,5,213,14.7,12.2,16.8,4.91,6.93,4.83,4.89,6.93,2.1,334121,38.9,6.81,1,0,RF,MEDIUM,9214,Subclinical warning in RF quarter. Apply ICAR herbal paste 3x daily for 5 days. Strip affected quarter completely.,ICAR Formulation: 250g Aloe Vera + 50g Pure Turmeric + 15g Edible Lime (Chuna) ground into paste.
COW-3417,Radha,Murrah Buffalo,6.8,4,65,16.0,14.2,11.4,4.94,4.92,6.55,4.99,6.55,1.63,317580,39.0,7.0,1,1,LH,MEDIUM,6878,Subclinical warning in LH quarter. Apply ICAR herbal paste 3x daily for 5 days. Strip affected quarter completely.,ICAR Formulation: 250g Aloe Vera + 50g Pure Turmeric + 15g Edible Lime (Chuna) ground into paste.
COW-3418,Sita,Gir,8.3,4,267,15.2,12.1,20.4,4.84,4.68,4.65,6.59,6.59,1.94,221995,38.8,6.73,1,0,RH,MEDIUM,8711,Subclinical warning in RH quarter. Apply ICAR herbal paste 3x daily for 5 days. Strip affected quarter completely.,ICAR Formulation: 250g Aloe Vera + 50g Pure Turmeric + 15g Edible Lime (Chuna) ground into paste.
COW-3419,Devi,Red Sindhi,6.2,6,254,11.2,10.9,2.5,4.87,4.84,4.82,4.83,4.87,0.05,185720,38.4,6.49,0,0,None,LOW,0,"Routine milking, clean dry udder cloth, post-milking dip (0.5% povidone iodine).",No medication needed. Maintain clean bedding and nutrition.
COW-3420,Radha,Red Sindhi,4.0,6,111,16.0,15.7,2.1,4.66,4.56,4.57,4.66,4.66,0.1,191050,38.6,6.59,0,0,None,LOW,0,"Routine milking, clean dry udder cloth, post-milking dip (0.5% povidone iodine).",No medication needed. Maintain clean bedding and nutrition.
COW-3421,Kalyani,Tharparkar,7.1,3,213,14.9,11.7,21.7,5.01,4.93,6.79,5.05,6.79,1.86,419038,38.6,6.81,0,1,LH,MEDIUM,9819,Subclinical warning in LH quarter. Apply ICAR herbal paste 3x daily for 5 days. Strip affected quarter completely.,ICAR Formulation: 250g Aloe Vera + 50g Pure Turmeric + 15g Edible Lime (Chuna) ground into paste.
COW-3422,Kalyani,HF Cross,8.2,2,152,24.8,11.0,55.5,7.93,7.57,7.51,7.71,7.93,0.42,1041558,39.7,7.2,2,1,LH,HIGH,45588,Urgent: Acute clinical mastitis! Isolate animal immediately. Call government veterinary officer (1962). Administer prescribed veterinary therapy.,Immediate veterinary antibiotic injection + anti-inflammatory + frequent cold water fanning and stripping.
COW-3423,Gauri,Gir,6.4,3,280,17.7,17.4,1.7,4.67,4.59,4.49,4.62,4.67,0.18,168770,38.6,6.62,0,0,None,LOW,0,"Routine milking, clean dry udder cloth, post-milking dip (0.5% povidone iodine).",No medication needed. Maintain clean bedding and nutrition.
COW-3424,Kalyani,Murrah Buffalo,4.5,1,258,15.1,14.8,1.8,4.73,4.83,4.95,4.84,4.95,0.22,148316,38.3,6.56,0,0,None,LOW,0,"Routine milking, clean dry udder cloth, post-milking dip (0.5% povidone iodine).",No medication needed. Maintain clean bedding and nutrition.
COW-3425,Ganga,HF Cross,6.8,2,220,22.8,22.6,0.9,4.81,5.07,5.04,4.8,5.07,0.27,139713,38.6,6.57,0,0,None,LOW,0,"Routine milking, clean dry udder cloth, post-milking dip (0.5% povidone iodine).",No medication needed. Maintain clean bedding and nutrition.
COW-3426,Meera,Tharparkar,4.0,3,56,12.1,9.8,18.9,4.9,4.87,4.91,6.06,6.06,1.19,480000,39.0,6.85,0,1,RH,MEDIUM,8854,Subclinical warning in RH quarter. Apply ICAR herbal paste 3x daily for 5 days. Strip affected quarter completely.,ICAR Formulation: 250g Aloe Vera + 50g Pure Turmeric + 15g Edible Lime (Chuna) ground into paste.
COW-3427,Yamuna,Sahiwal,8.6,4,233,15.2,4.3,71.5,7.52,7.29,7.72,7.61,7.72,0.43,1118377,40.0,7.23,2,2,RH,HIGH,44361,Urgent: Acute clinical mastitis! Isolate animal immediately. Call government veterinary officer (1962). Administer prescribed veterinary therapy.,Immediate veterinary antibiotic injection + anti-inflammatory + frequent cold water fanning and stripping.
COW-3428,Meera,Sahiwal,8.5,2,260,15.2,12.2,19.8,4.78,4.73,4.7,6.61,6.61,1.91,340498,38.5,6.72,0,0,RH,MEDIUM,10226,Subclinical warning in RH quarter. Apply ICAR herbal paste 3x daily for 5 days. Strip affected quarter completely.,ICAR Formulation: 250g Aloe Vera + 50g Pure Turmeric + 15g Edible Lime (Chuna) ground into paste.
COW-3429,Kamdhenu,Gir,3.8,4,235,14.3,12.1,15.5,6.83,4.93,4.98,5.05,6.83,1.9,275418,38.9,6.8,1,0,LF,MEDIUM,7986,Subclinical warning in LF quarter. Apply ICAR herbal paste 3x daily for 5 days. Strip affected quarter completely.,ICAR Formulation: 250g Aloe Vera + 50g Pure Turmeric + 15g Edible Lime (Chuna) ground into paste.
COW-3430,Meera,Sahiwal,8.5,1,230,14.5,13.9,3.8,5.02,5.08,4.96,5.17,5.17,0.21,181734,38.2,6.53,0,0,None,LOW,0,"Routine milking, clean dry udder cloth, post-milking dip (0.5% povidone iodine).",No medication needed. Maintain clean bedding and nutrition.
COW-3431,Yamuna,Rathi,4.0,3,23,15.7,9.3,41.0,8.1,7.82,7.73,8.17,8.17,0.44,1245891,40.6,7.56,2,2,Both Front,HIGH,37148,Urgent: Acute clinical mastitis! Isolate animal immediately. Call government veterinary officer (1962). Administer prescribed veterinary therapy.,Immediate veterinary antibiotic injection + anti-inflammatory + frequent cold water fanning and stripping.
COW-3432,Kapila,Murrah Buffalo,5.5,4,42,14.9,12.4,16.8,7.23,5.09,5.24,5.3,7.23,2.14,271433,38.8,6.8,0,0,LF,MEDIUM,8387,Subclinical warning in LF quarter. Apply ICAR herbal paste 3x daily for 5 days. Strip affected quarter completely.,ICAR Formulation: 250g Aloe Vera + 50g Pure Turmeric + 15g Edible Lime (Chuna) ground into paste.
COW-3433,Kapila,Murrah Buffalo,5.0,6,278,17.8,7.6,57.5,8.18,8.15,7.75,7.85,8.18,0.43,600000,40.1,7.38,2,1,LF,HIGH,42229,Urgent: Acute clinical mastitis! Isolate animal immediately. Call government veterinary officer (1962). Administer prescribed veterinary therapy.,Immediate veterinary antibiotic injection + anti-inflammatory + frequent cold water fanning and stripping.
COW-3434,Devi,HF Cross,6.0,1,262,22.6,17.7,21.6,5.08,5.24,5.22,6.82,6.82,1.74,357841,39.0,6.79,0,1,RH,MEDIUM,9963,Subclinical warning in RH quarter. Apply ICAR herbal paste 3x daily for 5 days. Strip affected quarter completely.,ICAR Formulation: 250g Aloe Vera + 50g Pure Turmeric + 15g Edible Lime (Chuna) ground into paste.
COW-3435,Yamuna,HF Cross,4.4,2,17,19.8,19.4,1.9,4.95,4.94,5.07,5.01,5.07,0.13,107036,38.8,6.55,0,0,None,LOW,0,"Routine milking, clean dry udder cloth, post-milking dip (0.5% povidone iodine).",No medication needed. Maintain clean bedding and nutrition.
COW-3436,Tulsi,HF Cross,2.6,3,146,23.0,23.0,0.0,4.84,4.72,4.92,4.82,4.92,0.2,135716,38.8,6.64,0,0,None,LOW,0,"Routine milking, clean dry udder cloth, post-milking dip (0.5% povidone iodine).",No medication needed. Maintain clean bedding and nutrition.
COW-3437,Kalyani,Rathi,4.2,6,211,14.8,14.7,0.8,4.82,4.94,4.95,5.02,5.02,0.2,88435,38.6,6.58,0,0,None,LOW,0,"Routine milking, clean dry udder cloth, post-milking dip (0.5% povidone iodine).",No medication needed. Maintain clean bedding and nutrition.
COW-3438,Yamuna,Red Sindhi,4.4,3,148,15.3,14.9,2.7,5.02,5.04,4.92,4.75,5.04,0.29,165546,38.5,6.58,0,0,None,LOW,0,"Routine milking, clean dry udder cloth, post-milking dip (0.5% povidone iodine).",No medication needed. Maintain clean bedding and nutrition.
COW-3439,Ganga,HF Cross,2.7,6,202,21.5,17.0,20.9,4.81,4.86,6.18,4.74,6.18,1.44,293742,39.2,6.76,0,0,LH,MEDIUM,10058,Subclinical warning in LH quarter. Apply ICAR herbal paste 3x daily for 5 days. Strip affected quarter completely.,ICAR Formulation: 250g Aloe Vera + 50g Pure Turmeric + 15g Edible Lime (Chuna) ground into paste.
COW-3440,Sita,HF Cross,6.9,4,112,19.8,5.1,74.2,8.24,8.6,8.23,8.6,8.6,0.37,1429925,40.8,7.05,2,1,RF,HIGH,52311,Urgent: Acute clinical mastitis! Isolate animal immediately. Call government veterinary officer (1962). Administer prescribed veterinary therapy.,Immediate veterinary antibiotic injection + anti-inflammatory + frequent cold water fanning and stripping.
COW-3441,Sita,HF Cross,6.7,3,152,24.4,20.9,14.3,4.95,6.87,4.93,5.15,6.87,1.94,295966,39.1,6.91,0,1,RF,MEDIUM,6513,Subclinical warning in RF quarter. Apply ICAR herbal paste 3x daily for 5 days. Strip affected quarter completely.,ICAR Formulation: 250g Aloe Vera + 50g Pure Turmeric + 15g Edible Lime (Chuna) ground into paste.
COW-3442,Lakshmi,Murrah Buffalo,3.4,1,284,12.8,12.4,3.3,5.2,5.23,4.99,5.22,5.23,0.24,123997,38.4,6.64,0,0,None,LOW,0,"Routine milking, clean dry udder cloth, post-milking dip (0.5% povidone iodine).",No medication needed. Maintain clean bedding and nutrition.
COW-3443,Radha,Rathi,8.6,6,28,13.4,5.6,58.1,8.23,8.34,8.44,8.15,8.44,0.29,792367,39.7,7.28,2,2,LF,HIGH,45003,Urgent: Acute clinical mastitis! Isolate animal immediately. Call government veterinary officer (1962). Administer prescribed veterinary therapy.,Immediate veterinary antibiotic injection + anti-inflammatory + frequent cold water fanning and stripping.
COW-3444,Sita,Tharparkar,8.7,5,281,15.6,15.5,0.4,4.95,5.05,4.92,5.1,5.1,0.18,152027,38.4,6.62,0,0,None,LOW,0,"Routine milking, clean dry udder cloth, post-milking dip (0.5% povidone iodine).",No medication needed. Maintain clean bedding and nutrition.
COW-3445,Nandini,Red Sindhi,3.1,2,260,10.9,9.6,12.2,4.85,6.62,4.87,5.06,6.62,1.77,210000,38.7,6.83,1,1,RF,MEDIUM,7094,Subclinical warning in RF quarter. Apply ICAR herbal paste 3x daily for 5 days. Strip affected quarter completely.,ICAR Formulation: 250g Aloe Vera + 50g Pure Turmeric + 15g Edible Lime (Chuna) ground into paste.
COW-3446,Kapila,HF Cross,5.4,5,281,23.3,23.1,0.7,5.07,4.97,5.17,4.93,5.17,0.24,120345,38.3,6.47,0,0,None,LOW,0,"Routine milking, clean dry udder cloth, post-milking dip (0.5% povidone iodine).",No medication needed. Maintain clean bedding and nutrition.
COW-3447,Surabhi,HF Cross,7.6,5,180,24.8,24.7,0.3,4.77,4.85,4.75,4.9,4.9,0.15,161417,38.8,6.65,0,0,None,LOW,0,"Routine milking, clean dry udder cloth, post-milking dip (0.5% povidone iodine).",No medication needed. Maintain clean bedding and nutrition.
COW-3448,Bhavani,Murrah Buffalo,6.1,3,70,17.3,14.9,14.0,6.39,4.88,4.93,4.89,6.39,1.51,239240,38.9,6.87,1,1,LF,MEDIUM,7619,Subclinical warning in LF quarter. Apply ICAR herbal paste 3x daily for 5 days. Strip affected quarter completely.,ICAR Formulation: 250g Aloe Vera + 50g Pure Turmeric + 15g Edible Lime (Chuna) ground into paste.
COW-3449,Devi,Murrah Buffalo,4.9,3,119,14.2,14.0,1.5,4.91,4.81,4.87,4.86,4.91,0.1,144005,38.2,6.53,0,0,None,LOW,0,"Routine milking, clean dry udder cloth, post-milking dip (0.5% povidone iodine).",No medication needed. Maintain clean bedding and nutrition.
COW-3450,Kapila,Tharparkar,7.9,3,240,14.6,14.3,2.0,4.8,4.76,4.91,4.76,4.91,0.15,147052,38.7,6.59,0,0,None,LOW,0,"Routine milking, clean dry udder cloth, post-milking dip (0.5% povidone iodine).",No medication needed. Maintain clean bedding and nutrition.
COW-3451,Devi,HF Cross,3.3,2,275,21.6,9.2,57.3,7.86,7.66,7.66,7.4,7.86,0.46,1229702,40.5,7.3,2,2,Both Front,HIGH,42072,Urgent: Acute clinical mastitis! Isolate animal immediately. Call government veterinary officer (1962). Administer prescribed veterinary therapy.,Immediate veterinary antibiotic injection + anti-inflammatory + frequent cold water fanning and stripping.
COW-3452,Devi,Murrah Buffalo,6.7,3,170,15.4,12.8,16.8,5.27,5.25,5.03,6.55,6.55,1.52,324601,38.7,6.83,1,1,RH,MEDIUM,7620,Subclinical warning in RH quarter. Apply ICAR herbal paste 3x daily for 5 days. Strip affected quarter completely.,ICAR Formulation: 250g Aloe Vera + 50g Pure Turmeric + 15g Edible Lime (Chuna) ground into paste.
COW-3453,Ganga,Murrah Buffalo,5.0,2,187,17.4,5.7,67.4,7.22,7.5,7.07,7.24,7.5,0.43,1369606,40.3,7.31,2,1,RH,HIGH,49741,Urgent: Acute clinical mastitis! Isolate animal immediately. Call government veterinary officer (1962). Administer prescribed veterinary therapy.,Immediate veterinary antibiotic injection + anti-inflammatory + frequent cold water fanning and stripping.
COW-3454,Ganga,HF Cross,5.9,3,113,24.4,9.2,62.3,8.51,8.22,8.16,8.64,8.64,0.48,1669952,40.3,7.15,2,1,LH,HIGH,40065,Urgent: Acute clinical mastitis! Isolate animal immediately. Call government veterinary officer (1962). Administer prescribed veterinary therapy.,Immediate veterinary antibiotic injection + anti-inflammatory + frequent cold water fanning and stripping.
COW-3455,Nandini,Murrah Buffalo,9.2,3,135,16.7,16.4,2.0,4.82,4.97,5.0,4.96,5.0,0.18,160926,38.2,6.52,0,0,None,LOW,0,"Routine milking, clean dry udder cloth, post-milking dip (0.5% povidone iodine).",No medication needed. Maintain clean bedding and nutrition.
COW-3456,Kamdhenu,Tharparkar,9.4,6,121,11.2,9.6,14.3,5.16,5.02,5.05,7.03,7.03,2.01,356147,38.5,6.79,0,1,RH,MEDIUM,8150,Subclinical warning in RH quarter. Apply ICAR herbal paste 3x daily for 5 days. Strip affected quarter completely.,ICAR Formulation: 250g Aloe Vera + 50g Pure Turmeric + 15g Edible Lime (Chuna) ground into paste.
COW-3457,Tulsi,Rathi,3.1,5,225,14.6,14.2,2.6,4.61,4.58,4.57,4.61,4.61,0.04,108787,38.4,6.64,0,0,None,LOW,0,"Routine milking, clean dry udder cloth, post-milking dip (0.5% povidone iodine).",No medication needed. Maintain clean bedding and nutrition.
COW-3458,Nandini,Red Sindhi,3.6,6,245,13.5,13.0,3.6,4.95,4.92,4.87,4.97,4.97,0.1,129330,38.4,6.5,0,0,None,LOW,0,"Routine milking, clean dry udder cloth, post-milking dip (0.5% povidone iodine).",No medication needed. Maintain clean bedding and nutrition.
COW-3459,Kalyani,Gir,7.2,4,30,17.1,8.1,52.9,8.49,8.55,8.18,8.22,8.55,0.37,1407239,39.9,7.36,2,1,Both Hind,HIGH,44234,Urgent: Acute clinical mastitis! Isolate animal immediately. Call government veterinary officer (1962). Administer prescribed veterinary therapy.,Immediate veterinary antibiotic injection + anti-inflammatory + frequent cold water fanning and stripping.
COW-3460,Kamdhenu,Gir,3.3,2,100,14.3,14.2,0.4,4.56,4.44,4.58,4.45,4.58,0.14,127542,38.4,6.61,0,0,None,LOW,0,"Routine milking, clean dry udder cloth, post-milking dip (0.5% povidone iodine).",No medication needed. Maintain clean bedding and nutrition.
COW-3461,Meera,Rathi,5.5,4,33,11.1,10.8,2.5,4.82,4.92,4.89,4.8,4.92,0.12,117968,38.5,6.55,0,0,None,LOW,0,"Routine milking, clean dry udder cloth, post-milking dip (0.5% povidone iodine).",No medication needed. Maintain clean bedding and nutrition.
COW-3462,Gauri,Gir,6.4,5,120,17.2,17.2,0.0,5.07,5.14,5.04,5.05,5.14,0.1,195000,38.3,6.48,0,0,None,LOW,0,"Routine milking, clean dry udder cloth, post-milking dip (0.5% povidone iodine).",No medication needed. Maintain clean bedding and nutrition.
COW-3463,Surabhi,Sahiwal,7.7,3,81,18.4,18.1,1.7,4.74,4.59,4.59,4.76,4.76,0.17,124733,38.4,6.59,0,0,None,LOW,0,"Routine milking, clean dry udder cloth, post-milking dip (0.5% povidone iodine).",No medication needed. Maintain clean bedding and nutrition.
COW-3464,Surabhi,Murrah Buffalo,5.9,2,223,13.8,11.7,15.2,4.95,5.01,6.73,5.01,6.73,1.78,210000,38.5,6.84,0,1,LH,MEDIUM,8036,Subclinical warning in LH quarter. Apply ICAR herbal paste 3x daily for 5 days. Strip affected quarter completely.,ICAR Formulation: 250g Aloe Vera + 50g Pure Turmeric + 15g Edible Lime (Chuna) ground into paste.
COW-3465,Bhavani,HF Cross,4.8,1,254,21.5,5.9,72.6,7.52,7.65,7.69,7.47,7.69,0.22,1247400,40.0,7.05,2,2,LH,HIGH,50591,Urgent: Acute clinical mastitis! Isolate animal immediately. Call government veterinary officer (1962). Administer prescribed veterinary therapy.,Immediate veterinary antibiotic injection + anti-inflammatory + frequent cold water fanning and stripping.
COW-3466,Kalyani,Rathi,4.0,5,183,11.5,9.5,17.5,5.08,5.15,7.25,5.04,7.25,2.21,352997,39.1,6.84,0,1,LH,MEDIUM,8174,Subclinical warning in LH quarter. Apply ICAR herbal paste 3x daily for 5 days. Strip affected quarter completely.,ICAR Formulation: 250g Aloe Vera + 50g Pure Turmeric + 15g Edible Lime (Chuna) ground into paste.
COW-3467,Bhavani,Rathi,5.2,4,277,10.4,3.8,63.3,8.28,8.26,8.64,8.26,8.64,0.38,903384,40.2,7.05,2,1,Both Front,HIGH,44012,Urgent: Acute clinical mastitis! Isolate animal immediately. Call government veterinary officer (1962). Administer prescribed veterinary therapy.,Immediate veterinary antibiotic injection + anti-inflammatory + frequent cold water fanning and stripping.
COW-3468,Surabhi,Rathi,5.9,2,38,11.4,11.3,1.0,4.81,4.72,4.94,4.84,4.94,0.22,167028,38.5,6.47,0,0,None,LOW,0,"Routine milking, clean dry udder cloth, post-milking dip (0.5% povidone iodine).",No medication needed. Maintain clean bedding and nutrition.
COW-3469,Kamdhenu,Sahiwal,6.1,4,166,18.2,8.5,53.5,7.34,7.75,7.66,7.39,7.75,0.41,1362155,40.1,7.21,2,2,LH,HIGH,42112,Urgent: Acute clinical mastitis! Isolate animal immediately. Call government veterinary officer (1962). Administer prescribed veterinary therapy.,Immediate veterinary antibiotic injection + anti-inflammatory + frequent cold water fanning and stripping.
COW-3470,Gauri,Tharparkar,7.1,6,202,15.0,15.0,0.0,4.78,4.6,4.69,4.6,4.78,0.18,87145,38.6,6.54,0,0,None,LOW,0,"Routine milking, clean dry udder cloth, post-milking dip (0.5% povidone iodine).",No medication needed. Maintain clean bedding and nutrition.
COW-3471,Tulsi,Sahiwal,8.9,6,257,17.9,17.2,4.1,4.68,4.57,4.63,4.57,4.68,0.11,117005,38.7,6.56,0,0,None,LOW,0,"Routine milking, clean dry udder cloth, post-milking dip (0.5% povidone iodine).",No medication needed. Maintain clean bedding and nutrition.
COW-3472,Kapila,Gir,5.1,1,142,19.8,19.5,1.4,5.12,4.93,4.9,4.92,5.12,0.22,145013,38.6,6.57,0,0,None,LOW,0,"Routine milking, clean dry udder cloth, post-milking dip (0.5% povidone iodine).",No medication needed. Maintain clean bedding and nutrition.
COW-3473,Gauri,Rathi,5.5,3,245,14.3,6.8,52.2,6.5,6.68,6.36,6.88,6.88,0.52,1107801,40.1,7.33,2,1,RF,HIGH,39675,Urgent: Acute clinical mastitis! Isolate animal immediately. Call government veterinary officer (1962). Administer prescribed veterinary therapy.,Immediate veterinary antibiotic injection + anti-inflammatory + frequent cold water fanning and stripping.
COW-3474,Surabhi,Murrah Buffalo,6.9,2,126,13.9,7.4,46.5,6.35,6.46,6.41,6.41,6.46,0.11,872459,39.8,7.08,2,2,LH,HIGH,38185,Urgent: Acute clinical mastitis! Isolate animal immediately. Call government veterinary officer (1962). Administer prescribed veterinary therapy.,Immediate veterinary antibiotic injection + anti-inflammatory + frequent cold water fanning and stripping.
COW-3475,Surabhi,HF Cross,9.5,2,262,23.4,19.0,18.9,7.21,5.0,4.97,5.06,7.21,2.24,463195,38.9,6.84,0,1,LF,MEDIUM,8203,Subclinical warning in LF quarter. Apply ICAR herbal paste 3x daily for 5 days. Strip affected quarter completely.,ICAR Formulation: 250g Aloe Vera + 50g Pure Turmeric + 15g Edible Lime (Chuna) ground into paste.
COW-3476,Lakshmi,Murrah Buffalo,3.6,5,53,15.2,14.9,1.8,5.09,5.14,4.98,5.14,5.14,0.16,92986,38.6,6.57,0,0,None,LOW,0,"Routine milking, clean dry udder cloth, post-milking dip (0.5% povidone iodine).",No medication needed. Maintain clean bedding and nutrition.
COW-3477,Surabhi,Murrah Buffalo,6.8,1,182,17.1,17.0,0.4,4.88,4.96,4.8,4.81,4.96,0.16,95818,38.5,6.55,0,0,None,LOW,0,"Routine milking, clean dry udder cloth, post-milking dip (0.5% povidone iodine).",No medication needed. Maintain clean bedding and nutrition.
COW-3478,Radha,Sahiwal,4.7,5,111,14.3,8.4,41.4,7.74,7.99,7.89,7.53,7.99,0.46,1456937,39.6,7.33,2,1,LF,HIGH,28877,Urgent: Acute clinical mastitis! Isolate animal immediately. Call government veterinary officer (1962). Administer prescribed veterinary therapy.,Immediate veterinary antibiotic injection + anti-inflammatory + frequent cold water fanning and stripping.
COW-3479,Sita,Red Sindhi,3.6,2,67,12.4,12.3,1.2,4.76,4.58,4.66,4.61,4.76,0.18,153957,38.3,6.53,0,0,None,LOW,0,"Routine milking, clean dry udder cloth, post-milking dip (0.5% povidone iodine).",No medication needed. Maintain clean bedding and nutrition.
COW-3480,Kapila,Sahiwal,9.3,2,34,15.7,15.1,4.1,4.51,4.67,4.48,4.55,4.67,0.19,139871,38.5,6.61,0,0,None,LOW,0,"Routine milking, clean dry udder cloth, post-milking dip (0.5% povidone iodine).",No medication needed. Maintain clean bedding and nutrition.
COW-3481,Nandini,Tharparkar,8.5,2,125,11.2,10.8,4.0,4.71,4.75,4.72,4.64,4.75,0.11,112229,38.2,6.63,0,0,None,LOW,0,"Routine milking, clean dry udder cloth, post-milking dip (0.5% povidone iodine).",No medication needed. Maintain clean bedding and nutrition.
COW-3482,Kapila,Murrah Buffalo,4.8,2,227,14.7,14.7,0.0,4.46,4.57,4.52,4.4,4.57,0.17,143746,38.3,6.57,0,0,None,LOW,0,"Routine milking, clean dry udder cloth, post-milking dip (0.5% povidone iodine).",No medication needed. Maintain clean bedding and nutrition.
COW-3483,Kapila,HF Cross,4.7,1,15,25.1,25.1,0.0,5.05,5.0,4.93,4.95,5.05,0.12,152499,38.2,6.56,0,0,None,LOW,0,"Routine milking, clean dry udder cloth, post-milking dip (0.5% povidone iodine).",No medication needed. Maintain clean bedding and nutrition.
COW-3484,Surabhi,Rathi,2.5,4,50,14.6,4.6,68.4,7.65,7.83,8.12,7.95,8.12,0.47,1244388,40.1,7.28,2,1,LF,HIGH,48179,Urgent: Acute clinical mastitis! Isolate animal immediately. Call government veterinary officer (1962). Administer prescribed veterinary therapy.,Immediate veterinary antibiotic injection + anti-inflammatory + frequent cold water fanning and stripping.
COW-3485,Bhavani,Red Sindhi,3.8,2,130,10.1,4.6,54.7,7.7,7.68,7.84,7.78,7.84,0.16,1207822,39.8,7.34,2,2,LH,HIGH,36268,Urgent: Acute clinical mastitis! Isolate animal immediately. Call government veterinary officer (1962). Administer prescribed veterinary therapy.,Immediate veterinary antibiotic injection + anti-inflammatory + frequent cold water fanning and stripping.
COW-3486,Devi,Tharparkar,6.6,2,86,15.2,12.5,17.5,4.65,6.7,4.65,4.79,6.7,2.05,316586,38.6,7.0,1,0,RF,MEDIUM,8799,Subclinical warning in RF quarter. Apply ICAR herbal paste 3x daily for 5 days. Strip affected quarter completely.,ICAR Formulation: 250g Aloe Vera + 50g Pure Turmeric + 15g Edible Lime (Chuna) ground into paste.
COW-3487,Lakshmi,Sahiwal,7.5,3,47,19.1,16.8,12.3,6.67,4.86,4.95,4.74,6.67,1.93,353350,38.8,6.93,1,1,LF,MEDIUM,7286,Subclinical warning in LF quarter. Apply ICAR herbal paste 3x daily for 5 days. Strip affected quarter completely.,ICAR Formulation: 250g Aloe Vera + 50g Pure Turmeric + 15g Edible Lime (Chuna) ground into paste.
COW-3488,Meera,Sahiwal,9.4,2,133,14.0,14.0,0.0,5.02,4.87,5.02,4.83,5.02,0.19,194463,38.5,6.6,0,0,None,LOW,0,"Routine milking, clean dry udder cloth, post-milking dip (0.5% povidone iodine).",No medication needed. Maintain clean bedding and nutrition.
COW-3489,Sita,Red Sindhi,6.3,3,73,12.4,7.4,40.4,7.37,7.49,7.19,7.57,7.57,0.38,1148482,40.1,7.28,2,2,RF,HIGH,35422,Urgent: Acute clinical mastitis! Isolate animal immediately. Call government veterinary officer (1962). Administer prescribed veterinary therapy.,Immediate veterinary antibiotic injection + anti-inflammatory + frequent cold water fanning and stripping.
COW-3490,Lakshmi,Gir,8.2,3,98,17.3,13.8,20.1,5.26,6.78,5.15,5.12,6.78,1.66,343293,38.9,6.84,1,1,RF,MEDIUM,9618,Subclinical warning in RF quarter. Apply ICAR herbal paste 3x daily for 5 days. Strip affected quarter completely.,ICAR Formulation: 250g Aloe Vera + 50g Pure Turmeric + 15g Edible Lime (Chuna) ground into paste.
COW-3491,Kamdhenu,Tharparkar,5.2,4,203,10.2,8.0,21.8,5.1,5.23,5.19,7.08,7.08,1.98,235248,38.6,6.78,1,1,RH,MEDIUM,10957,Subclinical warning in RH quarter. Apply ICAR herbal paste 3x daily for 5 days. Strip affected quarter completely.,ICAR Formulation: 250g Aloe Vera + 50g Pure Turmeric + 15g Edible Lime (Chuna) ground into paste.
COW-3492,Kalyani,Rathi,3.1,4,108,11.5,9.2,19.8,5.14,4.96,5.04,6.8,6.8,1.84,300243,39.1,6.73,1,0,RH,MEDIUM,9219,Subclinical warning in RH quarter. Apply ICAR herbal paste 3x daily for 5 days. Strip affected quarter completely.,ICAR Formulation: 250g Aloe Vera + 50g Pure Turmeric + 15g Edible Lime (Chuna) ground into paste.
COW-3493,Nandini,HF Cross,7.5,6,163,25.4,9.3,63.2,8.36,8.28,8.66,8.44,8.66,0.38,1074904,40.6,7.21,2,2,RF,HIGH,45640,Urgent: Acute clinical mastitis! Isolate animal immediately. Call government veterinary officer (1962). Administer prescribed veterinary therapy.,Immediate veterinary antibiotic injection + anti-inflammatory + frequent cold water fanning and stripping.
COW-3494,Lakshmi,Rathi,4.3,2,18,12.8,4.0,68.7,7.44,7.48,7.32,7.4,7.48,0.16,1361145,40.1,7.29,2,2,LH,HIGH,42777,Urgent: Acute clinical mastitis! Isolate animal immediately. Call government veterinary officer (1962). Administer prescribed veterinary therapy.,Immediate veterinary antibiotic injection + anti-inflammatory + frequent cold water fanning and stripping.
COW-3495,Bhavani,Sahiwal,9.3,6,208,18.7,14.8,20.6,6.95,4.87,4.62,4.65,6.95,2.33,304006,39.0,6.72,0,1,LF,MEDIUM,10427,Subclinical warning in LF quarter. Apply ICAR herbal paste 3x daily for 5 days. Strip affected quarter completely.,ICAR Formulation: 250g Aloe Vera + 50g Pure Turmeric + 15g Edible Lime (Chuna) ground into paste.
COW-3496,Lakshmi,Rathi,7.0,5,154,15.1,14.5,3.7,4.88,4.7,4.95,4.98,4.98,0.28,117284,38.6,6.61,0,0,None,LOW,0,"Routine milking, clean dry udder cloth, post-milking dip (0.5% povidone iodine).",No medication needed. Maintain clean bedding and nutrition.
COW-3497,Kapila,HF Cross,5.3,2,282,18.2,10.6,41.7,7.85,7.81,7.83,7.83,7.85,0.04,1063141,40.8,7.15,2,2,Both Front,HIGH,38494,Urgent: Acute clinical mastitis! Isolate animal immediately. Call government veterinary officer (1962). Administer prescribed veterinary therapy.,Immediate veterinary antibiotic injection + anti-inflammatory + frequent cold water fanning and stripping.
COW-3498,Kapila,Sahiwal,7.4,5,78,19.3,18.9,2.0,4.82,4.88,4.91,4.96,4.96,0.14,176502,38.7,6.53,0,0,None,LOW,0,"Routine milking, clean dry udder cloth, post-milking dip (0.5% povidone iodine).",No medication needed. Maintain clean bedding and nutrition.
COW-3499,Radha,Tharparkar,2.7,4,242,11.2,11.1,1.0,4.82,4.95,4.91,5.0,5.0,0.18,128206,38.6,6.57,0,0,None,LOW,0,"Routine milking, clean dry udder cloth, post-milking dip (0.5% povidone iodine).",No medication needed. Maintain clean bedding and nutrition.
